age,salary,monthly_expenses,savings,debt,dependents,investment_horizon,risk_score,savings_rate,emergency_fund_months,debt_to_income,profile
56,90309,6190.31,363481,21462,0,36,3,0.177,58.72,0.238,Balanced
69,163518,7793.51,416610,105506,1,38,8,0.428,53.46,0.645,Balanced
46,181805,8623.6,365394,121190,3,7,10,0.431,42.37,0.667,Balanced
32,139156,5142.25,191491,13174,2,5,10,0.557,37.24,0.095,Aggressive
60,96000,4485.49,497574,82719,4,6,6,0.439,110.93,0.862,Conservative
25,199704,13802.7,376216,5611,3,14,10,0.171,27.26,0.028,Aggressive
38,41576,1904.6,240385,112495,0,11,4,0.45,126.21,2.706,Balanced
56,23320,1697.27,265562,22393,3,37,8,0.127,156.46,0.96,Balanced
36,161822,11738.43,112183,136335,0,2,3,0.13,9.56,0.842,Conservative
40,123002,4404.44,288273,143068,1,31,2,0.57,65.45,1.163,Balanced
28,204535,7627.81,17199,141877,4,27,10,0.552,2.25,0.694,Balanced
28,46572,3199.77,375080,76003,0,16,8,0.176,117.22,1.632,Aggressive
41,37948,1789.94,316628,79423,3,2,4,0.434,176.89,2.093,Conservative
70,136528,4009.44,314007,100665,1,26,9,0.648,78.32,0.737,Balanced
53,189898,7922.38,269713,89461,2,16,3,0.499,34.04,0.471,Balanced
57,109051,6167.71,107315,143396,3,9,9,0.321,17.4,1.315,Balanced
41,47867,3149.63,448001,723,4,9,10,0.21,142.24,0.015,Aggressive
20,211303,7454.84,105226,99851,1,5,6,0.577,14.12,0.473,Aggressive
39,217334,7440.03,332707,58323,3,36,5,0.589,44.72,0.268,Aggressive
70,242428,17316.45,281743,129923,0,7,2,0.143,16.27,0.536,Conservative
19,223305,14200.93,451693,144477,0,32,6,0.237,31.81,0.647,Balanced
41,64678,3634.79,16122,126366,0,29,4,0.326,4.44,1.954,Balanced
61,127561,8217.61,419997,132437,3,37,5,0.227,51.11,1.038,Conservative
47,32963,1609.34,302077,57893,4,3,6,0.414,187.7,1.756,Conservative
55,215432,13772.4,40375,27338,0,30,7,0.233,2.93,0.127,Conservative
19,69434,3208.38,212639,69389,3,31,4,0.446,66.28,0.999,Balanced
38,86617,3495.37,392025,135754,3,27,8,0.516,112.16,1.567,Aggressive
50,171341,10722.48,136704,71496,4,6,5,0.249,12.75,0.417,Conservative
29,137569,6658.57,95432,24727,1,29,7,0.419,14.33,0.18,Aggressive
39,227384,16859.72,320660,19882,1,9,6,0.11,19.02,0.087,Balanced
61,117352,5302.52,174811,48232,3,20,5,0.458,32.97,0.411,Balanced
42,99732,7122.11,61391,59556,1,11,7,0.143,8.62,0.597,Balanced
66,127648,9181.4,369610,52137,2,19,4,0.137,40.26,0.408,Balanced
44,101494,4085.3,355987,45054,4,39,7,0.517,87.14,0.444,Aggressive
59,239977,15778.92,40050,88589,3,10,3,0.211,2.54,0.369,Conservative
45,97225,4765.57,117795,93335,1,5,8,0.412,24.72,0.96,Balanced
33,102867,7326.18,249592,36959,1,39,10,0.145,34.07,0.359,Aggressive
32,188600,9391.78,289840,75254,4,23,4,0.402,30.86,0.399,Aggressive
64,98972,6263.01,213101,90633,0,6,4,0.241,34.03,0.916,Conservative
68,216674,10957.06,316493,88437,1,31,1,0.393,28.88,0.408,Balanced
61,116261,4604.81,223066,94058,4,18,8,0.525,48.44,0.809,Balanced
72,110748,4242.04,310002,106513,0,21,5,0.54,73.08,0.962,Balanced
69,184404,8974.13,40013,11672,3,15,9,0.416,4.46,0.063,Balanced
74,144481,9216.95,235510,138246,0,31,3,0.234,25.55,0.957,Conservative
20,242009,13770.1,242443,149175,1,10,5,0.317,17.61,0.616,Balanced
54,149529,9080.72,170600,8061,3,6,4,0.271,18.79,0.054,Balanced
68,230001,9684.57,343125,98162,3,24,7,0.495,35.43,0.427,Balanced
24,220278,11285.38,476821,144337,0,33,10,0.385,42.25,0.655,Aggressive
38,242209,7557.27,89415,111234,3,28,5,0.626,11.83,0.459,Aggressive
26,22251,1482.74,387434,149065,0,28,2,0.2,261.3,6.699,Balanced
56,196789,14668.01,39377,58219,0,10,6,0.106,2.68,0.296,Conservative
35,119108,5695.18,154397,72250,0,23,4,0.426,27.11,0.607,Balanced
21,178099,5284.05,66951,95303,4,15,6,0.644,12.67,0.535,Aggressive
42,117382,4337.13,24348,37877,1,37,1,0.557,5.61,0.323,Balanced
31,237623,14037.38,407385,78285,3,14,1,0.291,29.02,0.329,Conservative
67,29583,1692.75,272519,81424,2,14,4,0.313,160.99,2.752,Balanced
26,70387,4594.66,343033,147092,1,7,7,0.217,74.66,2.09,Balanced
43,43104,1758.77,330605,34821,2,36,7,0.51,187.97,0.808,Balanced
70,32224,2067.7,98476,16025,0,18,1,0.23,47.63,0.497,Conservative
19,80624,4893.82,426909,91551,3,15,5,0.272,87.23,1.136,Balanced
37,207130,9105.92,100591,15431,1,33,6,0.472,11.05,0.074,Aggressive
45,124320,6734.19,494604,41658,2,22,5,0.35,73.45,0.335,Balanced
64,247444,8887.38,234524,116508,2,17,7,0.569,26.39,0.471,Balanced
24,180371,9002.17,17052,56779,2,26,6,0.401,1.89,0.315,Balanced
61,98572,6856.16,164854,35662,1,15,5,0.165,24.04,0.362,Balanced
25,105469,5112.22,167775,82168,4,18,5,0.418,32.82,0.779,Balanced
64,97928,6624.52,391326,138882,0,8,9,0.188,59.07,1.418,Balanced
52,224546,12623.96,234401,51042,3,3,3,0.325,18.57,0.227,Conservative
31,24141,916.42,216108,78186,2,14,9,0.544,235.82,3.239,Aggressive
34,174422,9732.87,96838,126247,1,34,2,0.33,9.95,0.724,Balanced
53,226154,11840.87,76605,52215,2,33,10,0.372,6.47,0.231,Aggressive
67,90871,4310.71,353446,51846,1,37,7,0.431,81.99,0.571,Balanced
57,156149,5410.52,331384,108487,4,1,6,0.584,61.25,0.695,Conservative
21,66015,3186.27,73801,47136,2,35,8,0.421,23.16,0.714,Aggressive
19,222219,7222.48,469948,32548,2,10,9,0.61,65.07,0.146,Aggressive
23,210252,7084.14,418644,122911,3,19,6,0.596,59.1,0.585,Aggressive
71,191929,9256.64,442626,4650,1,11,2,0.421,47.82,0.024,Balanced
59,210912,9103.66,15179,57278,1,35,10,0.482,1.67,0.272,Balanced
21,79902,5719.98,99921,16225,4,2,4,0.141,17.47,0.203,Balanced
71,25577,1186.43,34673,45360,2,3,3,0.443,29.22,1.773,Conservative
46,40002,2556.2,307543,64008,3,15,3,0.233,120.31,1.6,Conservative
35,70711,3780.89,310509,57573,0,28,5,0.358,82.13,0.814,Balanced
43,59451,3652.51,38682,51932,3,2,10,0.263,10.59,0.874,Balanced
61,200175,8224.92,39609,127333,3,30,1,0.507,4.82,0.636,Conservative
51,179719,13000.39,135746,20881,3,38,9,0.132,10.44,0.116,Aggressive
27,54831,2931.4,410777,33557,3,5,4,0.358,140.13,0.612,Balanced
53,116498,7836.71,107546,61324,2,6,7,0.193,13.72,0.526,Balanced
31,148949,6836.45,222503,20841,3,5,7,0.449,32.55,0.14,Balanced
48,115119,3886.38,459465,13475,1,12,7,0.595,118.22,0.117,Balanced
65,86830,5213.72,231542,6671,1,4,5,0.279,44.41,0.077,Conservative
32,100632,2970.89,66024,31764,3,24,4,0.646,22.22,0.316,Aggressive
25,56833,2895.69,193680,137033,1,25,4,0.389,66.89,2.411,Aggressive
31,243936,9270.4,341456,55890,2,26,5,0.544,36.83,0.229,Aggressive
40,44398,2571.59,206193,110352,0,33,6,0.305,80.18,2.486,Balanced
74,81554,6039.62,381586,127808,3,21,10,0.111,63.18,1.567,Balanced
57,70755,3569.72,373216,63884,1,23,7,0.395,104.55,0.903,Balanced
38,168778,11246.58,422197,5155,1,37,5,0.2,37.54,0.031,Aggressive
33,173412,9093.74,52438,129518,2,37,9,0.371,5.77,0.747,Aggressive
62,84994,4410.57,162848,128275,2,12,9,0.377,36.92,1.509,Balanced
35,83884,6023.8,483849,65768,0,37,1,0.138,80.32,0.784,Conservative
64,104361,7300.76,327494,120423,4,21,5,0.161,44.86,1.154,Conservative
70,37482,2443.17,388837,60851,4,13,2,0.218,159.15,1.623,Conservative
41,74225,3172.75,481496,140293,4,33,4,0.487,151.76,1.89,Balanced
43,209921,11366.43,424317,44566,0,6,7,0.35,37.33,0.212,Aggressive
42,94854,3739.96,493281,133783,3,12,10,0.527,131.89,1.41,Aggressive
62,61256,3032.96,50824,143603,4,38,6,0.406,16.76,2.344,Balanced
58,128721,6611.08,152836,141552,4,30,7,0.384,23.12,1.1,Balanced
46,101110,6803.03,342070,12191,1,37,3,0.193,50.28,0.121,Balanced
32,133606,9383.77,440028,3779,1,18,5,0.157,46.89,0.028,Balanced
62,34650,1669.09,43352,71190,3,16,6,0.422,25.97,2.055,Conservative
18,197190,5911.39,441623,110678,2,7,6,0.64,74.71,0.561,Aggressive
42,48930,3359.76,118003,123760,0,1,6,0.176,35.12,2.529,Conservative
24,236779,8797.39,152630,7317,4,28,9,0.554,17.35,0.031,Aggressive
26,120400,6943.42,344301,159,0,3,6,0.308,49.59,0.001,Balanced
41,31801,963.93,366144,125373,1,39,2,0.636,379.85,3.942,Balanced
18,71360,3387.99,299996,57115,0,10,9,0.43,88.55,0.8,Aggressive
61,107908,8023.66,267665,19462,1,14,4,0.108,33.36,0.18,Balanced
25,167631,5662.88,285258,2917,0,15,7,0.595,50.37,0.017,Aggressive
41,52334,2542.7,321775,26125,1,6,6,0.417,126.55,0.499,Balanced
28,33288,1439.52,174522,47277,0,39,9,0.481,121.24,1.42,Aggressive
68,173470,12255.63,111313,14349,4,16,10,0.152,9.08,0.083,Balanced
34,227302,15686.43,174992,60715,4,18,3,0.172,11.16,0.267,Balanced
25,32191,1289.61,3131,7902,3,35,8,0.519,2.43,0.245,Aggressive
52,38051,1251.41,137917,121345,0,25,5,0.605,110.21,3.189,Balanced
52,81715,4732.16,369044,79569,2,33,6,0.305,77.99,0.974,Balanced
50,30737,1370.37,48174,102148,3,33,3,0.465,35.15,3.323,Conservative
22,85140,5105.89,392967,103001,0,19,3,0.28,76.96,1.21,Conservative
59,176323,5402.33,27344,35158,2,38,7,0.632,5.06,0.199,Balanced
56,202047,7128.38,72336,3917,4,11,6,0.577,10.15,0.019,Balanced
58,25147,1524.55,366792,79742,4,39,2,0.272,240.59,3.171,Conservative
45,70508,2742.78,477812,143692,4,3,10,0.533,174.21,2.038,Balanced
24,72224,4945.38,268006,127330,2,38,8,0.178,54.19,1.763,Aggressive
26,39643,1262.71,270741,103246,1,1,5,0.618,214.41,2.604,Balanced
25,58967,2302.24,137171,24691,0,25,7,0.531,59.58,0.419,Aggressive
29,249922,18727.66,222560,70734,3,32,3,0.101,11.88,0.283,Balanced
51,123535,6055.19,178945,26046,3,36,10,0.412,29.55,0.211,Aggressive
50,60733,3728.15,4758,142343,4,4,5,0.263,1.28,2.344,Conservative
65,235075,8824.42,91566,118540,1,23,3,0.55,10.38,0.504,Balanced
72,54808,3130.58,184843,43798,0,16,3,0.315,59.04,0.799,Conservative
40,218360,13635.82,334820,123293,0,11,1,0.251,24.55,0.565,Balanced
41,78959,3441.05,37556,74396,3,22,3,0.477,10.91,0.942,Balanced
54,152921,10269.84,279905,81298,3,39,7,0.194,27.26,0.532,Balanced
52,88178,5010.57,381817,132040,3,33,9,0.318,76.2,1.497,Balanced
61,218208,10256.1,52196,5800,0,38,1,0.436,5.09,0.027,Balanced
57,211812,11591.47,169399,58524,3,13,4,0.343,14.61,0.276,Balanced
39,132255,7353.58,277785,96585,0,21,10,0.333,37.78,0.73,Aggressive
44,106322,3907.73,420468,120279,4,12,7,0.559,107.6,1.131,Balanced
52,64565,3074.92,89584,129925,1,26,6,0.428,29.13,2.012,Balanced
18,171255,7690.59,101404,135891,3,1,4,0.461,13.19,0.794,Balanced
52,21132,1004.64,475154,56784,0,22,3,0.43,472.96,2.687,Conservative
54,189331,12126.82,93719,87175,4,27,6,0.231,7.73,0.46,Balanced
64,247684,12701.98,53180,46935,2,32,4,0.385,4.19,0.189,Balanced
31,83668,6046.23,19292,135070,4,8,5,0.133,3.19,1.614,Conservative
20,189635,8083.54,431344,41750,1,34,2,0.488,53.36,0.22,Aggressive
18,243299,11731.82,371113,136252,4,18,9,0.421,31.63,0.56,Aggressive
22,128835,8404.62,315744,78288,3,4,2,0.217,37.57,0.608,Conservative
43,162003,8779.4,124618,30513,3,1,4,0.35,14.19,0.188,Balanced
72,93169,5053.37,199442,103725,2,16,8,0.349,39.47,1.113,Balanced
31,201711,6376.37,394483,17879,0,30,7,0.621,61.87,0.089,Aggressive
56,209973,9960.24,490896,89898,4,23,4,0.431,49.29,0.428,Balanced
44,120417,5006.37,289636,61833,2,31,8,0.501,57.85,0.513,Aggressive
26,21044,1577.66,391112,14316,3,28,6,0.1,247.91,0.68,Balanced
32,197763,8563.06,30070,5378,0,37,8,0.48,3.51,0.027,Aggressive
32,44363,3092.37,196269,133649,0,16,4,0.164,63.47,3.013,Balanced
43,66694,4012.36,208845,106437,1,9,5,0.278,52.05,1.596,Balanced
59,152654,6837.68,472624,77383,3,2,4,0.462,69.12,0.507,Conservative
30,230982,12491.2,486137,87288,0,2,7,0.351,38.92,0.378,Balanced
68,217916,14751.0,120071,81976,1,32,4,0.188,8.14,0.376,Balanced
49,41301,2876.8,86626,73008,1,16,5,0.164,30.11,1.768,Conservative
56,94329,3444.71,368033,88297,3,13,9,0.562,106.84,0.936,Balanced
66,21620,967.07,324224,83868,0,27,8,0.463,335.26,3.879,Balanced
69,82224,3661.52,263388,82142,0,31,2,0.466,71.93,0.999,Conservative
49,207727,6459.01,224266,94534,4,33,7,0.627,34.72,0.455,Balanced
21,115419,6531.09,152130,37985,0,21,2,0.321,23.29,0.329,Balanced
47,188606,12890.45,190433,144609,1,19,10,0.18,14.77,0.767,Balanced
54,140050,6534.1,294903,42717,2,13,3,0.44,45.13,0.305,Balanced
40,190462,12015.29,248816,140099,3,19,1,0.243,20.71,0.736,Conservative
56,222701,12902.47,415166,133608,2,35,2,0.305,32.18,0.6,Balanced
62,75856,3518.5,319593,2525,0,35,3,0.443,90.83,0.033,Balanced
32,200324,7137.93,168501,140248,1,33,5,0.572,23.61,0.7,Balanced
60,75809,4675.7,47089,70423,2,3,6,0.26,10.07,0.929,Conservative
46,42259,2887.74,258435,89642,3,21,7,0.18,89.49,2.121,Conservative
53,40655,2463.76,337766,80383,4,23,5,0.273,137.09,1.977,Conservative
30,184077,5519.75,394002,76788,2,11,5,0.64,71.38,0.417,Aggressive
49,182701,7139.47,462499,70013,4,4,8,0.531,64.78,0.383,Balanced
24,174682,5651.17,491226,124326,0,4,1,0.612,86.92,0.712,Conservative
68,208256,11518.51,175134,17755,0,15,9,0.336,15.2,0.085,Aggressive
39,41602,2655.81,202207,19608,3,28,3,0.234,76.14,0.471,Balanced
45,105945,3627.01,279031,116562,4,36,6,0.589,76.93,1.1,Balanced
19,162182,10961.96,377009,59843,4,8,4,0.189,34.39,0.369,Balanced
59,157145,8584.44,22819,52513,3,24,2,0.344,2.66,0.334,Conservative
62,120846,7346.26,131983,71640,2,34,6,0.271,17.97,0.593,Balanced
74,100818,7429.2,283373,99446,3,15,10,0.116,38.14,0.986,Balanced
70,161267,5322.14,86147,12726,0,23,8,0.604,16.19,0.079,Aggressive
23,21537,1517.77,374746,6898,4,27,4,0.154,246.91,0.32,Balanced
45,168210,5878.33,278348,83508,1,14,8,0.581,47.35,0.496,Aggressive
45,195400,9218.44,403825,69878,1,2,7,0.434,43.81,0.358,Balanced
61,197274,13452.3,460608,48008,0,35,1,0.182,34.24,0.243,Conservative
61,191236,13521.02,424888,134434,4,7,5,0.152,31.42,0.703,Conservative
37,146545,7675.35,205457,80119,4,16,8,0.371,26.77,0.547,Aggressive
47,109743,6189.12,411700,142176,3,22,6,0.323,66.52,1.296,Balanced
28,205731,12677.85,159032,17628,2,28,9,0.261,12.54,0.086,Aggressive
72,106155,7147.92,122345,77465,3,32,7,0.192,17.12,0.73,Conservative
45,200764,6973.72,130817,92210,1,7,2,0.583,18.76,0.459,Conservative
42,140198,9294.4,432190,109093,4,22,1,0.204,46.5,0.778,Conservative
56,175917,9011.38,44949,144340,2,2,9,0.385,4.99,0.821,Balanced
50,109846,5472.55,120747,87226,3,8,5,0.402,22.06,0.794,Conservative
18,50562,2457.08,138768,95756,2,7,2,0.417,56.48,1.894,Balanced
74,48036,2522.16,480709,64734,1,38,4,0.37,190.59,1.348,Balanced
44,211824,15353.32,314178,141776,2,21,10,0.13,20.46,0.669,Aggressive
74,94233,5116.16,14049,70050,4,22,6,0.348,2.75,0.743,Conservative
69,103049,7507.53,10321,112726,2,35,9,0.126,1.37,1.094,Conservative
30,88681,3319.33,36064,48308,2,18,8,0.551,10.86,0.545,Aggressive
58,47818,2981.75,273717,96428,3,9,6,0.252,91.8,2.017,Conservative
20,181616,12058.27,7782,50420,2,2,4,0.203,0.65,0.278,Conservative
56,82532,4976.14,236827,123819,2,17,10,0.276,47.59,1.5,Balanced
23,229708,13089.67,192718,145912,1,20,5,0.316,14.72,0.635,Aggressive
25,77705,4277.96,412905,100680,2,6,4,0.339,96.52,1.296,Balanced
44,40104,2752.18,496100,24771,3,11,4,0.176,180.26,0.618,Balanced
26,144336,9645.32,372610,19480,3,5,8,0.198,38.63,0.135,Aggressive
54,147904,5142.85,206355,85555,4,10,4,0.583,40.12,0.578,Balanced
50,89603,6098.4,11271,16945,1,23,3,0.183,1.85,0.189,Conservative
68,122499,5897.69,324136,11641,0,33,2,0.422,54.96,0.095,Balanced
59,79025,3223.78,437441,15232,4,36,10,0.51,135.69,0.193,Aggressive
61,247336,17073.87,153806,23255,2,39,1,0.172,9.01,0.094,Conservative
41,52317,2561.85,220854,56173,1,34,5,0.412,86.21,1.074,Balanced
32,182488,12083.76,34596,87891,4,17,4,0.205,2.86,0.482,Conservative
71,193084,7962.66,12736,141140,3,26,10,0.505,1.6,0.731,Conservative
49,125585,3685.51,52044,118785,1,27,9,0.648,14.12,0.946,Aggressive
49,219117,11366.74,298565,108759,1,3,9,0.377,26.27,0.496,Balanced
41,172472,5822.73,287220,45832,2,19,5,0.595,49.33,0.266,Aggressive
58,68270,4351.68,131738,6822,1,8,5,0.235,30.27,0.1,Balanced
69,223141,9331.78,146224,20893,1,17,6,0.498,15.67,0.094,Balanced
66,139415,6901.1,413354,126901,0,1,4,0.406,59.9,0.91,Conservative
66,200905,6661.15,480696,78033,2,7,6,0.602,72.16,0.388,Balanced
69,214716,9083.61,15733,14251,1,36,8,0.492,1.73,0.066,Balanced
29,100206,6511.88,264529,88106,1,3,5,0.22,40.62,0.879,Conservative
56,89468,3231.09,54020,43145,0,19,8,0.567,16.72,0.482,Aggressive
19,210545,12385.97,227472,85480,0,27,8,0.294,18.37,0.406,Aggressive
20,196881,14020.95,211816,71215,3,3,3,0.145,15.11,0.362,Conservative
66,189400,11425.72,499549,39380,2,34,6,0.276,43.72,0.208,Balanced
54,187856,12462.08,99703,21205,0,5,1,0.204,8.0,0.113,Conservative
66,43723,1493.63,428732,56959,1,37,5,0.59,287.04,1.303,Balanced
73,80646,3278.95,110259,66948,0,16,7,0.512,33.63,0.83,Balanced
34,217327,15249.05,200520,106177,4,14,5,0.158,13.15,0.489,Balanced
66,20074,1243.43,458526,74371,3,30,3,0.257,368.76,3.705,Conservative
19,46498,2719.18,143341,59892,3,32,2,0.298,52.71,1.288,Conservative
19,216594,12906.69,475199,145875,2,12,2,0.285,36.82,0.673,Conservative
45,116881,5627.92,436863,78331,3,27,9,0.422,77.62,0.67,Balanced
71,171613,5355.84,138021,126685,2,26,2,0.625,25.77,0.738,Conservative
40,65929,4293.31,435895,112745,4,29,7,0.219,101.53,1.71,Balanced
54,143199,8631.23,233008,146725,1,23,9,0.277,27.0,1.025,Balanced
49,46028,2339.92,106959,103489,4,22,3,0.39,45.71,2.248,Conservative
50,49545,3488.25,270780,20674,2,20,7,0.155,77.63,0.417,Balanced
18,99569,4438.19,230235,42345,2,38,1,0.465,51.88,0.425,Balanced
36,51673,2204.18,334630,39920,2,16,6,0.488,151.82,0.773,Balanced
19,182046,12592.09,305643,18968,1,31,2,0.17,24.27,0.104,Balanced
70,209971,13794.1,90067,83521,2,3,10,0.212,6.53,0.398,Balanced
61,174169,9190.88,293696,112102,4,21,1,0.367,31.96,0.644,Conservative
43,122511,4307.32,454997,119630,1,39,5,0.578,105.63,0.976,Balanced
49,113144,4415.34,405062,54850,4,5,6,0.532,91.74,0.485,Balanced
23,84824,5025.29,189249,17191,1,20,2,0.289,37.66,0.203,Balanced
49,43525,2037.6,277496,109155,2,23,4,0.438,136.19,2.508,Balanced
72,77804,5252.16,378062,122033,1,32,3,0.19,71.98,1.568,Conservative
21,166115,12077.6,335247,106610,0,9,1,0.128,27.76,0.642,Conservative
72,61846,4087.51,425201,117415,4,3,1,0.207,104.02,1.899,Conservative
28,97261,4519.8,206797,97444,0,27,3,0.442,45.75,1.002,Balanced
73,201299,13147.8,477053,45252,0,27,2,0.216,36.28,0.225,Conservative
34,204100,9240.51,368715,94608,2,10,2,0.457,39.9,0.464,Balanced
55,188455,6939.93,24772,143165,2,16,10,0.558,3.57,0.76,Balanced
41,49483,1518.99,397479,73701,0,24,5,0.632,261.67,1.489,Balanced
22,27265,1277.24,59587,113388,1,23,5,0.438,46.65,4.159,Aggressive
69,42763,3018.2,498948,86091,2,9,7,0.153,165.31,2.013,Conservative
51,226724,9096.22,317492,26025,4,2,5,0.519,34.9,0.115,Balanced
23,35733,1380.43,30575,91434,0,6,3,0.536,22.15,2.559,Balanced
39,132196,9731.84,291336,25436,4,37,10,0.117,29.94,0.192,Aggressive
28,111038,3365.86,92585,42690,4,35,6,0.636,27.51,0.384,Aggressive
65,57420,3742.73,329058,4509,4,7,3,0.218,87.92,0.079,Conservative
33,160319,7037.38,160420,38677,0,15,8,0.473,22.8,0.241,Aggressive
50,174912,5402.13,382814,75646,3,21,6,0.629,70.86,0.432,Balanced
26,216221,15401.99,227849,122294,2,38,7,0.145,14.79,0.566,Aggressive
23,41058,1460.31,19768,122697,4,36,3,0.573,13.54,2.988,Balanced
33,54929,2991.24,388531,67050,0,23,7,0.347,129.89,1.221,Balanced
46,235243,9816.1,338967,148867,3,29,9,0.499,34.53,0.633,Balanced
20,242236,7789.02,117485,93148,0,13,8,0.614,15.08,0.385,Aggressive
37,182434,5738.42,173192,40492,2,5,2,0.623,30.18,0.222,Balanced
53,106489,3669.93,490923,135239,0,39,10,0.586,133.77,1.27,Aggressive
36,104664,3395.05,77372,82942,1,39,10,0.611,22.79,0.792,Aggressive
43,198428,12704.47,355918,94739,1,1,2,0.232,28.02,0.477,Conservative
20,97597,5018.61,472739,94784,4,20,7,0.383,94.2,0.971,Balanced
36,26041,1168.79,302783,110267,0,1,10,0.461,259.06,4.234,Balanced
37,98209,4747.61,446853,140376,0,35,4,0.42,94.12,1.429,Balanced
49,213026,15283.21,296681,59289,4,7,9,0.139,19.41,0.278,Balanced
24,212941,15099.53,78934,4808,4,35,6,0.149,5.23,0.023,Balanced
69,172131,10666.7,149250,93991,3,34,9,0.256,13.99,0.546,Balanced
58,119864,8356.27,436767,74369,0,5,3,0.163,52.27,0.62,Conservative
50,195794,8579.15,18641,31897,2,29,6,0.474,2.17,0.163,Balanced
57,168620,7863.46,469408,105037,2,27,6,0.44,59.69,0.623,Balanced
56,166150,9519.59,286804,135979,2,7,8,0.312,30.13,0.818,Balanced
35,156491,9037.28,406551,77214,4,1,7,0.307,44.99,0.493,Balanced
57,186562,9560.29,9883,68761,4,9,3,0.385,1.03,0.369,Conservative
18,227158,10796.85,105382,132086,4,1,1,0.43,9.76,0.581,Conservative
28,135158,10051.24,156136,72304,2,27,2,0.108,15.53,0.535,Balanced
45,209832,14017.09,370193,103762,3,17,10,0.198,26.41,0.495,Balanced
74,181409,8907.77,216333,58884,1,32,2,0.411,24.29,0.325,Balanced
42,21468,1341.77,432200,74398,0,30,1,0.25,322.11,3.466,Conservative
67,44309,1839.78,52056,109265,1,15,4,0.502,28.29,2.466,Balanced
40,217416,7339.48,479198,4942,0,28,6,0.595,65.29,0.023,Aggressive
48,241355,10938.15,421996,62681,4,3,4,0.456,38.58,0.26,Balanced
47,92255,4394.68,174354,101347,2,28,4,0.428,39.67,1.099,Balanced
59,101899,3049.29,444139,7370,1,5,9,0.641,145.65,0.072,Aggressive
52,48718,3240.3,157867,144744,4,2,2,0.202,48.72,2.971,Conservative
24,245409,11197.94,320240,56209,0,38,1,0.452,28.6,0.229,Aggressive
33,188913,10535.52,98736,73905,1,16,7,0.331,9.37,0.391,Aggressive
43,224620,7312.87,376068,139539,1,17,5,0.609,51.43,0.621,Balanced
65,234637,8725.53,232644,46721,1,12,5,0.554,26.66,0.199,Balanced
74,197732,13830.23,360789,85401,1,26,2,0.161,26.09,0.432,Conservative
69,126553,7221.73,245617,11551,1,7,6,0.315,34.01,0.091,Balanced
66,70281,5110.93,337931,42384,4,24,5,0.127,66.12,0.603,Conservative
19,133451,10001.18,450669,54488,0,16,5,0.101,45.06,0.408,Balanced
18,20767,959.65,468180,96953,0,18,6,0.445,487.87,4.669,Balanced
65,154967,6642.17,334322,117648,3,8,2,0.486,50.33,0.759,Conservative
29,78026,5345.4,308599,138969,2,27,5,0.178,57.73,1.781,Balanced
22,138142,10351.86,313724,47604,1,26,1,0.101,30.31,0.345,Balanced
54,62968,3653.73,344437,39819,0,31,8,0.304,94.27,0.632,Aggressive
49,191169,12542.72,196502,108868,2,18,1,0.213,15.67,0.569,Conservative
72,166404,10815.71,416366,118756,2,2,7,0.22,38.5,0.714,Conservative
26,165693,7531.26,366361,140854,4,23,6,0.455,48.65,0.85,Balanced
58,96870,5375.06,416928,30398,1,22,8,0.334,77.57,0.314,Aggressive
52,38174,2570.96,330370,53532,3,33,5,0.192,128.5,1.402,Conservative
36,144357,8763.22,198110,25688,2,18,6,0.272,22.61,0.178,Balanced
65,119189,3591.96,43382,134979,4,15,4,0.638,12.08,1.132,Conservative
33,60502,2698.33,23538,73221,1,3,10,0.465,8.72,1.21,Balanced
20,56674,2028.28,336274,139345,0,23,10,0.571,165.79,2.459,Aggressive
37,57260,2281.5,285095,44666,3,2,1,0.522,124.96,0.78,Conservative
41,193570,13679.26,200860,144550,1,4,7,0.152,14.68,0.747,Conservative
71,218681,6747.97,55852,95980,4,26,2,0.63,8.28,0.439,Conservative
73,200536,7869.21,21021,75553,4,19,1,0.529,2.67,0.377,Conservative
50,91805,3980.23,326952,120557,4,10,1,0.48,82.14,1.313,Conservative
41,215991,12406.64,446570,111925,4,22,1,0.311,35.99,0.518,Balanced
69,205541,11026.52,224876,96215,4,6,2,0.356,20.39,0.468,Conservative
28,37194,1456.91,121131,8273,3,1,1,0.53,83.14,0.222,Balanced
66,177883,6527.31,487662,49245,2,16,4,0.56,74.71,0.277,Balanced
25,92377,3696.92,299850,90106,2,7,10,0.52,81.11,0.975,Aggressive
53,150864,7874.99,332607,39708,0,24,10,0.374,42.24,0.263,Aggressive
55,63723,2650.6,126907,32552,2,35,7,0.501,47.88,0.511,Balanced
57,226307,16429.54,399272,26430,4,14,10,0.129,24.3,0.117,Balanced
37,96298,4856.03,369480,58433,2,4,3,0.395,76.09,0.607,Conservative
52,79238,2524.64,281416,49775,2,15,9,0.618,111.47,0.628,Balanced
65,125433,7851.02,159635,43436,4,23,2,0.249,20.33,0.346,Conservative
42,127092,5622.39,367940,26358,3,19,2,0.469,65.44,0.207,Balanced
52,22147,1309.29,23209,139841,4,14,7,0.291,17.73,6.314,Conservative
42,249991,10494.97,182424,73795,2,27,9,0.496,17.38,0.295,Aggressive
46,58445,3233.51,474571,99819,2,36,6,0.336,146.77,1.708,Balanced
35,204875,13226.11,399099,95265,0,38,1,0.225,30.18,0.465,Balanced
63,212180,15213.39,263877,73728,4,22,6,0.14,17.35,0.347,Balanced
35,126170,5190.0,289790,100502,0,11,4,0.506,55.84,0.797,Balanced
19,153085,6814.47,129705,17285,0,4,5,0.466,19.03,0.113,Balanced
71,105617,5327.91,128943,47361,1,32,4,0.395,24.2,0.448,Balanced
52,233482,16731.83,314094,31347,0,24,3,0.14,18.77,0.134,Balanced
33,73502,5180.44,156285,140058,2,34,2,0.154,30.17,1.905,Conservative
58,137116,4564.06,175330,2066,2,3,2,0.601,38.42,0.015,Conservative
53,57755,2033.75,342969,42779,1,38,10,0.577,168.64,0.741,Aggressive
50,159805,8290.28,200038,57714,1,2,4,0.377,24.13,0.361,Balanced
21,29479,1003.86,471364,84458,4,23,3,0.591,469.55,2.865,Balanced
50,95361,4291.8,275018,102211,1,20,6,0.46,64.08,1.072,Balanced
31,172376,6199.96,51485,56112,3,8,10,0.568,8.3,0.326,Aggressive
38,186766,10891.92,293656,113904,2,35,3,0.3,26.96,0.61,Conservative
65,144232,10483.53,84559,108550,2,3,3,0.128,8.07,0.753,Conservative
37,125586,9400.15,287427,110962,1,32,4,0.102,30.58,0.884,Balanced
73,101171,4690.82,409279,19705,1,31,5,0.444,87.25,0.195,Balanced
25,134151,7595.82,305837,76456,2,31,9,0.321,40.26,0.57,Aggressive
24,106296,7271.95,261704,42125,1,1,5,0.179,35.99,0.396,Balanced
20,160562,5547.47,272686,58852,4,12,1,0.585,49.15,0.367,Balanced
34,172324,10472.42,59531,112053,1,18,9,0.271,5.68,0.65,Balanced
50,157934,7565.88,43663,98226,1,24,2,0.425,5.77,0.622,Conservative
65,89959,3473.77,351000,45536,4,36,4,0.537,101.04,0.506,Balanced
29,161522,7692.68,359432,125138,4,29,10,0.428,46.72,0.775,Aggressive
68,76022,2481.98,395924,102643,4,25,6,0.608,159.52,1.35,Balanced
39,81991,5004.69,237429,115908,2,23,9,0.268,47.44,1.414,Aggressive
72,191999,7824.09,14296,24810,1,3,2,0.511,1.83,0.129,Conservative
39,239162,10389.06,497642,125640,4,30,9,0.479,47.9,0.525,Aggressive
63,69853,2425.03,91462,97894,4,17,9,0.583,37.72,1.401,Balanced
47,51826,3565.47,416386,7388,2,30,1,0.174,116.78,0.143,Balanced
55,62879,3256.05,286964,119280,3,19,6,0.379,88.13,1.897,Balanced
55,208337,11539.8,282718,91631,1,5,6,0.335,24.5,0.44,Balanced
62,92361,5104.39,28431,59247,3,34,9,0.337,5.57,0.641,Balanced
68,97990,4701.65,281637,75962,3,9,6,0.424,59.9,0.775,Conservative
71,109787,4170.91,55830,25394,4,39,2,0.544,13.39,0.231,Balanced
25,237256,15022.71,426707,53269,2,26,8,0.24,28.4,0.225,Aggressive
44,60736,2125.16,277647,67975,1,5,1,0.58,130.65,1.119,Conservative
44,44530,1510.79,179068,10019,1,24,5,0.593,118.53,0.225,Aggressive
51,229124,14140.38,15243,22470,1,31,10,0.259,1.08,0.098,Balanced
38,198130,7675.23,446642,53976,3,24,3,0.535,58.19,0.272,Balanced
47,126080,5450.07,124791,125468,0,21,6,0.481,22.9,0.995,Balanced
50,225166,11471.74,342187,130752,2,22,5,0.389,29.83,0.581,Balanced
45,94255,4690.31,24800,92727,0,38,10,0.403,5.29,0.984,Balanced
64,155958,9613.75,111388,108369,3,22,4,0.26,11.59,0.695,Conservative
50,146598,8464.66,107318,110803,4,21,3,0.307,12.68,0.756,Conservative
22,244793,14369.71,213283,73905,0,30,1,0.296,14.84,0.302,Balanced
65,138623,8579.95,72009,74658,0,10,8,0.257,8.39,0.539,Balanced
36,57387,2443.43,10203,11928,2,3,5,0.489,4.18,0.208,Balanced
21,172647,7586.16,491565,34804,3,39,8,0.473,64.8,0.202,Aggressive
52,132260,6512.69,215578,51243,2,29,9,0.409,33.1,0.387,Aggressive
66,190715,8250.08,488428,121118,4,25,8,0.481,59.2,0.635,Balanced
34,161172,11976.64,196586,127561,1,2,6,0.108,16.41,0.791,Conservative
61,211428,14055.18,220388,130218,3,13,10,0.202,15.68,0.616,Balanced
45,158928,5834.78,352047,122351,4,27,8,0.559,60.34,0.77,Balanced
47,189241,5568.05,434147,144963,4,29,5,0.647,77.97,0.766,Balanced
46,179876,5599.1,56936,109430,0,14,9,0.626,10.17,0.608,Balanced
63,186862,7540.43,284489,7721,2,4,6,0.516,37.73,0.041,Balanced
70,50988,1754.24,82277,72659,0,8,2,0.587,46.9,1.425,Conservative
23,96448,5170.71,35555,125770,0,5,7,0.357,6.88,1.304,Balanced
52,189578,12984.47,402594,20840,1,27,1,0.178,31.01,0.11,Balanced
58,133430,8397.34,10709,132280,2,24,10,0.245,1.28,0.991,Conservative
54,238976,9331.71,59312,149314,1,34,1,0.531,6.36,0.625,Conservative
41,218378,10365.94,94535,1971,4,28,8,0.43,9.12,0.009,Aggressive
46,163377,8568.33,365783,29795,1,24,5,0.371,42.69,0.182,Aggressive
66,161041,10677.2,255448,99417,4,5,10,0.204,23.92,0.617,Conservative
63,32404,2191.37,363482,132055,0,13,9,0.188,165.87,4.075,Balanced
70,160061,11342.26,142576,142574,1,18,6,0.15,12.57,0.891,Conservative
48,216377,11361.32,251790,109267,2,17,1,0.37,22.16,0.505,Balanced
52,187055,11408.03,358767,126032,1,30,6,0.268,31.45,0.674,Balanced
50,190534,6533.57,427106,141426,4,38,1,0.589,65.37,0.742,Conservative
69,39360,2167.78,28900,96515,3,19,5,0.339,13.33,2.452,Conservative
38,105657,4285.98,339155,42769,2,22,3,0.513,79.13,0.405,Balanced
49,177359,8682.38,78621,52084,4,18,10,0.413,9.06,0.294,Aggressive
40,216544,12608.78,116263,41250,3,26,10,0.301,9.22,0.19,Aggressive
50,212385,8696.14,138448,111133,2,15,9,0.509,15.92,0.523,Aggressive
20,54160,1709.21,441820,105534,3,28,1,0.621,258.49,1.949,Balanced
35,26789,793.91,385827,148403,0,30,6,0.644,485.98,5.54,Balanced
42,178253,5380.09,472851,76255,0,28,3,0.638,87.89,0.428,Balanced
59,165457,4889.15,353419,99652,1,20,9,0.645,72.29,0.602,Aggressive
48,102597,3511.34,306550,8572,1,4,2,0.589,87.3,0.084,Conservative
71,85641,3437.91,120425,9896,1,4,7,0.518,35.03,0.116,Balanced
20,64247,2525.29,20878,33077,1,37,9,0.528,8.27,0.515,Aggressive
57,106673,7935.92,27068,75226,3,15,3,0.107,3.41,0.705,Conservative
63,25544,1103.3,257947,46221,2,34,3,0.482,233.8,1.809,Conservative
41,164347,5753.26,359690,41620,2,11,3,0.58,62.52,0.253,Balanced
67,83248,4509.68,494714,85367,1,23,1,0.35,109.7,1.025,Conservative
49,54550,3736.11,217796,116961,0,35,9,0.178,58.29,2.144,Balanced
64,73693,4439.59,249458,91609,4,35,9,0.277,56.19,1.243,Balanced
39,148924,6364.58,87832,141336,1,11,6,0.487,13.8,0.949,Balanced
40,170713,9373.41,107514,16049,1,2,9,0.341,11.47,0.094,Aggressive
19,222821,13799.5,31296,80379,0,15,9,0.257,2.27,0.361,Balanced
44,100021,6255.13,480069,29236,4,28,1,0.25,76.75,0.292,Balanced
59,35605,2126.2,195922,10142,3,31,3,0.283,92.15,0.285,Conservative
19,70713,4884.77,55561,28498,3,32,3,0.171,11.37,0.403,Balanced
43,171462,11838.85,76097,40348,4,34,1,0.171,6.43,0.235,Balanced
34,95403,5314.07,24901,27524,4,22,6,0.332,4.69,0.289,Aggressive
57,78466,3834.51,135382,146370,3,29,4,0.414,35.31,1.865,Balanced
50,23981,1404.61,361860,143207,1,8,8,0.297,257.62,5.972,Balanced
26,160565,10704.56,352006,120138,1,22,6,0.2,32.88,0.748,Balanced
60,222290,6541.04,5402,72916,0,12,4,0.647,0.83,0.328,Conservative
71,222390,16597.68,255767,98002,4,23,5,0.104,15.41,0.441,Balanced
65,135631,5092.85,194306,36788,1,38,2,0.549,38.15,0.271,Balanced
56,139238,7062.12,262066,62015,1,2,10,0.391,37.11,0.445,Balanced
46,115335,7973.65,347792,136715,0,12,1,0.17,43.62,1.185,Conservative
59,127441,5031.5,312367,50094,4,21,7,0.526,62.08,0.393,Balanced
72,36984,1886.92,323243,147801,0,12,10,0.388,171.31,3.996,Balanced
43,145580,5130.73,207771,53046,0,31,3,0.577,40.5,0.364,Balanced
52,131316,6207.88,276611,126199,3,9,3,0.433,44.56,0.961,Conservative
67,173832,6481.39,375956,84058,0,15,6,0.553,58.01,0.484,Balanced
42,242601,11119.12,172108,86309,4,32,3,0.45,15.48,0.356,Balanced
41,152596,7062.72,136707,11804,1,9,7,0.445,19.36,0.077,Aggressive
30,138454,10340.71,325009,138888,1,24,7,0.104,31.43,1.003,Balanced
24,69402,5188.65,80108,143004,3,8,5,0.103,15.44,2.061,Balanced
74,111656,3844.06,348597,83030,4,28,1,0.587,90.68,0.744,Conservative
53,85614,5345.76,378971,95725,1,18,9,0.251,70.89,1.118,Balanced
62,186963,5896.5,334623,96441,0,37,2,0.622,56.75,0.516,Balanced
37,111009,3391.38,103646,6487,2,36,4,0.633,30.56,0.058,Aggressive
18,190904,6489.68,415641,148276,2,37,10,0.592,64.05,0.777,Aggressive
25,65836,4833.55,227110,5988,2,32,10,0.119,46.99,0.091,Aggressive
63,225025,16266.96,102831,27364,2,21,2,0.133,6.32,0.122,Conservative
33,164434,6257.54,31493,21048,0,39,1,0.543,5.03,0.128,Balanced
31,217817,7967.02,197368,138165,1,29,1,0.561,24.77,0.634,Balanced
29,188993,7595.85,128738,83483,3,18,1,0.518,16.95,0.442,Balanced
68,221506,11694.61,337307,29196,0,23,7,0.366,28.84,0.132,Balanced
40,169634,9377.05,248057,22727,1,33,9,0.337,26.45,0.134,Aggressive
32,215582,8477.34,49983,34607,4,9,1,0.528,5.9,0.161,Balanced
45,151049,9643.76,234086,44312,1,38,10,0.234,24.27,0.293,Aggressive
51,96407,4179.68,156415,40769,1,4,6,0.48,37.42,0.423,Balanced
19,27610,1972.21,117247,130205,1,16,5,0.143,59.45,4.716,Balanced
49,129381,7667.95,492092,140647,0,3,3,0.289,64.18,1.087,Conservative
40,243990,11996.04,38379,141736,1,8,2,0.41,3.2,0.581,Balanced
39,35791,2339.69,462173,80650,1,16,2,0.216,197.54,2.253,Conservative
68,78047,5202.18,240521,87060,4,2,2,0.2,46.23,1.115,Conservative
42,218978,9302.27,266532,76695,4,19,7,0.49,28.65,0.35,Balanced
39,170737,7638.25,328357,144371,2,24,4,0.463,42.99,0.846,Balanced
39,90246,6503.54,444867,127325,0,16,7,0.135,68.4,1.411,Balanced
66,216936,7965.3,386469,41397,1,2,10,0.559,48.52,0.191,Balanced
69,197523,6142.68,270070,108065,2,32,1,0.627,43.97,0.547,Balanced
59,106148,5305.02,70531,65498,2,1,10,0.4,13.3,0.617,Balanced
23,65890,4341.41,230145,128451,0,18,4,0.209,53.01,1.949,Balanced
32,157866,10187.85,272691,108114,2,39,9,0.226,26.77,0.685,Aggressive
71,52888,3771.54,149611,44572,2,32,7,0.144,39.67,0.843,Conservative
60,157821,8460.0,192668,147847,0,9,10,0.357,22.77,0.937,Balanced
54,66531,2245.62,429017,35389,3,3,6,0.595,191.05,0.532,Conservative
50,135652,7616.62,442423,137248,2,24,7,0.326,58.09,1.012,Balanced
25,40608,2633.15,438830,48263,4,11,2,0.222,166.66,1.189,Conservative
70,100986,3377.4,284010,140184,2,28,1,0.599,84.09,1.388,Conservative
61,220283,8168.12,414461,19984,0,16,10,0.555,50.74,0.091,Aggressive
61,103996,3091.8,436798,70044,0,29,9,0.643,141.28,0.674,Balanced
22,76017,4285.51,186842,56806,3,12,2,0.323,43.6,0.747,Balanced
56,77676,5422.46,142925,24269,3,4,2,0.162,26.36,0.312,Conservative
21,31560,1890.61,287724,65796,4,26,3,0.281,152.19,2.085,Conservative
23,205473,15241.34,19288,137905,4,4,3,0.11,1.27,0.671,Conservative
62,70468,2258.9,428685,9527,2,11,3,0.615,189.78,0.135,Balanced
49,183535,12949.17,448887,137016,3,2,4,0.153,34.67,0.747,Conservative
69,182735,12147.88,323277,88795,4,31,1,0.202,26.61,0.486,Conservative
47,219778,9575.6,390105,121516,2,3,1,0.477,40.74,0.553,Conservative
64,209845,15483.76,137231,97095,1,25,4,0.115,8.86,0.463,Balanced
52,53123,2250.49,296565,33102,2,34,1,0.492,131.78,0.623,Conservative
72,114346,7995.81,135733,138741,4,1,4,0.161,16.98,1.213,Conservative
57,160790,11180.42,147075,101083,2,5,2,0.166,13.15,0.629,Conservative
69,213709,13654.43,224111,25379,1,39,7,0.233,16.41,0.119,Balanced
33,20028,1101.39,287626,117125,4,31,6,0.34,261.15,5.848,Balanced
30,213442,7399.35,331658,19191,2,36,2,0.584,44.82,0.09,Balanced
67,67599,3619.84,487872,144331,4,3,2,0.357,134.78,2.135,Conservative
59,168469,7668.68,187482,35931,2,38,1,0.454,24.45,0.213,Balanced
47,65406,4282.56,53132,74630,0,12,4,0.214,12.41,1.141,Conservative
36,67657,4324.25,494381,11624,4,16,2,0.233,114.33,0.172,Balanced
34,87560,6208.27,158744,124148,4,8,5,0.149,25.57,1.418,Conservative
73,124143,3705.22,120556,32791,4,11,4,0.642,32.54,0.264,Balanced
36,164575,10903.19,338340,4652,4,14,1,0.205,31.03,0.028,Balanced
45,74943,5409.35,189376,35516,2,27,5,0.134,35.01,0.474,Balanced
72,95839,6262.4,101250,117138,3,18,5,0.216,16.17,1.222,Conservative
43,102674,3607.34,471183,8095,2,8,5,0.578,130.62,0.079,Aggressive
54,45345,1491.49,228278,8095,1,33,2,0.605,153.05,0.179,Balanced
43,70390,2120.29,490442,76216,0,4,4,0.639,231.31,1.083,Balanced
70,246113,14270.65,456823,106387,2,30,5,0.304,32.01,0.432,Balanced
40,79557,4616.43,321570,26333,2,20,6,0.304,69.66,0.331,Aggressive
26,216126,16079.82,73637,144241,4,30,7,0.107,4.58,0.667,Balanced
29,21906,1038.57,497071,90075,1,27,10,0.431,478.61,4.112,Aggressive
70,191239,8487.0,69553,130399,4,25,3,0.467,8.2,0.682,Conservative
18,27961,1615.76,332982,105373,4,6,3,0.307,206.08,3.769,Conservative
18,177212,11874.46,373338,59222,3,5,10,0.196,31.44,0.334,Aggressive
64,139289,10043.03,346939,149988,0,14,2,0.135,34.55,1.077,Conservative
51,209773,13840.09,467102,126394,3,14,9,0.208,33.75,0.603,Balanced
49,97567,4753.71,138316,38105,4,34,1,0.415,29.1,0.391,Balanced
71,100664,5865.38,88809,69309,0,25,3,0.301,15.14,0.689,Conservative
65,101199,6923.4,376365,59422,2,39,3,0.179,54.36,0.587,Conservative
42,119764,6186.16,465500,21045,1,18,8,0.38,75.25,0.176,Aggressive
57,232290,9082.11,453799,17061,3,20,6,0.531,49.97,0.073,Balanced
62,142357,5259.47,50623,35742,1,8,3,0.557,9.63,0.251,Conservative
70,100729,2938.66,376376,24860,4,26,1,0.65,128.08,0.247,Balanced
18,179633,11152.68,73172,39212,0,21,3,0.255,6.56,0.218,Balanced
33,70568,2417.56,436001,18224,2,27,4,0.589,180.35,0.258,Aggressive
56,129349,5218.28,189068,67414,0,32,1,0.516,36.23,0.521,Balanced
22,93302,3995.13,208908,104593,1,17,3,0.486,52.29,1.121,Balanced
39,246452,13518.08,250220,28538,1,1,4,0.342,18.51,0.116,Balanced
46,114968,5450.22,257558,89139,2,27,7,0.431,47.26,0.775,Balanced
72,180576,10850.67,456112,146109,2,36,4,0.279,42.04,0.809,Conservative
20,136116,4317.16,52738,126039,0,11,1,0.619,12.22,0.926,Balanced
29,57146,1991.38,276061,11690,3,35,9,0.582,138.63,0.205,Aggressive
43,60297,3138.29,353485,10323,0,38,6,0.375,112.64,0.171,Aggressive
33,106394,4746.33,495987,134386,1,38,9,0.465,104.5,1.263,Aggressive
68,147173,6287.93,438845,34146,0,36,7,0.487,69.79,0.232,Balanced
54,145942,4704.99,300363,145428,4,10,4,0.613,63.84,0.996,Balanced
39,219679,15425.96,4502,76805,0,1,1,0.157,0.29,0.35,Conservative
74,36939,2248.66,133904,136412,0,22,7,0.269,59.55,3.693,Conservative
46,241539,8391.27,288793,44852,4,17,9,0.583,34.42,0.186,Aggressive
31,201787,6487.04,241336,62550,1,12,6,0.614,37.2,0.31,Aggressive
45,64460,4760.26,201483,98756,2,13,1,0.114,42.33,1.532,Conservative
22,217648,13143.13,357638,392,0,25,9,0.275,27.21,0.002,Aggressive
64,219294,10591.92,361633,71007,3,26,7,0.42,34.14,0.324,Balanced
66,163738,10041.94,86308,50421,2,39,1,0.264,8.59,0.308,Conservative
47,82119,5241.81,321567,139209,3,33,4,0.234,61.35,1.695,Conservative
63,186393,12099.69,17852,13997,0,8,5,0.221,1.48,0.075,Conservative
69,152851,7806.01,61581,84970,3,13,2,0.387,7.89,0.556,Conservative
22,164258,8027.23,253580,121968,2,26,3,0.414,31.59,0.743,Balanced
29,167531,4971.0,457494,30278,3,17,2,0.644,92.03,0.181,Balanced
33,237318,17000.01,199141,141469,3,24,4,0.14,11.71,0.596,Balanced
43,238827,13569.74,499095,4794,2,24,7,0.318,36.78,0.02,Aggressive
43,25057,964.14,22145,89330,2,12,5,0.538,22.97,3.565,Balanced
65,211735,15099.91,25843,129057,2,31,7,0.144,1.71,0.61,Conservative
38,169805,12073.31,263289,71899,2,16,1,0.147,21.81,0.423,Balanced
56,39157,2917.36,294419,139151,4,16,3,0.106,100.92,3.554,Conservative
53,55030,3809.59,4621,119718,0,30,2,0.169,1.21,2.176,Conservative
50,170685,12784.04,260482,77568,2,28,1,0.101,20.38,0.454,Conservative
47,128612,5193.54,326386,67041,1,3,5,0.515,62.84,0.521,Balanced
54,135080,9154.34,467364,9448,3,33,3,0.187,51.05,0.07,Conservative
40,103028,6891.42,260306,78776,2,24,8,0.197,37.77,0.765,Aggressive
27,237354,9435.16,271915,119028,2,30,5,0.523,28.82,0.501,Aggressive
71,156260,5262.58,432920,96275,0,28,5,0.596,82.26,0.616,Balanced
22,49680,3679.14,156784,53673,2,39,7,0.111,42.61,1.08,Balanced
53,211191,9025.13,373465,19431,4,2,8,0.487,41.38,0.092,Balanced
51,122302,8448.93,338472,67655,1,13,1,0.171,40.06,0.553,Conservative
69,225472,6618.92,417197,118433,1,37,5,0.648,63.03,0.525,Balanced
48,206790,6230.65,497606,177,2,10,9,0.638,79.86,0.001,Aggressive
27,56445,2851.55,487745,112490,0,13,9,0.394,171.05,1.993,Aggressive
36,25796,1034.62,95511,10226,2,19,7,0.519,92.32,0.396,Aggressive
49,67218,4085.81,460120,118254,3,6,4,0.271,112.61,1.759,Conservative
18,190203,10477.97,39182,12231,1,18,2,0.339,3.74,0.064,Balanced
73,159195,5208.56,455157,79670,3,9,5,0.607,87.39,0.5,Balanced
22,159294,5833.42,74249,14082,4,17,4,0.561,12.73,0.088,Aggressive
62,44074,2069.37,453685,147247,1,4,1,0.437,219.24,3.341,Conservative
21,136088,5126.91,219847,145205,1,6,7,0.548,42.88,1.067,Balanced
33,180897,11844.57,327391,114672,4,11,3,0.214,27.64,0.634,Conservative
41,56839,2741.72,2403,116315,3,26,6,0.421,0.88,2.046,Conservative
33,127112,4251.76,166916,122511,2,11,5,0.599,39.26,0.964,Balanced
72,147514,7577.16,102913,14837,0,8,4,0.384,13.58,0.101,Balanced
19,88322,2943.78,349178,141618,3,3,3,0.6,118.62,1.603,Conservative
66,76321,2677.06,123202,141820,4,2,9,0.579,46.02,1.858,Conservative
45,130100,5223.36,249553,67089,4,18,5,0.518,47.78,0.516,Balanced
49,177060,12139.53,280963,2469,4,2,10,0.177,23.14,0.014,Balanced
44,55507,3971.23,361563,49067,1,26,7,0.141,91.05,0.884,Balanced
37,119244,7993.74,153013,132546,2,12,4,0.196,19.14,1.112,Balanced
41,249716,11107.0,338822,48554,1,37,1,0.466,30.51,0.194,Balanced
29,145788,6072.62,471028,22861,1,26,2,0.5,77.57,0.157,Aggressive
67,115251,6262.31,156434,33105,1,36,10,0.348,24.98,0.287,Aggressive
52,43806,2726.99,424819,109655,4,16,5,0.253,155.78,2.503,Conservative
50,150364,11231.63,143082,129701,3,14,8,0.104,12.74,0.863,Balanced
50,56901,2002.74,166263,99597,0,2,8,0.578,83.02,1.75,Balanced
68,168115,5283.16,472654,71500,0,21,8,0.623,89.46,0.425,Aggressive
60,226833,13834.84,334635,119645,2,7,9,0.268,24.19,0.527,Balanced
54,160824,10825.12,171944,72100,2,11,2,0.192,15.88,0.448,Conservative
29,220065,14955.1,238028,1336,4,29,4,0.185,15.92,0.006,Aggressive
20,193688,11672.2,68809,43316,0,37,10,0.277,5.9,0.224,Aggressive
18,72127,5257.51,174622,34435,3,39,6,0.125,33.21,0.477,Balanced
50,225849,11876.88,251453,116513,4,28,6,0.369,21.17,0.516,Balanced
57,20453,1453.18,27877,94142,2,4,5,0.147,19.18,4.603,Conservative
27,95432,7016.61,320980,66748,4,4,2,0.118,45.75,0.699,Conservative
60,142872,9714.54,337956,2768,2,27,8,0.184,34.79,0.019,Aggressive
61,107362,4655.64,248163,95273,0,6,1,0.48,53.3,0.887,Conservative
46,30976,1182.04,451935,27634,4,34,1,0.542,382.33,0.892,Conservative
30,134176,7284.26,491311,54928,1,18,1,0.349,67.45,0.409,Balanced
29,119122,5947.74,357585,36444,2,30,9,0.401,60.12,0.306,Aggressive
48,90404,6273.79,321873,126486,1,33,5,0.167,51.3,1.399,Balanced
63,101932,3440.35,66179,18211,2,20,2,0.595,19.24,0.179,Balanced
19,117170,4801.6,450364,54711,1,36,1,0.508,93.79,0.467,Balanced
68,97707,6216.52,288342,102992,0,5,4,0.237,46.38,1.054,Conservative
67,240719,8068.95,410799,70047,0,35,2,0.598,50.91,0.291,Balanced
52,184760,8105.12,45669,83992,3,19,3,0.474,5.63,0.455,Conservative
40,237912,11160.76,416418,88690,3,12,2,0.437,37.31,0.373,Balanced
34,113789,6565.88,361218,94301,3,26,8,0.308,55.01,0.829,Aggressive
43,116516,4242.86,303666,111770,4,19,3,0.563,71.57,0.959,Conservative
25,153089,10503.6,67043,119646,2,11,2,0.177,6.38,0.782,Conservative
46,27957,1388.88,355599,33452,4,20,6,0.404,256.03,1.197,Balanced
43,127724,9093.54,109268,128013,3,9,7,0.146,12.02,1.002,Conservative
27,155864,7888.39,207282,8532,2,20,9,0.393,26.28,0.055,Aggressive
43,207054,8649.2,359060,12891,4,27,10,0.499,41.51,0.062,Aggressive
51,33237,1185.47,400919,63246,0,5,4,0.572,338.19,1.903,Balanced
68,71586,2100.21,191344,33501,2,10,5,0.648,91.11,0.468,Balanced
58,232859,12471.28,299136,1496,3,9,6,0.357,23.99,0.006,Balanced
24,39252,1337.63,357169,15154,0,25,3,0.591,267.02,0.386,Balanced
21,161779,7623.16,224439,76682,2,13,3,0.435,29.44,0.474,Balanced
70,185278,10407.98,110730,58475,4,32,3,0.326,10.64,0.316,Conservative
67,245348,10256.1,351163,136522,3,8,5,0.498,34.24,0.556,Balanced
62,23543,875.75,321280,46791,4,27,6,0.554,366.86,1.987,Balanced
28,195207,12624.96,56139,27289,0,22,9,0.224,4.45,0.14,Aggressive
46,124647,9044.54,488987,43439,0,28,9,0.129,54.06,0.348,Aggressive
73,55031,1858.41,41185,83339,0,18,5,0.595,22.16,1.514,Balanced
53,194001,7041.83,218001,10181,2,23,8,0.564,30.96,0.052,Aggressive
42,85747,6273.87,278383,98252,3,31,7,0.122,44.37,1.146,Balanced
38,208923,6455.4,423633,28395,0,34,4,0.629,65.62,0.136,Aggressive
74,75311,5571.12,21204,79036,4,7,1,0.112,3.81,1.049,Conservative
53,85867,2522.73,358332,35158,3,5,3,0.647,142.04,0.409,Conservative
27,108780,7528.64,452237,66920,4,21,10,0.169,60.07,0.615,Aggressive
54,77196,3338.91,310027,149612,4,6,5,0.481,92.85,1.938,Conservative
26,93705,6764.13,497492,111440,0,35,10,0.134,73.55,1.189,Aggressive
41,77894,3403.45,204314,135468,3,23,3,0.476,60.03,1.739,Balanced
52,107640,6367.52,220364,132463,1,3,4,0.29,34.61,1.231,Conservative
66,34591,1135.79,24807,119488,2,33,9,0.606,21.84,3.454,Balanced
52,117247,4721.94,267360,16652,1,38,9,0.517,56.62,0.142,Aggressive
65,199965,12923.13,449986,85837,2,23,9,0.224,34.82,0.429,Balanced
53,20727,1106.78,101424,9716,3,16,9,0.359,91.64,0.469,Aggressive
35,172431,12363.06,412636,15568,0,25,1,0.14,33.38,0.09,Balanced
66,63822,3115.65,431587,139741,3,16,9,0.414,138.52,2.19,Balanced
56,123399,8518.61,43428,49390,1,25,2,0.172,5.1,0.4,Conservative
49,132113,6571.8,482716,79792,4,7,8,0.403,73.45,0.604,Balanced
41,239606,17742.56,497337,130489,2,8,9,0.111,28.03,0.545,Aggressive
40,150431,11005.39,276231,24152,2,3,8,0.122,25.1,0.161,Balanced
49,162001,7168.88,263839,145506,1,5,9,0.469,36.8,0.898,Balanced
54,148588,10367.21,388355,27973,0,19,5,0.163,37.46,0.188,Balanced
29,80091,5447.43,418799,111036,3,7,10,0.184,76.88,1.386,Balanced
66,231450,8985.55,246664,120473,1,22,7,0.534,27.45,0.521,Balanced
72,174591,10087.86,378626,37861,3,26,3,0.307,37.53,0.217,Balanced
30,168465,5474.77,154010,137510,0,25,4,0.61,28.13,0.816,Balanced
40,185390,12516.77,20509,143801,4,6,4,0.19,1.64,0.776,Conservative
42,225603,8384.92,106672,88094,3,5,10,0.554,12.72,0.39,Aggressive
52,114192,3701.23,363767,91266,0,38,4,0.611,98.28,0.799,Balanced
58,199006,9454.78,480395,42711,1,38,8,0.43,50.81,0.215,Aggressive
47,130805,7273.93,260726,126478,4,22,2,0.333,35.84,0.967,Conservative
34,232175,15869.24,252005,92597,4,31,2,0.18,15.88,0.399,Balanced
66,179912,13281.0,276340,100637,4,22,5,0.114,20.81,0.559,Balanced
37,138089,6809.18,391377,102690,2,11,6,0.408,57.48,0.744,Balanced
65,109367,3492.87,8064,78191,0,32,4,0.617,2.31,0.715,Conservative
42,33265,2112.37,4137,86501,3,17,7,0.238,1.96,2.6,Conservative
39,156496,8618.3,231749,81852,1,22,10,0.339,26.89,0.523,Aggressive
30,171697,8532.49,456475,145244,4,16,4,0.404,53.5,0.846,Balanced
36,99622,4317.77,149362,120574,4,15,8,0.48,34.59,1.21,Aggressive
66,180259,9408.31,94195,146601,4,8,2,0.374,10.01,0.813,Conservative
53,55929,2499.44,202622,73590,0,3,10,0.464,81.07,1.316,Balanced
29,81892,5229.87,231453,105218,1,13,4,0.234,44.26,1.285,Balanced
58,171611,9283.32,188496,40281,0,30,7,0.351,20.3,0.235,Aggressive
36,76630,5314.71,218871,73805,1,28,5,0.168,41.18,0.963,Balanced
29,241711,13071.51,275212,76626,3,9,10,0.351,21.05,0.317,Aggressive
26,244482,9800.56,94039,58235,2,12,2,0.519,9.6,0.238,Balanced
24,160287,10927.57,261015,86676,1,25,3,0.182,23.89,0.541,Balanced
45,190457,10419.12,333491,12876,0,37,4,0.344,32.01,0.068,Aggressive
31,151025,5836.65,42096,56680,0,21,5,0.536,7.21,0.375,Aggressive
48,107580,6212.11,300959,146169,0,39,7,0.307,48.45,1.359,Balanced
69,97462,4440.57,17691,133931,2,39,3,0.453,3.98,1.374,Conservative
36,133396,9053.4,117583,24877,1,19,9,0.186,12.99,0.186,Aggressive
64,117037,5845.17,283552,145700,1,8,10,0.401,48.51,1.245,Balanced
33,115310,7202.48,132987,78117,1,38,3,0.25,18.46,0.677,Conservative
70,176080,5906.68,40776,139372,1,3,5,0.597,6.9,0.792,Conservative
22,68928,3261.52,48150,2412,4,22,5,0.432,14.76,0.035,Aggressive
52,234168,17382.74,64927,100951,4,1,7,0.109,3.74,0.431,Conservative
29,109876,7276.11,84869,92837,0,38,6,0.205,11.66,0.845,Balanced
42,44976,1641.5,146978,134410,4,19,3,0.562,89.54,2.988,Conservative
69,144984,6074.47,423052,59484,1,21,1,0.497,69.64,0.41,Balanced
38,178698,7913.32,95457,5804,1,13,6,0.469,12.06,0.032,Aggressive
53,118256,6974.16,233372,121919,4,27,6,0.292,33.46,1.031,Conservative
70,120537,7697.77,339960,53675,3,17,4,0.234,44.16,0.445,Conservative
40,210861,13393.88,40371,94845,0,20,2,0.238,3.01,0.45,Balanced
33,155772,8183.62,274865,85733,2,30,9,0.37,33.59,0.55,Aggressive
74,129331,8578.43,21616,12392,0,38,6,0.204,2.52,0.096,Conservative
56,214717,10563.95,433506,75984,0,11,1,0.41,41.04,0.354,Balanced
62,224468,7821.48,237371,65263,0,27,8,0.582,30.35,0.291,Aggressive
70,27526,1514.95,473674,27097,4,38,10,0.34,312.67,0.984,Balanced
59,123863,9018.94,41974,101721,0,28,7,0.126,4.65,0.821,Conservative
56,190572,12484.79,218591,147467,1,26,6,0.214,17.51,0.774,Balanced
31,219121,12202.95,40600,62088,0,39,1,0.332,3.33,0.283,Balanced
48,93366,5491.03,118482,60610,1,33,10,0.294,21.58,0.649,Balanced
22,231389,16617.76,249168,17258,4,32,5,0.138,14.99,0.075,Aggressive
52,210189,10257.02,268060,138375,4,25,4,0.414,26.13,0.658,Balanced
40,76096,3375.28,15751,12177,0,24,7,0.468,4.67,0.16,Aggressive
46,158982,11757.82,420790,144819,1,27,2,0.113,35.79,0.911,Conservative
60,232455,15979.22,459163,97318,1,22,1,0.175,28.74,0.419,Conservative
28,91185,4009.66,451400,21823,1,20,7,0.472,112.58,0.239,Aggressive
35,70248,3542.13,243648,105312,1,33,8,0.395,68.79,1.499,Aggressive
64,225728,10878.08,259963,78812,2,5,5,0.422,23.9,0.349,Balanced
29,153023,5508.86,209272,11963,4,29,8,0.568,37.99,0.078,Aggressive
26,216284,15803.16,317466,106466,1,5,4,0.123,20.09,0.492,Balanced
27,226773,10816.54,199576,80385,2,39,8,0.428,18.45,0.354,Aggressive
61,99888,6920.83,445296,91618,2,17,3,0.169,64.34,0.917,Conservative
34,226354,8566.48,186872,92141,4,29,7,0.546,21.81,0.407,Aggressive
55,114533,6216.55,44155,10038,3,11,6,0.349,7.1,0.088,Balanced
24,61954,1875.03,395743,105841,0,22,1,0.637,211.06,1.708,Balanced
63,109719,7043.24,89591,102334,4,31,5,0.23,12.72,0.933,Conservative
30,159876,8919.78,143516,3438,3,39,4,0.33,16.09,0.022,Aggressive
57,243777,14099.95,262959,35151,0,1,6,0.306,18.65,0.144,Balanced
59,20595,649.51,211241,6167,0,15,9,0.622,325.23,0.299,Aggressive
26,49592,1926.12,168329,13172,0,19,4,0.534,87.39,0.266,Aggressive
67,60643,1975.35,255553,101787,2,10,2,0.609,129.37,1.678,Conservative
44,82665,3505.7,99334,66310,1,9,8,0.491,28.33,0.802,Aggressive
19,171895,9956.9,417984,88950,0,13,1,0.305,41.98,0.517,Balanced
22,25972,1431.5,109398,86258,1,26,6,0.339,76.42,3.321,Aggressive
46,35882,2053.29,313655,47445,0,6,4,0.313,152.76,1.322,Balanced
54,217466,11817.25,458260,89941,2,2,6,0.348,38.78,0.414,Balanced
55,222127,9258.36,464009,34207,0,29,3,0.5,50.12,0.154,Balanced
36,174841,7058.9,41140,120934,4,12,9,0.516,5.83,0.692,Balanced
25,45020,1595.89,376446,129183,3,23,3,0.575,235.88,2.869,Balanced
65,193820,13195.73,161539,105728,0,3,3,0.183,12.24,0.545,Conservative
62,122621,7041.14,91831,105004,3,11,5,0.311,13.04,0.856,Conservative
18,105374,3974.19,29298,54236,3,5,7,0.547,7.37,0.515,Balanced
39,64912,2420.49,455504,38278,2,10,6,0.553,188.19,0.59,Aggressive
69,32879,2274.6,108762,76709,3,6,7,0.17,47.82,2.333,Conservative
34,53798,3400.49,362015,110260,2,16,9,0.241,106.46,2.05,Balanced
24,127791,7589.4,294105,47350,0,31,3,0.287,38.75,0.371,Balanced
42,240898,11518.44,361675,125085,1,23,5,0.426,31.4,0.519,Aggressive
62,197145,8117.22,344807,123797,2,30,5,0.506,42.48,0.628,Balanced
21,95791,7094.11,326140,10937,3,20,3,0.111,45.97,0.114,Balanced
53,86983,5715.38,92397,39496,3,25,10,0.212,16.17,0.454,Balanced
23,194077,8344.96,66747,117221,0,35,9,0.484,8.0,0.604,Aggressive
48,245803,16717.89,142657,23794,2,5,9,0.184,8.53,0.097,Balanced
36,153922,9843.47,93762,124717,0,3,6,0.233,9.53,0.81,Conservative
61,179472,7678.33,467176,19391,2,34,5,0.487,60.84,0.108,Balanced
71,31953,1556.65,81585,72406,1,12,4,0.415,52.41,2.266,Balanced
56,126410,4764.33,127561,87054,4,27,4,0.548,26.77,0.689,Balanced
44,145155,4972.51,321496,21993,0,5,5,0.589,64.65,0.152,Aggressive
27,174607,10876.84,205570,42639,3,22,2,0.252,18.9,0.244,Balanced
43,226608,9387.83,108793,29720,0,4,8,0.503,11.59,0.131,Aggressive
36,226111,15093.52,265204,140978,2,28,7,0.199,17.57,0.623,Balanced
56,101029,7556.84,218631,63820,0,7,7,0.102,28.93,0.632,Conservative
20,24055,786.08,20444,83117,1,34,1,0.608,26.01,3.455,Balanced
62,58170,2957.8,330357,63238,2,2,8,0.39,111.69,1.087,Balanced
30,249016,16417.09,247097,129814,3,9,1,0.209,15.05,0.521,Conservative
67,119976,7837.66,453877,106390,3,15,9,0.216,57.91,0.887,Balanced
45,48251,3088.06,20598,76944,2,31,6,0.232,6.67,1.595,Balanced
37,155604,7027.43,232954,93068,1,36,8,0.458,33.15,0.598,Aggressive
45,155996,7794.85,27975,3193,0,15,1,0.4,3.59,0.02,Balanced
25,68037,3839.74,436452,40986,4,33,6,0.323,113.67,0.602,Balanced
58,229154,16912.85,491699,5220,3,31,1,0.114,29.07,0.023,Conservative
56,112115,4953.16,152988,39299,1,27,3,0.47,30.89,0.351,Balanced
18,222693,15917.52,259881,17474,1,2,2,0.142,16.33,0.078,Conservative
20,97926,4065.12,211228,57593,1,9,2,0.502,51.96,0.588,Balanced
30,229888,17126.48,378982,131213,0,1,4,0.106,22.13,0.571,Balanced
45,240726,14416.38,3448,82186,1,19,7,0.281,0.24,0.341,Conservative
74,90400,4557.15,134092,106023,1,9,3,0.395,29.42,1.173,Conservative
66,119525,6846.44,204377,20694,2,2,7,0.313,29.85,0.173,Balanced
42,121164,5047.41,486213,106991,2,37,9,0.5,96.33,0.883,Aggressive
73,243457,10160.18,389938,147935,1,1,4,0.499,38.38,0.608,Conservative
50,244174,8392.57,63476,2690,1,12,7,0.588,7.56,0.011,Balanced
55,161774,5564.05,144908,114153,2,26,1,0.587,26.04,0.706,Conservative
70,126732,5715.82,191684,45056,0,10,2,0.459,33.54,0.356,Conservative
23,35385,2269.27,242306,67963,2,1,8,0.23,106.78,1.921,Balanced
61,29336,1673.09,276664,40832,2,1,3,0.316,165.36,1.392,Conservative
62,85421,2893.08,93316,22365,2,31,5,0.594,32.25,0.262,Balanced
49,182297,12437.67,327210,134983,2,11,8,0.181,26.31,0.74,Balanced
62,56021,3178.03,371658,117037,4,5,5,0.319,116.95,2.089,Conservative
64,154854,11336.22,148318,131721,3,35,1,0.122,13.08,0.851,Conservative
38,239949,14368.99,255101,26469,0,11,2,0.281,17.75,0.11,Balanced
33,137369,5109.51,330436,93362,0,4,10,0.554,64.67,0.68,Balanced
71,240702,12247.34,368300,81039,1,38,3,0.389,30.07,0.337,Balanced
38,69111,4069.91,355892,43346,4,39,10,0.293,87.44,0.627,Balanced
28,109402,3332.62,78872,87498,1,21,2,0.634,23.67,0.8,Balanced
54,139774,4172.26,157283,99658,0,36,9,0.642,37.7,0.713,Aggressive
53,235657,8271.0,267002,148749,0,28,5,0.579,32.28,0.631,Balanced
52,62719,2552.74,142911,60390,1,8,1,0.512,55.98,0.963,Conservative
36,247600,12096.33,32539,85178,3,20,8,0.414,2.69,0.344,Balanced
37,200109,10307.15,382629,62635,1,21,3,0.382,37.12,0.313,Balanced
74,231175,8205.08,283889,74131,3,35,9,0.574,34.6,0.321,Aggressive
35,145695,8746.14,129524,79315,3,32,9,0.28,14.81,0.544,Aggressive
64,154585,8732.45,244359,63734,2,36,6,0.322,27.98,0.412,Balanced
58,164407,7014.09,279903,12164,0,5,4,0.488,39.91,0.074,Balanced
66,195212,5815.9,61586,53184,2,4,9,0.642,10.59,0.272,Balanced
31,124126,4062.09,186679,91964,0,7,9,0.607,45.96,0.741,Aggressive
32,231445,10905.54,204237,101678,2,34,2,0.435,18.73,0.439,Balanced
48,97658,3537.55,184575,91041,3,20,10,0.565,52.18,0.932,Balanced
18,185912,8633.3,180361,78709,2,7,6,0.443,20.89,0.423,Aggressive
70,51007,2956.28,239220,29580,4,24,4,0.304,80.92,0.58,Balanced
71,208019,11284.69,434289,145699,2,21,3,0.349,38.48,0.7,Conservative
71,126833,5043.16,449524,71614,2,9,10,0.523,89.14,0.565,Balanced
20,138637,6228.29,173160,14444,2,19,6,0.461,27.8,0.104,Aggressive
33,140721,8064.69,339391,17747,4,20,8,0.312,42.08,0.126,Aggressive
40,113220,7769.44,227305,140301,0,28,9,0.177,29.26,1.239,Aggressive
74,46393,2954.72,130696,113332,2,32,9,0.236,44.23,2.443,Balanced
28,77480,4225.05,81664,117699,0,34,2,0.346,19.33,1.519,Balanced
29,137243,6281.85,420016,67626,1,16,8,0.451,66.86,0.493,Aggressive
27,108290,4970.31,178664,57804,3,38,8,0.449,35.95,0.534,Aggressive
49,237407,16493.45,345692,32368,1,17,5,0.166,20.96,0.136,Balanced
33,124263,3847.84,480197,10944,4,11,4,0.628,124.8,0.088,Aggressive
25,160179,11925.2,230895,32916,4,4,9,0.107,19.36,0.205,Balanced
55,25993,1549.63,480660,20817,0,18,4,0.285,310.18,0.801,Conservative
29,247413,14940.15,442124,1133,0,6,10,0.275,29.59,0.005,Aggressive
41,113650,3512.72,384906,107603,2,32,4,0.629,109.57,0.947,Balanced
45,137595,7831.92,217419,125482,1,5,3,0.317,27.76,0.912,Conservative
70,72066,3703.16,65624,116801,0,15,10,0.383,17.72,1.621,Balanced
25,131850,4484.86,298253,52837,0,16,3,0.592,66.5,0.401,Balanced
45,62942,2637.57,404855,132181,0,17,3,0.497,153.5,2.1,Conservative
53,36138,2528.68,169817,28755,3,37,7,0.16,67.16,0.796,Conservative
43,138558,7534.02,238742,108473,0,15,5,0.348,31.69,0.783,Balanced
25,195599,9411.23,443876,24802,3,35,9,0.423,47.16,0.127,Aggressive
67,29190,948.61,214718,64771,4,8,2,0.61,226.35,2.219,Conservative
45,112259,6948.52,182359,43899,2,35,4,0.257,26.24,0.391,Balanced
45,98422,6041.21,160524,126995,1,36,2,0.263,26.57,1.29,Conservative
54,206770,11850.06,64903,75194,0,27,8,0.312,5.48,0.364,Aggressive
58,102315,5377.03,472820,109484,3,14,4,0.369,87.93,1.07,Balanced
53,244782,12006.18,253521,52958,0,23,1,0.411,21.12,0.216,Balanced
44,49086,2766.4,222007,88469,0,20,10,0.324,80.25,1.802,Aggressive
71,168394,6712.85,78038,42491,3,6,3,0.522,11.63,0.252,Conservative
34,145604,10528.29,401245,8495,0,24,7,0.132,38.11,0.058,Aggressive
26,120814,6784.08,215177,65181,1,23,3,0.326,31.72,0.54,Balanced
50,139324,6050.79,311122,13097,4,36,5,0.479,51.42,0.094,Balanced
70,234641,11679.72,63025,40702,2,12,2,0.403,5.4,0.173,Conservative
37,236682,15643.23,69748,126901,0,2,8,0.207,4.46,0.536,Balanced
30,148921,5446.65,129710,55941,3,27,4,0.561,23.81,0.376,Aggressive
45,23435,998.06,458807,104079,1,32,1,0.489,459.7,4.441,Conservative
65,121505,7328.06,302470,107304,0,29,4,0.276,41.28,0.883,Conservative
46,73331,3199.18,451601,82867,4,33,8,0.476,141.16,1.13,Balanced
30,180014,11789.06,281972,126292,4,29,9,0.214,23.92,0.702,Balanced
63,210707,7405.46,83747,43252,3,33,1,0.578,11.31,0.205,Balanced
52,180131,11550.56,268550,49917,0,36,6,0.231,23.25,0.277,Balanced
23,208629,6738.6,255090,109419,0,17,4,0.612,37.86,0.524,Aggressive
35,133457,3969.52,291751,21399,0,10,8,0.643,73.5,0.16,Aggressive
68,72389,5091.5,314056,91050,4,1,1,0.156,61.68,1.258,Conservative
22,73014,4075.01,83849,2496,0,17,5,0.33,20.58,0.034,Aggressive
64,183898,8329.12,257317,30985,0,28,1,0.456,30.89,0.168,Balanced
42,50297,2003.19,402869,115950,0,38,4,0.522,201.11,2.305,Balanced
19,63890,3669.88,308857,104697,0,36,2,0.311,84.16,1.639,Balanced
27,41322,2169.24,163251,38178,3,27,10,0.37,75.26,0.924,Aggressive
73,55739,4158.96,488840,33310,4,37,9,0.105,117.54,0.598,Balanced
47,160791,11935.63,376276,76407,2,25,2,0.109,31.53,0.475,Conservative
67,99553,5801.15,483022,144462,3,34,4,0.301,83.26,1.451,Balanced
62,28314,1400.55,84888,76682,0,3,3,0.406,60.61,2.708,Conservative
22,113831,5882.48,375602,121352,2,29,1,0.38,63.85,1.066,Balanced
72,95164,5752.37,413328,48577,1,35,1,0.275,71.85,0.51,Conservative
73,127658,4317.67,31407,89643,2,10,2,0.594,7.27,0.702,Conservative
50,97028,4290.2,96207,51933,3,38,8,0.469,22.42,0.535,Aggressive
71,56113,1830.22,391829,15479,4,38,2,0.609,214.09,0.276,Balanced
18,137174,4462.14,316195,76719,3,1,1,0.61,70.86,0.559,Conservative
35,166429,6348.04,474700,84532,4,1,6,0.542,74.78,0.508,Balanced
49,249937,12848.62,135538,147245,4,32,1,0.383,10.55,0.589,Balanced
64,40365,2629.19,107912,76408,4,22,10,0.218,41.04,1.893,Balanced
66,59029,3035.19,186005,39800,1,19,9,0.383,61.28,0.674,Balanced
28,21737,968.22,152973,12854,2,35,6,0.465,157.99,0.591,Aggressive
38,151042,4975.5,153111,103090,3,6,10,0.605,30.77,0.683,Balanced
43,225704,12275.71,296662,134753,3,34,6,0.347,24.17,0.597,Aggressive
42,105474,4387.7,322186,19879,4,15,1,0.501,73.43,0.188,Balanced
39,98218,5632.92,463940,6078,1,3,7,0.312,82.36,0.062,Balanced
44,178571,13206.12,64034,114166,1,37,3,0.113,4.85,0.639,Conservative
66,148692,5095.46,217565,45461,0,22,1,0.589,42.7,0.306,Balanced
30,197229,7670.05,37055,96892,1,29,9,0.533,4.83,0.491,Aggressive
50,207319,10542.21,97415,52314,4,14,8,0.39,9.24,0.252,Aggressive
51,148411,10917.33,273114,27941,4,30,4,0.117,25.02,0.188,Balanced
58,192106,12398.77,301070,132488,2,15,3,0.226,24.28,0.69,Conservative
52,20294,1427.39,206301,124781,4,29,2,0.156,144.53,6.149,Conservative
18,249144,11077.42,315568,139579,2,14,2,0.466,28.49,0.56,Balanced
38,44596,3328.43,232088,122261,1,3,3,0.104,69.73,2.742,Conservative
65,118185,4004.09,498887,13573,0,22,1,0.593,124.59,0.115,Balanced
72,31434,993.14,367911,61494,3,33,10,0.621,370.45,1.956,Balanced
23,78382,5359.9,321598,18318,4,23,7,0.179,60.0,0.234,Aggressive
45,58098,4163.67,387151,96528,1,7,2,0.14,92.98,1.661,Conservative
34,24655,821.47,481329,75529,4,20,6,0.6,585.94,3.063,Balanced
22,103029,3540.64,168331,39102,2,7,6,0.588,47.54,0.38,Aggressive
48,66228,2032.35,468547,19006,1,17,4,0.632,230.54,0.287,Balanced
22,23771,807.18,277379,9048,3,32,4,0.593,343.64,0.381,Aggressive
55,94099,3647.75,47511,17909,2,15,1,0.535,13.02,0.19,Balanced
20,140811,10367.7,373365,34184,1,13,6,0.116,36.01,0.243,Aggressive
70,207871,12425.89,462284,61215,3,3,8,0.283,37.2,0.294,Balanced
40,82257,5334.39,240881,68256,2,25,10,0.222,45.16,0.83,Aggressive
54,37558,2431.49,388017,6826,3,32,4,0.223,159.58,0.182,Balanced
70,78436,4211.3,299315,94316,1,16,1,0.356,71.07,1.202,Conservative
54,127779,8397.41,385552,39563,2,1,4,0.211,45.91,0.31,Conservative
27,144891,8182.65,227005,52828,0,3,2,0.322,27.74,0.365,Balanced
27,243175,10598.38,419552,103380,4,20,4,0.477,39.59,0.425,Aggressive
36,52376,2874.62,364618,113766,0,28,8,0.341,126.84,2.172,Aggressive
34,238530,12789.77,251987,6369,3,22,3,0.357,19.7,0.027,Balanced
38,97924,6551.92,349458,41312,1,36,5,0.197,53.34,0.422,Balanced
31,49332,3658.58,128838,109727,4,1,10,0.11,35.22,2.224,Balanced
26,151001,7248.97,219010,136898,1,14,2,0.424,30.21,0.907,Balanced
63,66737,4281.54,61354,130371,3,15,9,0.23,14.33,1.954,Balanced
18,150912,5091.64,314132,133264,1,32,3,0.595,61.7,0.883,Balanced
68,109031,7062.09,36591,124657,2,18,1,0.223,5.18,1.143,Conservative
62,225042,10394.68,138692,113554,2,38,7,0.446,13.34,0.505,Balanced
30,203024,6288.07,8359,25692,3,22,5,0.628,1.33,0.127,Balanced
21,40991,1878.02,229975,82453,1,16,9,0.45,122.46,2.011,Aggressive
18,47472,2713.24,424327,9409,3,11,3,0.314,156.39,0.198,Balanced
66,79946,2768.71,495676,14795,4,7,1,0.584,179.03,0.185,Conservative
57,177921,12724.6,177049,76716,1,9,7,0.142,13.91,0.431,Balanced
49,21541,704.96,138358,123411,2,1,8,0.607,196.26,5.729,Balanced
51,149237,10714.02,361641,44036,0,8,2,0.138,33.75,0.295,Conservative
45,22765,1401.8,283829,53387,2,11,2,0.261,202.47,2.345,Conservative
48,63074,2792.82,97226,104545,1,5,9,0.469,34.81,1.657,Balanced
25,122795,5780.7,69745,12021,1,29,4,0.435,12.07,0.098,Aggressive
56,180355,11384.09,478406,69650,1,6,1,0.243,42.02,0.386,Conservative
43,121387,6886.78,116218,68120,1,12,9,0.319,16.88,0.561,Aggressive
51,151841,9102.91,64406,9740,4,39,9,0.281,7.08,0.064,Aggressive
71,168878,7937.84,349039,144391,0,7,6,0.436,43.97,0.855,Conservative
71,241590,12447.87,70245,86391,2,12,6,0.382,5.64,0.358,Balanced
20,22972,1712.23,89415,136314,4,33,9,0.106,52.22,5.934,Aggressive
67,169328,6598.96,474098,46169,3,19,2,0.532,71.84,0.273,Conservative
29,123903,5986.8,411719,63711,1,36,9,0.42,68.77,0.514,Aggressive
18,169725,7220.42,484678,53504,2,19,4,0.489,67.13,0.315,Aggressive
71,123579,7938.01,239964,79630,3,21,4,0.229,30.23,0.644,Conservative
61,237741,15259.15,91587,114481,0,19,9,0.23,6.0,0.482,Balanced
22,59339,2526.09,347080,105619,2,9,7,0.489,137.4,1.78,Balanced
47,176829,5817.15,340560,114050,4,22,10,0.605,58.54,0.645,Balanced
47,123376,3663.12,10207,12988,3,19,5,0.644,2.79,0.105,Conservative
74,62399,3042.46,155951,78734,2,37,8,0.415,51.26,1.262,Balanced
34,64013,3070.95,50777,15995,4,11,1,0.424,16.53,0.25,Balanced
65,248677,18518.45,353248,104484,1,25,7,0.106,19.08,0.42,Balanced
64,165778,8404.82,204014,140948,2,35,4,0.392,24.27,0.85,Balanced
40,189303,7746.12,344075,18537,1,5,2,0.509,44.42,0.098,Balanced
32,47909,3354.33,317400,55160,3,31,2,0.16,94.62,1.151,Conservative
54,227703,11766.31,216528,88295,3,14,9,0.38,18.4,0.388,Aggressive
38,208644,11815.28,81248,126097,3,13,6,0.32,6.88,0.604,Balanced
31,236951,7950.06,80359,136350,1,34,4,0.597,10.11,0.575,Aggressive
19,214839,10036.63,361114,10031,1,34,2,0.439,35.98,0.047,Aggressive
28,177541,12861.71,324223,62745,4,18,7,0.131,25.21,0.353,Balanced
68,152385,8561.85,381521,90389,2,6,9,0.326,44.56,0.593,Balanced
56,158919,7144.42,73384,86140,4,21,2,0.461,10.27,0.542,Balanced
55,201294,11643.46,197683,105891,1,5,4,0.306,16.98,0.526,Balanced
51,225774,16005.99,171511,91455,2,2,1,0.149,10.72,0.405,Conservative
55,161002,6717.74,255057,74442,3,6,1,0.499,37.97,0.462,Conservative
67,23285,1218.22,409464,108001,4,8,3,0.372,336.12,4.638,Conservative
51,143637,10500.82,69379,51866,4,2,1,0.123,6.61,0.361,Conservative
35,55863,2070.74,117006,66883,4,23,4,0.555,56.5,1.197,Balanced
47,167776,10427.49,42615,55237,1,20,6,0.254,4.09,0.329,Balanced
32,169777,9733.38,324667,24553,2,4,5,0.312,33.36,0.145,Balanced
44,151627,9145.9,484643,135940,3,15,9,0.276,52.99,0.897,Balanced
68,41323,1870.45,88443,96441,1,30,2,0.457,47.28,2.334,Conservative
51,90968,3961.91,453700,135032,3,20,2,0.477,114.52,1.484,Conservative
69,217994,13194.37,305139,141016,0,24,3,0.274,23.13,0.647,Conservative
74,73915,2886.07,371873,149193,0,9,4,0.531,128.85,2.018,Conservative
55,129543,6269.99,434463,114147,3,21,9,0.419,69.29,0.881,Balanced
50,161691,6110.52,468406,115796,0,38,6,0.547,76.66,0.716,Balanced
41,223462,6602.7,454094,84599,2,13,9,0.645,68.77,0.379,Aggressive
32,128500,9461.15,153127,136832,2,5,5,0.116,16.18,1.065,Balanced
47,210346,10297.08,420339,107407,1,14,9,0.413,40.82,0.511,Aggressive
72,224245,16503.35,497429,116784,3,7,9,0.117,30.14,0.521,Balanced
59,172297,6133.46,168881,125893,1,6,1,0.573,27.53,0.731,Conservative
68,131266,7362.4,252640,33126,2,12,9,0.327,34.31,0.252,Aggressive
34,46739,1793.75,217352,30961,2,16,7,0.539,121.17,0.662,Balanced
22,198780,12995.92,444382,14088,2,32,8,0.215,34.19,0.071,Aggressive
46,148041,9635.45,225035,138308,4,11,3,0.219,23.35,0.934,Conservative
21,73019,2506.58,394783,103975,0,4,1,0.588,157.5,1.424,Conservative
27,227226,16126.14,17765,54967,1,29,4,0.148,1.1,0.242,Balanced
73,27373,1042.56,72945,87684,1,34,1,0.543,69.97,3.203,Conservative
34,186353,10670.85,152988,103278,2,9,1,0.313,14.34,0.554,Balanced
27,40187,2987.56,342416,51454,4,10,4,0.108,114.61,1.28,Balanced
34,87863,6116.13,359545,33843,1,8,8,0.165,58.79,0.385,Aggressive
37,117927,8609.75,184363,14433,1,36,1,0.124,21.41,0.122,Balanced
41,104085,4670.2,157697,36245,4,32,10,0.462,33.77,0.348,Aggressive
22,137996,4692.63,208037,82922,2,6,10,0.592,44.33,0.601,Aggressive
51,59220,2238.47,316353,121074,4,6,9,0.546,141.33,2.044,Balanced
23,150503,7842.11,303704,124407,0,27,6,0.375,38.73,0.827,Aggressive
70,27642,1811.19,31911,14702,1,2,5,0.214,17.62,0.532,Conservative
19,99971,3603.83,474571,101125,0,9,9,0.567,131.69,1.012,Aggressive
30,75556,4488.36,53184,44185,1,38,9,0.287,11.85,0.585,Aggressive
60,184832,8132.11,167156,92393,0,5,9,0.472,20.56,0.5,Balanced
60,58192,2607.3,334591,74222,1,34,3,0.462,128.33,1.275,Conservative
65,155453,9250.16,163174,124018,2,14,8,0.286,17.64,0.798,Balanced
28,247655,12524.11,376669,2416,3,10,10,0.393,30.08,0.01,Aggressive
68,170630,11327.25,73240,124236,4,7,4,0.203,6.47,0.728,Conservative
64,50782,1844.04,19399,91265,1,20,4,0.564,10.52,1.797,Balanced
74,24782,1620.06,221625,117937,4,11,7,0.216,136.8,4.759,Conservative
40,242489,7786.51,493759,120003,1,13,8,0.615,63.41,0.495,Aggressive
72,205784,7832.3,201160,207,3,17,4,0.543,25.68,0.001,Balanced
33,246017,14574.1,443126,76382,2,37,10,0.289,30.41,0.31,Aggressive
48,170534,11656.13,58352,106968,2,36,6,0.18,5.01,0.627,Conservative
28,80030,3261.05,432270,21511,4,33,1,0.511,132.56,0.269,Balanced
71,219591,9697.79,143585,129633,3,10,2,0.47,14.81,0.59,Conservative
33,76411,4109.74,439080,102660,4,34,5,0.355,106.84,1.344,Balanced
25,206278,8016.74,130820,137096,2,13,4,0.534,16.32,0.665,Balanced
21,117469,7793.44,365668,105909,0,25,3,0.204,46.92,0.902,Balanced
57,66950,4326.64,440929,22759,4,33,6,0.224,101.91,0.34,Balanced
21,153595,5502.67,430210,92260,1,10,10,0.57,78.18,0.601,Aggressive
73,211998,10690.11,1178,61586,2,24,6,0.395,0.11,0.291,Balanced
42,160749,10397.18,161924,141869,1,5,10,0.224,15.57,0.883,Balanced
20,226900,10126.0,308441,59727,3,10,8,0.464,30.46,0.263,Aggressive
49,166161,9667.92,140670,90557,2,39,2,0.302,14.55,0.545,Balanced
20,155653,4898.1,140031,101085,2,27,7,0.622,28.59,0.649,Aggressive
44,162979,9300.38,301538,42500,4,36,7,0.315,32.42,0.261,Aggressive
46,156681,5666.1,486931,109266,4,33,2,0.566,85.94,0.697,Conservative
49,202225,13596.61,360846,19986,1,28,6,0.193,26.54,0.099,Balanced
67,70539,3206.57,341407,149392,4,3,5,0.455,106.47,2.118,Conservative
68,195215,8212.93,70942,40694,0,31,2,0.495,8.64,0.208,Balanced
36,42936,2907.09,8398,112100,2,29,9,0.188,2.89,2.611,Balanced
38,70182,2208.27,312996,71036,3,21,8,0.622,141.74,1.012,Aggressive
22,131259,6214.4,309851,29666,2,32,7,0.432,49.86,0.226,Aggressive
35,115042,5306.33,427600,136474,1,28,6,0.446,80.58,1.186,Balanced
45,33163,1400.14,334524,37549,4,21,5,0.493,238.92,1.132,Balanced
59,210830,14959.53,383262,146587,2,35,9,0.149,25.62,0.695,Balanced
39,197129,12534.29,370038,127910,4,30,5,0.237,29.52,0.649,Balanced
38,163609,5251.27,158938,109433,1,17,6,0.615,30.27,0.669,Balanced
23,42419,2626.72,243088,12099,4,29,3,0.257,92.54,0.285,Balanced
18,193650,10328.23,375026,114159,3,2,9,0.36,36.31,0.59,Aggressive
22,226063,15927.6,142408,111882,1,33,8,0.155,8.94,0.495,Aggressive
58,141211,6144.09,17942,22097,2,4,9,0.478,2.92,0.156,Balanced
29,142762,7920.78,319080,70719,2,39,1,0.334,40.28,0.495,Balanced
43,225671,11761.51,246947,49094,3,25,1,0.375,21.0,0.218,Balanced
63,20834,1075.14,129434,96596,0,5,2,0.381,120.39,4.636,Conservative
51,52214,2614.43,434636,16696,4,4,4,0.399,166.24,0.32,Conservative
66,244006,9416.52,122251,8354,2,29,10,0.537,12.98,0.034,Aggressive
31,22413,1430.02,13186,148984,3,37,5,0.234,9.22,6.647,Balanced
43,29505,1470.91,44104,21880,4,8,7,0.402,29.98,0.742,Balanced
62,122802,8976.66,404072,108061,1,20,4,0.123,45.01,0.88,Conservative
44,153177,6298.7,258909,81296,3,6,1,0.507,41.11,0.531,Balanced
26,219176,13251.18,41663,70304,1,36,8,0.274,3.14,0.321,Aggressive
43,148303,10719.77,421509,23951,1,32,3,0.133,39.32,0.162,Balanced
74,134897,8036.51,2991,113548,1,5,9,0.285,0.37,0.842,Conservative
64,78408,5417.99,349386,148503,4,20,2,0.171,64.49,1.894,Conservative
74,188751,12663.85,59882,18326,0,4,1,0.195,4.73,0.097,Conservative
39,136908,6252.87,342108,33007,1,39,10,0.452,54.71,0.241,Aggressive
64,99731,5651.99,302416,39232,2,22,8,0.32,53.51,0.393,Aggressive
73,85131,3092.69,77596,33439,4,33,3,0.564,25.09,0.393,Conservative
47,84280,4526.81,7511,51771,4,31,1,0.355,1.66,0.614,Conservative
60,35762,1420.74,481336,35229,1,29,3,0.523,338.79,0.985,Conservative
65,137798,8716.36,438234,51258,2,5,8,0.241,50.28,0.372,Balanced
34,136854,7303.81,422349,20532,3,10,4,0.36,57.83,0.15,Aggressive
43,78703,3778.89,136434,72312,4,11,10,0.424,36.1,0.919,Aggressive
53,232506,9645.87,300762,140406,1,37,7,0.502,31.18,0.604,Balanced
18,83079,6225.97,255678,119069,1,22,8,0.101,41.07,1.433,Aggressive
25,41577,1349.31,326493,124945,0,24,7,0.611,241.97,3.005,Aggressive
66,21214,661.1,471934,28484,0,21,1,0.626,713.87,1.343,Conservative
52,106339,4160.44,176875,28831,3,36,4,0.531,42.51,0.271,Balanced
69,68114,5018.24,405419,29205,3,16,10,0.116,80.79,0.429,Balanced
32,240306,17794.28,124293,72590,3,2,9,0.111,6.98,0.302,Balanced
64,83230,4925.9,370559,128609,3,15,7,0.29,75.23,1.545,Conservative
73,184052,12792.51,15596,141440,1,26,1,0.166,1.22,0.768,Conservative
39,87194,3398.23,322691,21435,1,30,8,0.532,94.96,0.246,Aggressive
31,228878,16872.56,211214,114426,1,2,4,0.115,12.52,0.5,Balanced
43,132333,4725.74,328535,144466,2,29,7,0.571,69.52,1.092,Balanced
45,57792,1953.46,118660,100159,3,6,6,0.594,60.74,1.733,Conservative
40,65807,2257.82,8932,128117,2,1,7,0.588,3.96,1.947,Conservative
31,145266,8052.83,409416,114623,4,11,10,0.335,50.84,0.789,Aggressive
41,173373,11262.54,125290,96284,4,23,10,0.22,11.12,0.555,Aggressive
19,156213,7181.46,319506,118117,1,26,1,0.448,44.49,0.756,Balanced
62,124292,9195.98,418912,54428,4,31,6,0.112,45.55,0.438,Balanced
43,142984,7017.31,97686,9880,1,15,3,0.411,13.92,0.069,Balanced
31,33777,1218.07,309262,88376,3,9,10,0.567,253.89,2.616,Balanced
73,58346,2947.84,83274,137586,2,34,4,0.394,28.25,2.358,Balanced
68,74703,4503.78,372883,37668,1,39,1,0.277,82.79,0.504,Conservative
24,114977,7739.14,261124,45369,0,17,10,0.192,33.74,0.395,Aggressive
20,67819,3404.08,60158,49179,0,35,8,0.398,17.67,0.725,Aggressive
64,179541,10121.38,93812,48069,3,36,2,0.324,9.27,0.268,Balanced
40,154917,6416.66,383695,66565,2,3,3,0.503,59.8,0.43,Conservative
63,130186,7651.18,128581,34764,1,11,7,0.295,16.81,0.267,Balanced
60,43290,3218.92,400420,48461,3,28,2,0.108,124.4,1.119,Conservative
64,132551,4164.08,348188,149543,2,28,4,0.623,83.62,1.128,Balanced
62,181771,12687.49,146951,33142,0,19,7,0.162,11.58,0.182,Balanced
35,195324,10730.7,55098,44329,1,2,3,0.341,5.13,0.227,Conservative
55,118682,4832.87,304664,134117,2,32,2,0.511,63.04,1.13,Conservative
52,154365,11258.22,9073,145800,4,11,8,0.125,0.81,0.945,Conservative
68,138017,7083.09,416131,29713,1,16,2,0.384,58.75,0.215,Balanced
32,139496,6189.32,481818,79374,4,11,10,0.468,77.85,0.569,Aggressive
42,77089,2889.7,329312,22659,3,3,7,0.55,113.96,0.294,Balanced
72,167680,6769.36,314272,137424,2,29,3,0.516,46.43,0.82,Conservative
54,148713,10014.17,52787,88566,2,5,4,0.192,5.27,0.596,Conservative
45,217345,12459.76,376482,98582,2,28,6,0.312,30.22,0.454,Balanced
27,36619,2600.82,494099,41747,2,31,3,0.148,189.98,1.14,Balanced
56,98006,3900.5,263588,29623,1,13,1,0.522,67.58,0.302,Balanced
74,238980,8297.11,399556,17716,4,25,8,0.583,48.16,0.074,Aggressive
34,232725,6852.75,446830,143636,4,6,4,0.647,65.2,0.617,Balanced
56,34779,1823.94,302086,19531,3,3,1,0.371,165.62,0.562,Conservative
39,202112,15142.72,258653,40760,3,22,2,0.101,17.08,0.202,Balanced
43,245902,15004.75,175061,3449,2,39,6,0.268,11.67,0.014,Aggressive
61,207397,8980.58,176833,98736,0,32,1,0.48,19.69,0.476,Balanced
42,41630,2887.29,306922,33777,0,30,9,0.168,106.3,0.811,Aggressive
34,125575,8161.82,296246,7279,2,7,7,0.22,36.3,0.058,Balanced
30,135436,4045.91,282778,5191,4,25,8,0.642,69.89,0.038,Aggressive
37,163250,10873.45,332364,74044,3,2,8,0.201,30.57,0.454,Balanced
42,171007,7343.18,487215,5307,1,8,6,0.485,66.35,0.031,Aggressive
21,198330,7145.18,335358,135288,0,33,8,0.568,46.93,0.682,Aggressive
27,42784,1691.69,464420,105100,3,28,7,0.526,274.53,2.457,Balanced
20,214794,10877.86,164226,140199,0,10,1,0.392,15.1,0.653,Balanced
58,174099,8468.14,202099,85438,4,38,3,0.416,23.87,0.491,Balanced
62,247616,10500.73,270790,110283,4,18,9,0.491,25.79,0.445,Balanced
35,208925,7742.76,112688,495,2,13,8,0.555,14.55,0.002,Aggressive
64,132167,8472.2,464542,69128,2,21,5,0.231,54.83,0.523,Balanced
53,87359,6512.33,189122,67768,0,33,1,0.105,29.04,0.776,Conservative
64,223460,14483.66,221657,40816,0,23,2,0.222,15.3,0.183,Conservative
39,98608,4213.56,380866,80203,3,1,10,0.487,90.39,0.813,Balanced
51,227741,9197.79,474096,13000,2,21,10,0.515,51.54,0.057,Aggressive
64,35111,1374.35,379384,137791,4,5,9,0.53,276.05,3.924,Balanced
25,183384,6497.64,225990,69981,3,35,10,0.575,34.78,0.382,Aggressive
57,44161,2403.95,369099,47941,3,18,8,0.347,153.54,1.086,Balanced
66,138920,7906.52,197136,100671,1,38,9,0.317,24.93,0.725,Balanced
61,124823,7676.89,189103,39323,4,36,2,0.262,24.63,0.315,Conservative
36,145014,8750.6,84280,142491,3,29,3,0.276,9.63,0.983,Conservative
59,150466,6404.63,139506,26403,1,26,3,0.489,21.78,0.175,Balanced
58,87313,3868.48,358025,28298,2,36,1,0.468,92.55,0.324,Balanced
54,201446,12167.89,232448,37365,4,38,2,0.275,19.1,0.185,Conservative
23,175086,7910.91,179621,89573,2,18,10,0.458,22.71,0.512,Aggressive
69,100308,3903.17,368999,72771,1,29,5,0.533,94.54,0.725,Balanced
43,66389,3075.39,448996,61966,4,31,7,0.444,146.0,0.933,Balanced
51,169233,7046.39,479650,38056,0,13,6,0.5,68.07,0.225,Balanced
73,127800,4244.79,96097,56965,0,30,2,0.601,22.64,0.446,Balanced
62,158562,10657.7,447120,112618,0,7,8,0.193,41.95,0.71,Balanced
23,139547,9526.54,2627,64237,3,6,4,0.181,0.28,0.46,Conservative
54,44502,1746.19,207191,142267,0,2,2,0.529,118.65,3.197,Conservative
74,55757,1791.77,194308,63539,3,8,4,0.614,108.44,1.14,Conservative
50,61111,3851.8,150663,86315,3,10,8,0.244,39.11,1.412,Balanced
70,118273,4596.29,403649,76202,1,22,1,0.534,87.82,0.644,Conservative
39,234317,11059.56,388197,85915,0,10,9,0.434,35.1,0.367,Aggressive
38,78645,2524.99,278521,31709,4,35,8,0.615,110.31,0.403,Aggressive
23,130218,5148.48,428297,114439,3,19,8,0.526,83.19,0.879,Aggressive
23,79055,5178.74,275163,123000,1,4,10,0.214,53.13,1.556,Balanced
72,139815,9232.66,467068,40537,3,19,9,0.208,50.59,0.29,Balanced
65,160070,6187.99,8851,125981,4,20,7,0.536,1.43,0.787,Conservative
21,179978,8020.31,385867,30949,4,4,9,0.465,48.11,0.172,Aggressive
47,121026,4274.55,409364,113290,0,26,1,0.576,95.77,0.936,Conservative
28,90192,2937.21,320192,58529,3,3,1,0.609,109.01,0.649,Conservative
47,201549,15043.86,110038,63371,4,30,4,0.104,7.31,0.314,Balanced
48,187973,11130.77,355641,50607,2,36,2,0.289,31.95,0.269,Balanced
41,242343,13089.61,194395,50366,4,6,8,0.352,14.85,0.208,Aggressive
72,72021,4627.49,388241,29871,4,39,1,0.229,83.9,0.415,Conservative
26,49092,3322.07,242009,62284,3,27,4,0.188,72.85,1.269,Balanced
72,152314,10074.21,438196,108043,4,16,9,0.206,43.5,0.709,Balanced
20,126843,3795.74,432733,136762,1,16,2,0.641,114.0,1.078,Balanced
68,152903,5768.83,474693,146240,4,36,6,0.547,82.29,0.956,Balanced
48,70721,4185.49,39753,65116,2,34,4,0.29,9.5,0.921,Balanced
57,48511,2250.38,468429,127086,4,39,4,0.443,208.16,2.62,Balanced
54,92782,6884.16,231681,141105,0,24,6,0.11,33.65,1.521,Balanced
53,117003,6980.91,87467,73583,3,39,10,0.284,12.53,0.629,Balanced
41,169374,12365.74,153496,4902,2,6,4,0.124,12.41,0.029,Balanced
48,75568,2901.78,35364,122793,1,20,9,0.539,12.19,1.625,Aggressive
23,154304,10610.67,275137,132568,4,9,8,0.175,25.93,0.859,Balanced
19,122062,5357.95,5837,61263,4,21,8,0.473,1.09,0.502,Aggressive
37,124301,9263.12,63781,27664,1,11,5,0.106,6.89,0.223,Balanced
45,71507,2602.43,16535,42203,4,30,6,0.563,6.35,0.59,Balanced
28,144277,7622.48,351498,4582,0,1,1,0.366,46.11,0.032,Balanced
21,149999,9825.74,239413,29482,2,27,1,0.214,24.37,0.197,Balanced
32,227580,11150.54,238298,41476,4,6,9,0.412,21.37,0.182,Aggressive
23,120128,6080.94,200890,31872,1,7,4,0.393,33.04,0.265,Aggressive
71,30683,2282.04,210906,82754,1,22,3,0.108,92.42,2.697,Conservative
66,43664,2124.69,282528,148079,2,34,5,0.416,132.97,3.391,Balanced
47,122364,6956.8,9574,50716,0,20,9,0.318,1.38,0.414,Balanced
73,184244,5834.34,355529,95363,2,15,9,0.62,60.94,0.518,Aggressive
55,234713,15906.02,27407,113195,4,9,3,0.187,1.72,0.482,Conservative
68,84340,4965.46,219097,97143,0,18,7,0.294,44.12,1.152,Conservative
74,107236,5113.47,367367,27005,0,36,3,0.428,71.84,0.252,Balanced
19,31017,927.65,9124,31475,1,30,3,0.641,9.84,1.015,Balanced
32,56613,3186.45,255660,147998,0,11,4,0.325,80.23,2.614,Balanced
28,237202,7056.0,467141,33683,4,33,2,0.643,66.2,0.142,Balanced
25,227992,6662.34,420972,76810,4,6,6,0.649,63.19,0.337,Balanced
43,50348,2890.2,142027,46049,4,39,5,0.311,49.14,0.915,Balanced
68,167520,6337.27,244308,99483,3,22,10,0.546,38.55,0.594,Aggressive
62,29491,1119.52,142766,123045,0,39,10,0.544,127.52,4.172,Balanced
61,229720,13578.35,284266,112177,0,19,2,0.291,20.94,0.488,Conservative
22,141070,4461.73,486240,30288,4,22,10,0.62,108.98,0.215,Aggressive
23,247629,10779.56,444685,112880,1,31,2,0.478,41.25,0.456,Balanced
43,78759,2836.55,73606,123060,0,25,2,0.568,25.95,1.562,Balanced
71,195625,10907.68,21987,91428,3,30,4,0.331,2.02,0.467,Conservative
21,152040,9046.01,1117,120800,0,4,3,0.286,0.12,0.795,Conservative
36,20368,1267.27,111488,25682,2,26,9,0.253,87.97,1.261,Aggressive
37,225032,9195.88,388029,67125,3,7,5,0.51,42.2,0.298,Balanced
50,55010,1829.48,107313,84406,1,12,1,0.601,58.66,1.534,Conservative
37,205226,6725.87,113521,74215,3,1,2,0.607,16.88,0.362,Conservative
66,55851,2719.87,137857,139875,3,6,7,0.416,50.69,2.504,Conservative
29,142761,10352.72,33724,52572,0,1,8,0.13,3.26,0.368,Balanced
64,176568,6911.92,459752,119896,3,8,6,0.53,66.52,0.679,Conservative
18,147152,6023.52,450942,60538,4,33,7,0.509,74.86,0.411,Aggressive
43,182008,6150.18,29494,107893,3,4,2,0.595,4.8,0.593,Conservative
31,98858,5627.19,325083,105518,0,6,6,0.317,57.77,1.067,Balanced
55,87005,5248.79,445183,43153,4,3,6,0.276,84.82,0.496,Conservative
54,57493,3371.06,102678,48657,1,15,4,0.296,30.46,0.846,Conservative
28,220867,15159.24,285658,140601,2,6,4,0.176,18.84,0.637,Balanced
53,187462,9647.02,333153,48208,3,6,2,0.382,34.53,0.257,Conservative
30,30292,1070.19,70810,75928,4,37,3,0.576,66.17,2.507,Balanced
60,112377,4768.28,212627,117555,4,27,10,0.491,44.59,1.046,Balanced
20,179437,10681.53,458970,135655,1,5,6,0.286,42.97,0.756,Balanced
50,168279,9637.02,440833,26690,1,39,4,0.313,45.74,0.159,Aggressive
23,121735,6513.35,247263,141400,2,17,3,0.358,37.96,1.162,Balanced
67,42912,2594.85,455310,87174,2,23,1,0.274,175.47,2.031,Conservative
73,100771,5883.05,217688,16238,0,17,3,0.299,37.0,0.161,Conservative
27,207644,14443.87,351279,56235,2,23,1,0.165,24.32,0.271,Balanced
22,127293,7131.69,312862,128596,2,39,4,0.328,43.87,1.01,Aggressive
40,119083,7722.84,261812,16761,4,33,4,0.222,33.9,0.141,Balanced
27,133655,5421.81,309034,142248,3,2,1,0.513,57.0,1.064,Conservative
61,170348,10263.47,431200,104245,3,10,7,0.277,42.01,0.612,Conservative
19,117459,8282.88,305232,99450,2,19,5,0.154,36.85,0.847,Balanced
30,156606,7336.37,377035,48329,0,9,1,0.438,51.39,0.309,Balanced
57,243077,15769.77,13802,25639,0,15,5,0.221,0.88,0.105,Conservative
19,186742,11650.12,449476,113733,3,24,7,0.251,38.58,0.609,Balanced
37,213219,6800.61,3734,32657,1,12,6,0.617,0.55,0.153,Balanced
18,249171,13908.51,138066,38217,4,22,10,0.33,9.93,0.153,Aggressive
54,131695,4626.93,191197,83383,2,18,5,0.578,41.32,0.633,Balanced
26,187558,13785.91,407955,17900,4,2,8,0.118,29.59,0.095,Balanced
34,216629,14374.67,332678,11242,2,15,9,0.204,23.14,0.052,Aggressive
26,54268,1855.73,256850,96609,2,39,1,0.59,138.41,1.78,Balanced
28,127338,4424.61,372378,64930,3,9,6,0.583,84.16,0.51,Balanced
32,232407,13110.87,71303,148982,4,22,2,0.323,5.44,0.641,Conservative
41,46336,2083.92,449039,93722,4,17,8,0.46,215.48,2.023,Aggressive
55,23641,727.35,144118,125272,1,14,5,0.631,198.14,5.299,Balanced
72,107132,5784.26,156051,146050,1,31,1,0.352,26.98,1.363,Conservative
52,52959,2486.05,36937,121208,4,7,5,0.437,14.86,2.289,Conservative
47,164378,5555.87,185439,13606,1,35,10,0.594,33.38,0.083,Aggressive
48,197254,13003.25,141229,7421,1,34,5,0.209,10.86,0.038,Balanced
66,94123,6692.87,88489,55729,2,3,2,0.147,13.22,0.592,Conservative
22,207398,13241.09,100765,2548,3,2,4,0.234,7.61,0.012,Balanced
61,247967,16579.33,374888,7252,2,27,6,0.198,22.61,0.029,Balanced
67,41498,1622.12,279903,78385,1,2,1,0.531,172.55,1.889,Conservative
31,90198,3720.41,391170,112131,2,5,9,0.505,105.14,1.243,Aggressive
70,47197,1827.67,422361,121328,2,21,7,0.535,231.09,2.571,Balanced
73,171791,11034.49,325318,137817,0,7,6,0.229,29.48,0.802,Conservative
28,241273,17519.52,471345,38049,2,25,1,0.129,26.9,0.158,Balanced
26,128775,7986.85,205842,140712,2,1,8,0.256,25.77,1.093,Balanced
51,45032,3132.75,200624,128956,3,9,8,0.165,64.04,2.864,Balanced
29,79624,4653.26,250125,107118,4,2,4,0.299,53.75,1.345,Conservative
52,98177,4607.88,277676,53568,0,3,4,0.437,60.26,0.546,Balanced
52,61964,3016.45,349063,66045,0,37,1,0.416,115.72,1.066,Conservative
18,181100,5907.28,222702,72351,0,4,9,0.609,37.7,0.4,Aggressive
57,131030,4010.63,171573,107560,0,21,8,0.633,42.78,0.821,Aggressive
39,74646,4556.59,26504,58312,3,26,10,0.267,5.82,0.781,Balanced
46,101187,4984.61,275814,42398,4,37,7,0.409,55.33,0.419,Balanced
25,159608,8694.89,366895,60865,3,14,2,0.346,42.2,0.381,Balanced
28,137399,7519.32,476210,102175,0,10,7,0.343,63.33,0.744,Balanced
58,76747,3214.14,280486,120201,4,26,4,0.497,87.27,1.566,Balanced
54,65712,3349.89,368343,78812,3,10,3,0.388,109.96,1.199,Conservative
31,157345,7984.19,485327,105468,4,37,10,0.391,60.79,0.67,Aggressive
47,91820,4312.75,419783,134572,3,18,4,0.436,97.34,1.466,Balanced
52,145342,9706.08,331352,51351,4,27,10,0.199,34.14,0.353,Balanced
38,111228,5544.16,445338,143618,3,17,6,0.402,80.33,1.291,Balanced
54,94353,5362.43,36695,40526,0,10,7,0.318,6.84,0.43,Balanced
22,245563,17241.31,128638,104374,0,11,2,0.157,7.46,0.425,Balanced
36,112091,7719.6,434282,229,0,24,7,0.174,56.26,0.002,Aggressive
31,105914,7411.62,8236,31879,3,19,10,0.16,1.11,0.301,Balanced
43,201902,8387.39,48758,96654,4,16,2,0.501,5.81,0.479,Balanced
21,126718,3899.12,359448,135789,4,23,2,0.631,92.19,1.072,Balanced
42,168199,6918.4,306119,78771,1,12,1,0.506,44.25,0.468,Balanced
62,234560,9837.62,45011,5189,2,19,7,0.497,4.58,0.022,Balanced
59,31539,2234.4,266850,127029,0,25,1,0.15,119.43,4.028,Conservative
42,197833,11657.04,379532,86859,0,3,3,0.293,32.56,0.439,Conservative
35,66219,2179.36,19848,121383,0,13,8,0.605,9.11,1.833,Aggressive
57,165764,5863.32,56557,77508,1,21,1,0.576,9.65,0.468,Balanced
25,234728,8521.05,167653,105498,1,22,6,0.564,19.68,0.449,Aggressive
56,33334,1935.41,376003,132937,1,29,2,0.303,194.28,3.988,Conservative
57,179687,11297.49,118115,121389,0,25,9,0.246,10.45,0.676,Balanced
31,27903,1913.23,455924,135612,4,23,2,0.177,238.3,4.86,Conservative
49,179599,12981.27,418570,79132,0,12,6,0.133,32.24,0.441,Balanced
68,166701,6403.23,496478,80922,1,23,4,0.539,77.54,0.485,Balanced
55,78008,3382.78,280676,64761,1,5,9,0.48,82.97,0.83,Balanced
50,234348,9416.45,317323,57276,2,29,1,0.518,33.7,0.244,Balanced
40,119318,5442.08,259746,103793,3,5,1,0.453,47.73,0.87,Conservative
32,177780,12638.17,160844,104389,2,39,10,0.147,12.73,0.587,Aggressive
50,161932,8991.44,370298,69721,2,35,3,0.334,41.18,0.431,Balanced
42,168510,10616.21,238060,36994,0,35,6,0.244,22.42,0.22,Aggressive
34,87300,4507.34,114669,90016,3,17,3,0.38,25.44,1.031,Conservative
50,149263,4550.93,297753,118569,3,30,7,0.634,65.43,0.794,Balanced
64,222617,7148.0,51170,7692,0,2,9,0.615,7.16,0.035,Balanced
72,40842,2198.18,493858,126728,4,15,10,0.354,224.67,3.103,Balanced
19,211285,13123.16,312666,134229,0,23,2,0.255,23.83,0.635,Balanced
31,62372,2434.75,399254,79241,4,26,4,0.532,163.98,1.27,Balanced
70,134316,8361.73,44737,85016,4,11,3,0.253,5.35,0.633,Conservative
57,118971,7890.42,141105,92235,3,24,6,0.204,17.88,0.775,Conservative
57,219978,10568.91,490044,95106,0,9,5,0.423,46.37,0.432,Balanced
68,58744,3723.05,453366,12793,0,14,3,0.239,121.77,0.218,Conservative
56,136082,6489.03,464729,86169,3,24,9,0.428,71.62,0.633,Balanced
68,77442,4666.48,272007,128929,2,7,8,0.277,58.29,1.665,Balanced
23,149070,9567.79,209372,15637,0,10,3,0.23,21.88,0.105,Balanced
23,105990,7910.03,46804,85331,1,33,10,0.104,5.92,0.805,Aggressive
20,141670,6374.77,247388,94058,1,33,5,0.46,38.81,0.664,Aggressive
24,126917,6092.78,12319,74774,0,27,5,0.424,2.02,0.589,Balanced
68,23650,869.32,12691,130479,4,8,5,0.559,14.6,5.517,Conservative
25,65117,2508.31,6999,109422,3,14,8,0.538,2.79,1.68,Balanced
59,111244,6780.02,63501,48179,4,7,3,0.269,9.37,0.433,Conservative
69,203844,14513.27,110883,121170,1,18,3,0.146,7.64,0.594,Conservative
32,23190,1095.79,18168,140328,1,26,8,0.433,16.58,6.051,Aggressive
64,68113,2548.08,140334,54947,3,15,9,0.551,55.07,0.807,Balanced
46,159861,6751.53,359472,131589,1,33,5,0.493,53.24,0.823,Balanced
50,52125,2607.46,150820,125334,2,11,10,0.4,57.84,2.404,Balanced
69,249767,10612.14,366993,87138,1,19,8,0.49,34.58,0.349,Aggressive
47,150000,5980.86,176516,14676,4,18,5,0.522,29.51,0.098,Balanced
56,168531,10600.48,208441,141853,4,22,4,0.245,19.66,0.842,Conservative
44,186490,5506.35,379309,84192,2,36,2,0.646,68.89,0.451,Balanced
53,131904,7107.17,262066,100612,4,18,4,0.353,36.87,0.763,Balanced
46,198157,12988.72,358832,64758,4,18,2,0.213,27.63,0.327,Conservative
55,38768,1603.79,107442,49962,4,22,7,0.504,66.99,1.289,Balanced
74,201033,11422.2,13570,45528,0,25,7,0.318,1.19,0.226,Balanced
50,101099,6048.21,91892,139340,2,31,9,0.282,15.19,1.378,Balanced
54,178957,10592.22,97664,149765,2,9,4,0.29,9.22,0.837,Conservative
44,107421,5328.24,169379,106212,1,38,5,0.405,31.79,0.989,Balanced
72,212154,9557.85,351603,48139,2,19,4,0.459,36.79,0.227,Balanced
50,26895,1814.87,441749,144299,3,25,4,0.19,243.41,5.365,Conservative
21,201383,12874.17,418928,43701,2,15,5,0.233,32.54,0.217,Aggressive
39,240566,10558.65,101777,95238,3,5,3,0.473,9.64,0.396,Balanced
19,218139,7392.38,5126,71925,4,11,9,0.593,0.69,0.33,Balanced
27,91017,2954.22,49770,62425,3,13,7,0.611,16.85,0.686,Balanced
22,43932,1471.18,303411,109724,0,34,1,0.598,206.24,2.498,Balanced
27,41360,2311.26,324149,45229,4,8,1,0.329,140.25,1.094,Conservative
50,74847,2360.26,2792,85478,3,25,1,0.622,1.18,1.142,Conservative
71,110365,4923.29,379436,25268,4,27,3,0.465,77.07,0.229,Balanced
55,105468,6717.08,277503,62448,0,11,9,0.236,41.31,0.592,Balanced
30,58931,2513.86,424301,142301,4,18,8,0.488,168.78,2.415,Aggressive
48,75823,4864.17,476059,45292,4,10,9,0.23,97.87,0.597,Balanced
64,58032,3675.39,397535,6300,2,33,5,0.24,108.16,0.109,Balanced
53,232498,9400.76,483339,39934,1,36,7,0.515,51.41,0.172,Aggressive
62,38807,2428.19,111486,65873,3,17,10,0.249,45.91,1.697,Balanced
41,162839,10330.47,1780,144517,1,5,9,0.239,0.17,0.887,Conservative
69,159143,7540.72,457196,1867,0,23,5,0.431,60.63,0.012,Balanced
73,73413,2849.23,472493,94117,0,3,8,0.534,165.83,1.282,Balanced
32,177221,9403.04,145719,135714,4,39,8,0.363,15.5,0.766,Aggressive
46,35540,2537.46,216924,130230,1,37,3,0.143,85.49,3.664,Conservative
25,90248,5277.92,247022,102190,3,10,5,0.298,46.8,1.132,Balanced
22,242809,9006.34,198737,8352,3,27,8,0.555,22.07,0.034,Aggressive
46,130494,7889.63,497519,133108,4,7,10,0.274,63.06,1.02,Balanced
64,105435,5139.62,271278,14722,3,29,3,0.415,52.78,0.14,Balanced
21,39787,2239.15,331194,48324,2,39,3,0.325,147.91,1.215,Balanced
29,40982,2574.13,142345,147258,1,6,6,0.246,55.3,3.593,Balanced
62,42606,2248.25,149453,59085,0,9,7,0.367,66.48,1.387,Conservative
19,161222,10717.11,455312,108003,3,8,7,0.202,42.48,0.67,Balanced
44,237001,14756.98,139852,128501,3,14,6,0.253,9.48,0.542,Balanced
48,132223,7583.98,60093,91487,3,38,7,0.312,7.92,0.692,Balanced
68,66936,2414.92,157127,2281,4,9,7,0.567,65.07,0.034,Balanced
68,113286,7644.65,304065,96231,0,11,4,0.19,39.77,0.849,Conservative
53,159665,11505.83,85972,132673,1,11,8,0.135,7.47,0.831,Balanced
53,168430,5969.87,158904,109976,3,35,8,0.575,26.62,0.653,Balanced
43,233215,12020.92,307232,132371,2,11,2,0.381,25.56,0.568,Balanced
60,57381,2354.48,355257,58054,4,36,10,0.508,150.89,1.012,Balanced
44,141465,9018.25,401353,145866,1,3,5,0.235,44.5,1.031,Conservative
22,241419,15026.25,90991,95684,3,19,2,0.253,6.06,0.396,Balanced
37,48074,1712.58,86916,113052,1,8,3,0.573,50.75,2.352,Conservative
28,171667,11907.47,308802,147098,4,28,3,0.168,25.93,0.857,Conservative
27,64194,2404.79,54298,96633,2,1,5,0.55,22.58,1.505,Balanced
57,200449,13171.04,445851,149502,3,30,8,0.212,33.85,0.746,Balanced
55,46853,2347.88,147727,101185,2,38,3,0.399,62.92,2.16,Conservative
23,93719,4143.55,462312,116505,4,11,7,0.469,111.57,1.243,Balanced
25,171733,6254.4,440181,84118,2,29,5,0.563,70.38,0.49,Aggressive
40,201565,7427.47,310725,134404,4,31,10,0.558,41.83,0.667,Aggressive
64,138724,8254.54,450702,109970,2,10,10,0.286,54.6,0.793,Balanced
43,187567,10202.66,318600,63455,1,35,10,0.347,31.23,0.338,Aggressive
63,33703,1171.59,302922,100481,1,29,4,0.583,258.56,2.981,Balanced
60,204152,7008.94,68986,38809,4,37,2,0.588,9.84,0.19,Balanced
29,181887,5907.85,185264,95264,1,2,6,0.61,31.36,0.524,Balanced
43,180637,11426.37,309799,80068,2,1,4,0.241,27.11,0.443,Balanced
30,214393,13248.33,89838,39828,2,32,4,0.258,6.78,0.186,Aggressive
57,137491,4378.37,137635,91181,3,24,5,0.618,31.44,0.663,Balanced
35,78453,4302.81,342385,45329,4,2,9,0.342,79.57,0.578,Balanced
42,108478,3584.94,45190,15956,1,3,1,0.603,12.61,0.147,Balanced
50,53161,3752.55,389948,63756,4,9,5,0.153,103.92,1.199,Conservative
64,207063,14648.23,158079,103250,1,24,5,0.151,10.79,0.499,Balanced
57,134296,8214.75,8161,80604,3,12,2,0.266,0.99,0.6,Conservative
60,160788,11515.15,167761,87745,2,34,3,0.141,14.57,0.546,Conservative
29,53349,3540.15,231866,62809,2,34,4,0.204,65.5,1.177,Balanced
61,67098,4505.05,144629,87964,0,23,1,0.194,32.1,1.311,Conservative
53,128435,7099.67,217348,4089,4,19,10,0.337,30.61,0.032,Aggressive
65,151204,6531.16,362430,30788,1,32,3,0.482,55.49,0.204,Balanced
21,71990,2818.35,429029,92959,0,28,1,0.53,152.23,1.291,Balanced
22,88921,3927.05,299632,79535,4,26,1,0.47,76.3,0.894,Balanced
73,187610,10876.26,144063,74478,1,12,9,0.304,13.25,0.397,Aggressive
54,120572,4470.82,322803,146912,3,31,4,0.555,72.2,1.218,Balanced
25,27213,1116.3,296054,134322,4,11,4,0.508,265.21,4.936,Balanced
59,144693,7324.28,341512,55714,1,4,4,0.393,46.63,0.385,Balanced
66,195295,7782.14,193601,85358,2,18,9,0.522,24.88,0.437,Aggressive
45,111655,6269.0,479554,80037,4,29,8,0.326,76.5,0.717,Balanced
48,88371,6316.66,34854,55509,1,39,4,0.142,5.52,0.628,Conservative
26,88274,5601.35,346973,10768,2,31,6,0.239,61.94,0.122,Aggressive
71,127853,7634.26,7004,124751,2,28,2,0.283,0.92,0.976,Conservative
68,24134,1348.48,356605,64684,0,27,6,0.33,264.45,2.68,Balanced
46,111428,5741.99,292455,120834,1,30,1,0.382,50.93,1.084,Conservative
31,59601,2248.0,442922,119678,0,11,5,0.547,197.03,2.008,Balanced
57,93889,6588.59,488998,18167,0,14,8,0.158,74.22,0.193,Aggressive
58,35690,1447.51,279869,48505,3,4,1,0.513,193.34,1.359,Conservative
39,21909,730.7,498948,5117,0,36,2,0.6,682.83,0.234,Balanced
28,111239,7068.39,228081,40706,0,1,3,0.237,32.27,0.366,Conservative
40,100032,3722.76,103391,141405,3,39,7,0.553,27.77,1.414,Balanced
18,32062,1481.65,255436,14922,3,37,8,0.445,172.4,0.465,Aggressive
63,95386,2905.75,93232,84053,4,33,4,0.634,32.09,0.881,Balanced
54,244309,8660.5,150862,57861,0,21,8,0.575,17.42,0.237,Aggressive
38,185803,6894.25,251348,2477,2,24,1,0.555,36.46,0.013,Balanced
43,156225,4946.16,207232,86878,3,13,3,0.62,41.9,0.556,Balanced
63,161553,9574.19,497076,6137,1,34,4,0.289,51.92,0.038,Balanced
53,119270,8054.25,235858,35644,4,38,5,0.19,29.28,0.299,Balanced
71,86425,3999.49,264916,98346,4,29,9,0.445,66.24,1.138,Balanced
40,214672,14866.34,137713,128823,0,36,2,0.169,9.26,0.6,Balanced
74,104981,4088.49,327624,139667,2,5,7,0.533,80.13,1.33,Conservative
18,223069,9832.97,319811,46261,3,20,3,0.471,32.52,0.207,Balanced
71,124470,4490.31,418394,108712,1,29,10,0.567,93.18,0.873,Balanced
72,179277,10327.96,337341,88266,0,11,2,0.309,32.66,0.492,Conservative
68,108887,5271.29,132643,105153,2,8,9,0.419,25.16,0.966,Balanced
57,101542,5815.87,148692,137758,0,28,3,0.313,25.57,1.357,Conservative
32,195221,12509.13,91977,63039,0,18,8,0.231,7.35,0.323,Aggressive
38,69112,3744.35,236252,59737,4,30,1,0.35,63.1,0.864,Balanced
64,162012,9385.85,155705,94649,1,14,5,0.305,16.59,0.584,Balanced
26,79010,5691.27,397346,50029,1,9,5,0.136,69.82,0.633,Balanced
70,227866,9769.48,328407,34654,1,10,6,0.486,33.62,0.152,Balanced
26,44485,2029.78,114146,83032,1,25,7,0.452,56.24,1.867,Aggressive
27,109299,6783.25,498685,72988,3,27,3,0.255,73.52,0.668,Conservative
69,125584,7181.5,342188,129694,3,2,5,0.314,47.65,1.033,Conservative
74,152139,5682.3,186435,26474,1,3,8,0.552,32.81,0.174,Balanced
70,40607,1884.44,449024,97409,2,29,6,0.443,238.28,2.399,Balanced
43,81597,4129.56,282598,121483,3,37,2,0.393,68.43,1.489,Balanced
58,94554,4575.35,385968,14426,3,27,7,0.419,84.36,0.153,Balanced
52,199593,7452.32,368941,126689,2,4,3,0.552,49.51,0.635,Conservative
69,35187,2517.15,342855,30541,1,35,10,0.142,136.21,0.868,Balanced
42,23985,1537.59,325431,120646,0,27,9,0.231,211.65,5.03,Aggressive
43,194124,9944.74,133191,74916,3,19,4,0.385,13.39,0.386,Balanced
28,170635,10295.46,341065,125475,0,10,4,0.276,33.13,0.735,Balanced
55,198394,13945.54,199312,77340,0,26,4,0.156,14.29,0.39,Balanced
19,212317,7517.72,499762,91092,2,7,10,0.575,66.48,0.429,Aggressive
24,71514,2906.48,77730,136037,1,27,10,0.512,26.74,1.902,Aggressive
35,38608,2086.39,110622,122400,0,30,8,0.352,53.02,3.17,Aggressive
44,218334,14363.75,171914,147834,1,12,1,0.211,11.97,0.677,Conservative
51,243190,7497.15,403089,67468,4,5,3,0.63,53.77,0.277,Conservative
44,91327,6782.63,274092,14213,1,13,8,0.109,40.41,0.156,Aggressive
34,208297,10418.3,443665,24839,2,4,7,0.4,42.59,0.119,Balanced
60,225066,10270.08,162782,30325,2,2,6,0.452,15.85,0.135,Balanced
61,37221,1584.99,419126,91583,4,37,7,0.489,264.43,2.461,Balanced
68,68506,2545.55,196619,10207,2,34,1,0.554,77.24,0.149,Balanced
71,40968,2681.24,256484,95971,1,6,8,0.215,95.66,2.343,Balanced
41,147677,10773.99,422744,103318,1,26,4,0.125,39.24,0.7,Balanced
42,233678,11245.84,199872,145886,1,11,1,0.422,17.77,0.624,Balanced
24,179009,13035.31,306013,17684,2,1,4,0.126,23.48,0.099,Balanced
69,213507,14288.75,196307,3373,1,34,2,0.197,13.74,0.016,Conservative
23,200580,10272.67,381016,90685,3,21,5,0.385,37.09,0.452,Aggressive
70,192903,11585.66,274111,108033,4,10,1,0.279,23.66,0.56,Conservative
41,194005,9526.31,139771,99687,3,5,1,0.411,14.67,0.514,Balanced
50,198379,10866.17,27595,15178,1,26,5,0.343,2.54,0.077,Balanced
66,199412,6346.71,109215,25956,2,19,2,0.618,17.21,0.13,Balanced
46,122951,7509.69,229571,118225,4,21,9,0.267,30.57,0.962,Balanced
60,128306,4052.9,301651,40692,3,34,10,0.621,74.43,0.317,Aggressive
39,237410,15815.4,261269,44119,1,29,7,0.201,16.52,0.186,Aggressive
43,63601,4259.79,119062,91635,2,38,4,0.196,27.95,1.441,Balanced
45,227028,9088.55,441427,4991,1,15,7,0.52,48.57,0.022,Balanced
67,92178,4055.94,276261,5202,3,16,8,0.472,68.11,0.056,Aggressive
38,236383,12109.13,28804,127492,3,18,8,0.385,2.38,0.539,Balanced
66,179826,10162.64,462581,20316,4,1,8,0.322,45.52,0.113,Balanced
24,194382,8229.56,97229,29695,2,11,5,0.492,11.81,0.153,Aggressive
34,89893,5062.98,186793,134694,0,36,7,0.324,36.89,1.498,Balanced
37,106799,4572.62,208671,115152,1,32,7,0.486,45.63,1.078,Balanced
58,68367,2167.92,71620,57132,2,28,2,0.619,33.04,0.836,Conservative
66,33201,972.21,74841,1610,0,6,3,0.649,76.98,0.048,Conservative
37,153811,5199.24,353444,126092,2,7,2,0.594,67.98,0.82,Conservative
71,33231,2175.9,75125,148060,1,24,3,0.214,34.53,4.455,Conservative
39,193567,14175.35,407355,95862,1,10,9,0.121,28.74,0.495,Aggressive
45,172240,8394.28,156257,146407,4,30,7,0.415,18.61,0.85,Balanced
57,183696,9674.29,65916,2602,3,17,4,0.368,6.81,0.014,Balanced
66,161707,5804.83,114292,92295,3,8,8,0.569,19.69,0.571,Balanced
24,29964,1630.71,60856,55625,3,12,7,0.347,37.32,1.856,Balanced
18,178857,6402.49,273754,85720,4,26,10,0.57,42.76,0.479,Aggressive
49,246118,14073.19,99964,106464,3,17,6,0.314,7.1,0.433,Balanced
30,233869,16824.77,242049,80934,2,35,4,0.137,14.39,0.346,Balanced
47,235862,8994.88,446478,15903,3,5,5,0.542,49.64,0.067,Balanced
40,228000,14639.69,152700,142381,3,11,10,0.229,10.43,0.624,Balanced
68,32336,977.97,106135,8070,1,16,8,0.637,108.53,0.25,Aggressive
73,97475,4520.59,15184,121378,4,30,3,0.443,3.36,1.245,Conservative
36,178484,6111.76,444871,33217,4,6,3,0.589,72.79,0.186,Balanced
49,102212,4632.43,113602,129301,3,20,5,0.456,24.52,1.265,Balanced
47,95379,3540.51,287063,94961,0,20,9,0.555,81.08,0.996,Aggressive
46,65591,3035.32,260214,61305,1,24,5,0.445,85.73,0.935,Balanced
66,81750,3948.78,133099,15106,3,27,1,0.42,33.71,0.185,Balanced
62,110648,4751.64,408936,33837,0,3,5,0.485,86.06,0.306,Conservative
46,116134,6882.31,417418,4017,2,24,9,0.289,60.65,0.035,Aggressive
47,186526,13295.71,371053,29420,1,10,7,0.145,27.91,0.158,Balanced
33,118537,5633.74,258793,101123,4,25,9,0.43,45.94,0.853,Aggressive
57,82672,3140.08,28257,13582,0,28,10,0.544,9.0,0.164,Aggressive
36,47228,1963.49,309308,79403,3,18,10,0.501,157.53,1.681,Aggressive
35,34429,2351.79,210193,107686,0,14,5,0.18,89.38,3.128,Balanced
18,104294,5774.43,388870,81483,4,1,3,0.336,67.34,0.781,Conservative
31,218880,10948.67,277849,77468,2,20,2,0.4,25.38,0.354,Balanced
68,233958,8428.34,251429,142057,0,25,9,0.568,29.83,0.607,Balanced
64,135577,6748.91,322851,137447,3,12,5,0.403,47.84,1.014,Conservative
67,204087,8557.55,21494,15805,0,39,1,0.497,2.51,0.077,Conservative
19,108074,7824.01,490197,17107,2,9,2,0.131,62.65,0.158,Balanced
71,88936,6197.64,121909,73071,0,9,2,0.164,19.67,0.822,Conservative
45,231979,7658.14,254957,147542,2,25,4,0.604,33.29,0.636,Balanced
66,77378,4089.17,86670,6846,2,30,6,0.366,21.2,0.088,Balanced
67,57310,2262.7,109002,69685,1,28,8,0.526,48.17,1.216,Balanced
47,121827,5846.96,31069,29925,1,2,3,0.424,5.31,0.246,Conservative
55,234755,16281.56,358355,53989,3,25,10,0.168,22.01,0.23,Aggressive
68,219899,11730.38,111202,113333,3,18,10,0.36,9.48,0.515,Balanced
21,186328,8288.78,269270,68748,3,24,6,0.466,32.49,0.369,Aggressive
18,227500,8803.09,101659,96080,2,18,4,0.536,11.55,0.422,Aggressive
25,119862,7892.7,4464,97601,2,27,8,0.21,0.57,0.814,Balanced
46,58889,3403.22,254195,92601,1,35,9,0.307,74.69,1.572,Aggressive
72,71428,3615.66,441093,22694,2,34,9,0.393,122.0,0.318,Aggressive
56,130502,5107.16,375438,137114,1,38,6,0.53,73.51,1.051,Balanced
20,188279,8375.83,280702,139085,0,6,2,0.466,33.51,0.739,Balanced
49,70255,5139.82,222874,31285,3,16,2,0.122,43.36,0.445,Conservative
27,125824,6669.19,243206,42446,3,23,10,0.364,36.47,0.337,Aggressive
27,242603,11531.42,166732,52679,4,28,9,0.43,14.46,0.217,Aggressive
36,25409,1348.33,147834,90184,1,13,5,0.363,109.64,3.549,Balanced
63,62438,4050.37,367826,3754,4,12,7,0.222,90.81,0.06,Balanced
51,246431,11029.02,244780,11187,3,11,6,0.463,22.19,0.045,Balanced
50,27869,1041.11,493941,114311,4,22,9,0.552,474.44,4.102,Balanced
40,207934,11639.36,226073,66082,0,31,5,0.328,19.42,0.318,Aggressive
72,239009,14258.13,142456,105654,4,27,8,0.284,9.99,0.442,Balanced
45,45958,2841.72,260033,111693,0,27,4,0.258,91.51,2.43,Balanced
49,227374,15823.21,4933,100272,3,26,7,0.165,0.31,0.441,Conservative
67,170840,7889.19,346391,4516,2,7,9,0.446,43.91,0.026,Aggressive
24,247402,8070.36,338871,66795,1,11,2,0.609,41.99,0.27,Balanced
46,177217,12952.96,293707,23376,4,22,9,0.123,22.67,0.132,Aggressive
25,95622,4695.49,296128,89676,0,19,8,0.411,63.07,0.938,Aggressive
18,46442,2681.22,349424,84853,3,38,10,0.307,130.32,1.827,Aggressive
74,101948,6086.87,90696,68045,3,20,1,0.284,14.9,0.667,Conservative
72,45596,2472.0,430252,44968,2,19,10,0.349,174.05,0.986,Balanced
20,95791,3695.07,494727,143336,3,19,7,0.537,133.89,1.496,Balanced
41,62406,3980.09,292728,127560,3,36,5,0.235,73.55,2.044,Balanced
40,60524,3994.9,114955,149018,2,27,5,0.208,28.78,2.462,Balanced
25,174404,9507.0,287446,26365,3,17,7,0.346,30.24,0.151,Aggressive
71,130160,6710.93,249617,63913,0,18,10,0.381,37.2,0.491,Aggressive
74,166836,5737.3,239375,96100,4,20,4,0.587,41.72,0.576,Balanced
64,178635,5897.54,57512,56350,4,8,1,0.604,9.75,0.315,Conservative
54,238747,10679.17,115110,16588,0,11,6,0.463,10.78,0.069,Balanced
20,187442,8137.57,250464,146112,4,30,1,0.479,30.78,0.78,Balanced
68,25062,1826.42,414330,148197,3,12,1,0.125,226.85,5.913,Conservative
50,64645,4207.27,464285,130804,4,23,8,0.219,110.35,2.023,Balanced
45,142759,8481.77,332566,93606,4,6,4,0.287,39.21,0.656,Conservative
64,27244,1441.0,209258,72585,3,35,5,0.365,145.22,2.664,Balanced
25,157444,5799.87,8657,56989,4,15,10,0.558,1.49,0.362,Balanced
51,105501,7808.4,49242,4737,3,38,10,0.112,6.31,0.045,Aggressive
52,137450,6371.64,227516,50257,2,28,1,0.444,35.71,0.366,Balanced
49,215543,7342.99,8175,81563,2,7,10,0.591,1.11,0.378,Balanced
41,36956,1914.29,288872,10015,4,6,7,0.378,150.9,0.271,Balanced
31,191545,13259.69,280895,59991,2,27,2,0.169,21.18,0.313,Balanced
49,164966,11520.26,23849,36965,4,2,6,0.162,2.07,0.224,Conservative
73,249990,7417.02,129917,146167,2,6,9,0.644,17.52,0.585,Balanced
63,220658,15399.4,311822,146125,4,32,2,0.163,20.25,0.662,Conservative
60,36709,1527.45,344006,114776,1,29,6,0.501,225.22,3.127,Balanced
33,232330,7191.29,252416,63386,0,34,5,0.629,35.1,0.273,Aggressive
21,138428,9416.39,242717,127583,2,1,2,0.184,25.78,0.922,Conservative
69,35210,2421.06,206232,108702,3,15,9,0.175,85.18,3.087,Balanced
54,200582,11331.66,138160,52337,0,10,2,0.322,12.19,0.261,Balanced
71,122081,6774.87,96979,12573,4,10,1,0.334,14.31,0.103,Conservative
38,189746,12605.71,245698,17248,0,10,9,0.203,19.49,0.091,Aggressive
31,120025,7826.33,129544,106550,3,37,9,0.218,16.55,0.888,Balanced
48,168805,11810.13,487286,119359,3,32,9,0.16,41.26,0.707,Balanced
72,171152,9327.94,88187,92192,4,36,8,0.346,9.45,0.539,Aggressive
65,204484,15033.08,128825,16941,2,25,4,0.118,8.57,0.083,Balanced
35,144476,10810.19,63696,78554,2,15,9,0.102,5.89,0.544,Aggressive
24,210043,7248.23,32900,144160,1,9,2,0.586,4.54,0.686,Conservative
27,190781,12992.97,276180,86211,3,16,1,0.183,21.26,0.452,Balanced
24,79846,4158.0,396416,16124,1,19,10,0.375,95.34,0.202,Aggressive
50,85480,4011.59,223182,3819,3,12,7,0.437,55.63,0.045,Balanced
40,72960,4178.11,468061,95822,1,35,6,0.313,112.03,1.313,Balanced
38,192224,6099.6,408831,11164,2,5,3,0.619,67.03,0.058,Balanced
36,178322,9340.41,184501,32701,3,38,2,0.371,19.75,0.183,Balanced
65,105765,7306.51,177085,115295,2,6,8,0.171,24.24,1.09,Balanced
36,137265,5346.52,85107,107747,0,14,4,0.533,15.92,0.785,Balanced
53,68137,3318.92,38600,36603,2,12,6,0.415,11.63,0.537,Balanced
46,233083,16834.7,220298,122857,3,22,4,0.133,13.09,0.527,Balanced
35,138922,6780.67,415156,4235,0,4,9,0.414,61.23,0.03,Aggressive
19,141280,6441.22,223188,124558,1,18,5,0.453,34.65,0.882,Balanced
18,197484,9747.4,33447,12015,4,31,6,0.408,3.43,0.061,Aggressive
64,63876,3383.83,336176,14601,3,35,9,0.364,99.35,0.229,Aggressive
22,114547,6658.95,240653,7509,4,4,6,0.302,36.14,0.066,Balanced
37,224736,14802.26,343042,147990,4,9,2,0.21,23.17,0.659,Conservative
28,70227,3503.49,59913,40975,0,15,1,0.401,17.1,0.583,Balanced
59,183522,12228.9,235340,41520,1,21,9,0.2,19.24,0.226,Aggressive
19,104433,5600.62,416820,35693,2,32,2,0.356,74.42,0.342,Balanced
20,93704,4186.73,259310,26959,0,9,2,0.464,61.94,0.288,Balanced
40,26861,1593.47,345485,909,1,32,4,0.288,216.81,0.034,Aggressive
72,81914,5083.77,36360,80041,2,16,10,0.255,7.15,0.977,Balanced
29,83888,4592.36,455900,103312,2,5,10,0.343,99.27,1.232,Aggressive
37,99286,3153.47,464779,131190,1,31,3,0.619,147.39,1.321,Balanced
22,81293,3004.02,387034,68649,2,25,7,0.557,128.84,0.844,Aggressive
54,233596,9867.75,14227,109556,3,1,7,0.493,1.44,0.469,Conservative
55,88515,3728.28,227075,104457,3,3,3,0.495,60.91,1.18,Conservative
47,174596,10481.31,352029,80301,0,21,3,0.28,33.59,0.46,Conservative
26,27065,812.16,396435,18480,2,28,9,0.64,488.13,0.683,Aggressive
51,188756,12043.03,254373,7944,2,3,7,0.234,21.12,0.042,Conservative
70,108720,4493.2,376415,35022,1,32,3,0.504,83.77,0.322,Balanced
61,184437,8000.14,144496,90625,3,32,3,0.479,18.06,0.491,Conservative
52,78876,4209.02,271859,48707,4,30,3,0.36,64.59,0.618,Conservative
69,174776,6827.32,246411,28708,0,13,9,0.531,36.09,0.164,Aggressive
39,208929,14563.38,90624,58823,3,34,8,0.164,6.22,0.282,Aggressive
61,156694,5183.34,91326,38399,1,4,7,0.603,17.62,0.245,Balanced
41,103797,5141.5,60994,124420,0,18,8,0.406,11.86,1.199,Aggressive
34,245027,16685.98,179581,118431,4,32,1,0.183,10.76,0.483,Balanced
27,111141,6378.7,348189,149227,0,14,9,0.311,54.59,1.343,Aggressive
47,245779,10461.61,425628,20838,3,32,5,0.489,40.68,0.085,Balanced
73,238772,11568.86,254700,44035,4,6,5,0.419,22.02,0.184,Balanced
63,230404,14182.94,263788,30294,1,17,5,0.261,18.6,0.131,Balanced
40,122390,9029.26,381814,128557,0,8,9,0.115,42.29,1.05,Balanced
49,116856,8191.86,431018,74233,3,35,5,0.159,52.62,0.635,Conservative
34,86201,3867.11,126723,136700,1,24,2,0.462,32.77,1.586,Balanced
67,183766,13767.27,342815,103217,4,3,6,0.101,24.9,0.562,Conservative
68,109766,3219.14,230596,110367,0,17,7,0.648,71.63,1.005,Balanced
34,42995,1308.47,447436,70254,2,36,7,0.635,341.95,1.634,Balanced
31,112320,7517.13,380561,19060,3,17,7,0.197,50.63,0.17,Balanced
26,100141,3836.27,460258,131168,3,30,2,0.54,119.98,1.31,Balanced
57,234071,7479.02,382060,83883,2,25,6,0.617,51.08,0.358,Balanced
19,159491,6385.37,208598,95932,1,22,9,0.52,32.67,0.601,Aggressive
62,199024,9691.72,158616,122455,3,37,1,0.416,16.37,0.615,Conservative
42,184909,11584.73,204207,11058,1,11,3,0.248,17.63,0.06,Balanced
56,90799,5246.55,482752,143290,4,12,6,0.307,92.01,1.578,Balanced
26,199949,8009.48,242187,148054,2,21,7,0.519,30.24,0.74,Aggressive
71,65687,3431.04,119001,60325,1,15,2,0.373,34.68,0.918,Conservative
39,57276,4102.0,1037,90540,4,12,10,0.141,0.25,1.581,Conservative
60,54523,3626.93,114733,46622,0,22,8,0.202,31.63,0.855,Balanced
63,217127,9549.14,77052,44741,3,39,6,0.472,8.07,0.206,Balanced
21,74615,5535.47,298097,46908,2,35,9,0.11,53.85,0.629,Aggressive
43,247714,15270.35,2480,116455,0,16,9,0.26,0.16,0.47,Balanced
46,30514,977.33,334086,103468,0,33,9,0.616,341.84,3.391,Aggressive
62,67456,2076.17,164879,91628,0,14,9,0.631,79.41,1.358,Balanced
51,27233,1004.5,89466,66875,1,18,2,0.557,89.07,2.456,Conservative
40,21102,1319.44,176416,48316,3,16,10,0.25,133.71,2.29,Balanced
54,86133,3237.57,160201,143358,2,3,10,0.549,49.48,1.664,Balanced
28,66715,3509.86,421491,63539,3,26,7,0.369,120.09,0.952,Balanced
23,236265,7900.96,433745,29235,3,15,5,0.599,54.9,0.124,Aggressive
35,130545,9317.51,96434,25552,3,36,9,0.144,10.35,0.196,Aggressive
38,124085,5575.33,193432,13629,4,27,1,0.461,34.69,0.11,Balanced
59,129101,9138.98,196355,46489,4,17,10,0.151,21.49,0.36,Balanced
53,157328,11402.11,254935,104770,4,14,7,0.13,22.36,0.666,Conservative
58,128684,3789.43,42488,95461,4,2,10,0.647,11.21,0.742,Balanced
55,84800,4277.27,449168,103767,3,27,5,0.395,105.01,1.224,Balanced
51,114937,3482.22,131623,143915,3,24,9,0.636,37.8,1.252,Balanced
34,61548,4358.53,287462,97571,2,35,7,0.15,65.95,1.585,Balanced
54,223162,11811.3,395402,23988,2,4,4,0.365,33.48,0.107,Balanced
42,229272,7474.63,412921,115958,2,26,8,0.609,55.24,0.506,Aggressive
55,193439,6619.68,482199,98219,2,36,9,0.589,72.84,0.508,Aggressive
29,148845,6957.64,254380,33301,2,4,9,0.439,36.56,0.224,Aggressive
40,133815,9669.57,401812,80513,4,34,10,0.133,41.55,0.602,Balanced
70,240994,14682.56,108836,139023,3,13,4,0.269,7.41,0.577,Conservative
59,221454,15265.38,467868,91607,2,1,6,0.173,30.65,0.414,Conservative
39,147602,6784.17,174659,75101,1,1,4,0.448,25.75,0.509,Balanced
38,146270,4555.91,386218,28715,2,9,1,0.626,84.77,0.196,Balanced
44,146320,10801.77,271189,52975,2,11,6,0.114,25.11,0.362,Balanced
74,177277,5310.11,233566,37109,3,16,8,0.641,43.99,0.209,Aggressive
48,45570,3308.41,379021,76870,4,29,6,0.129,114.56,1.687,Conservative
23,181327,8352.72,271128,114372,0,36,3,0.447,32.46,0.631,Balanced
44,41182,1220.19,459968,125085,3,15,8,0.644,376.97,3.037,Aggressive
57,59373,3607.09,286311,19369,4,39,10,0.271,79.37,0.326,Balanced
51,63019,4670.22,488452,110150,1,2,9,0.111,104.59,1.748,Conservative
29,213691,15690.16,70611,60216,0,10,1,0.119,4.5,0.282,Balanced
62,36043,1317.12,261907,113886,4,11,6,0.561,198.85,3.16,Conservative
74,196604,7367.51,86992,64305,4,30,10,0.55,11.81,0.327,Aggressive
70,217008,11954.36,127500,18506,3,23,8,0.339,10.67,0.085,Aggressive
24,39239,2290.63,76706,72232,4,22,2,0.299,33.49,1.841,Conservative
27,161488,10182.89,147209,3981,2,36,4,0.243,14.46,0.025,Aggressive
62,154484,5787.71,475598,82391,4,29,1,0.55,82.17,0.533,Conservative
34,101976,7456.6,92976,19789,0,32,4,0.123,12.47,0.194,Aggressive
43,44406,2595.19,99441,131380,4,33,2,0.299,38.32,2.959,Conservative
38,21875,1487.27,303391,93046,1,39,3,0.184,203.99,4.254,Conservative
45,188138,10144.34,322393,94908,2,9,4,0.353,31.78,0.504,Balanced
63,156824,7551.76,272135,26497,0,1,3,0.422,36.04,0.169,Conservative
19,237825,17588.16,315744,96060,0,18,6,0.113,17.95,0.404,Balanced
71,229097,12794.43,124069,144438,3,22,7,0.33,9.7,0.63,Balanced
60,152425,10501.83,406347,37649,3,37,7,0.173,38.69,0.247,Balanced
18,178058,12973.17,481186,86117,2,14,1,0.126,37.09,0.484,Balanced
68,237979,14307.4,158754,24105,0,22,5,0.279,11.1,0.101,Balanced
70,34691,1884.64,9403,19843,1,33,3,0.348,4.99,0.572,Conservative
53,220919,6479.02,355366,110250,4,6,1,0.648,54.85,0.499,Conservative
68,68075,2110.39,320426,126000,4,27,1,0.628,151.83,1.851,Conservative
43,30794,1181.64,77761,106643,4,6,2,0.54,65.81,3.463,Conservative
46,219542,8274.99,340250,120606,3,16,10,0.548,41.12,0.549,Aggressive
38,167478,6840.32,298753,130258,0,2,8,0.51,43.68,0.778,Balanced
28,95930,4138.69,82104,21457,0,37,4,0.482,19.84,0.224,Aggressive
57,177944,8126.64,71586,50222,1,29,10,0.452,8.81,0.282,Aggressive
28,61708,2989.22,192008,93857,3,23,3,0.419,64.23,1.521,Balanced
53,135492,4565.81,149739,86245,1,21,8,0.596,32.8,0.637,Aggressive
66,126629,3939.21,25943,68907,0,13,2,0.627,6.59,0.544,Conservative
56,171872,10321.91,211796,157,4,1,9,0.279,20.52,0.001,Balanced
57,194469,10461.37,444356,81568,3,29,4,0.354,42.48,0.419,Balanced
52,143313,7097.33,115655,58266,3,7,9,0.406,16.3,0.407,Balanced
71,188981,11007.23,131060,134390,3,31,1,0.301,11.91,0.711,Conservative
51,41352,2774.8,497603,121399,4,22,5,0.195,179.33,2.936,Conservative
72,121975,5948.63,161120,105525,3,16,10,0.415,27.09,0.865,Balanced
64,113848,6665.95,209221,74493,2,28,7,0.297,31.39,0.654,Conservative
41,166510,12133.93,325002,68148,3,39,4,0.126,26.78,0.409,Balanced
71,239993,16235.4,350469,143092,4,25,5,0.188,21.59,0.596,Balanced
39,64999,3164.91,149732,78309,3,14,9,0.416,47.31,1.205,Aggressive
22,38482,2259.52,362029,30247,2,21,6,0.295,160.22,0.786,Balanced
73,183543,6842.93,439921,443,2,19,6,0.553,64.29,0.002,Balanced
50,67279,3690.74,324924,38741,3,13,2,0.342,88.04,0.576,Conservative
53,129413,9595.23,478561,148360,0,2,1,0.11,49.87,1.146,Conservative
64,74213,3927.56,299496,2910,0,36,4,0.365,76.26,0.039,Balanced
37,133909,9599.06,307665,44169,1,14,10,0.14,32.05,0.33,Aggressive
36,33026,1579.84,368576,100105,2,34,3,0.426,233.3,3.031,Balanced
52,105184,7883.23,6695,17309,0,18,7,0.101,0.85,0.165,Conservative
69,25435,1417.09,198119,145337,1,24,7,0.331,139.81,5.714,Balanced
60,159565,4963.11,418002,94499,0,30,6,0.627,84.22,0.592,Balanced
34,223299,12518.05,427297,95441,3,19,5,0.327,34.13,0.427,Balanced
62,79321,3311.75,78174,114360,2,36,3,0.499,23.61,1.442,Conservative
60,153835,4715.87,289363,58095,0,21,4,0.632,61.36,0.378,Balanced
51,40389,2697.55,361220,2922,3,19,5,0.199,133.91,0.072,Balanced
26,51498,2152.84,311094,58006,1,26,4,0.498,144.5,1.126,Aggressive
43,83755,5500.62,282672,27771,3,35,3,0.212,51.39,0.332,Balanced
19,121545,5150.67,16692,140848,1,4,2,0.491,3.24,1.159,Conservative
70,55825,2125.44,84136,37772,0,21,5,0.543,39.59,0.677,Balanced
26,36934,2725.93,72312,53371,4,3,2,0.114,26.53,1.445,Conservative
26,25574,1169.81,28051,122947,3,5,2,0.451,23.98,4.807,Conservative
57,150698,8549.06,121420,75494,4,29,2,0.319,14.2,0.501,Balanced
34,189251,10810.8,466080,136647,2,19,2,0.315,43.11,0.722,Balanced
18,152659,8374.11,195883,128345,4,17,8,0.342,23.39,0.841,Aggressive
42,62782,4463.19,61944,51105,2,34,7,0.147,13.88,0.814,Balanced
60,205484,12345.18,164696,51720,0,20,9,0.279,13.34,0.252,Aggressive
57,80561,3840.43,276298,112498,0,28,3,0.428,71.94,1.396,Conservative
59,228296,15682.21,703,54080,3,9,1,0.176,0.04,0.237,Conservative
42,155481,5825.16,151701,81393,4,3,6,0.55,26.04,0.523,Balanced
56,147159,7962.9,116784,32309,2,10,9,0.351,14.67,0.22,Aggressive
52,222391,16175.29,334794,127984,2,21,1,0.127,20.7,0.575,Conservative
20,46751,2703.64,244675,33368,4,4,1,0.306,90.5,0.714,Conservative
67,58174,3875.03,164836,93278,0,22,4,0.201,42.54,1.603,Conservative
54,142678,8435.34,406705,77670,0,7,10,0.291,48.21,0.544,Balanced
61,76572,5179.16,390456,125689,2,12,1,0.188,75.39,1.641,Conservative
61,81416,5899.05,180786,128450,3,11,9,0.131,30.65,1.578,Balanced
68,163113,6797.83,460831,11580,0,22,6,0.5,67.79,0.071,Balanced
47,174299,6439.09,455394,20966,1,29,5,0.557,70.72,0.12,Aggressive
55,55201,2834.55,189455,84615,2,27,5,0.384,66.84,1.533,Balanced
51,56069,3439.01,447161,15231,4,20,2,0.264,130.03,0.272,Conservative
29,233262,9232.42,201984,142912,4,14,3,0.525,21.88,0.613,Balanced
36,46370,1361.18,368798,133124,2,7,7,0.648,270.94,2.871,Balanced
54,246090,11045.63,201233,33399,2,15,4,0.461,18.22,0.136,Balanced
61,145342,10693.21,399044,132826,0,28,6,0.117,37.32,0.914,Conservative
66,162658,9925.28,390706,121708,2,10,8,0.268,39.36,0.748,Balanced
34,201303,9574.12,180540,75306,2,3,1,0.429,18.86,0.374,Conservative
27,145758,5537.79,173612,131097,1,12,6,0.544,31.35,0.899,Balanced
74,156394,7113.96,321843,141473,4,13,1,0.454,45.24,0.905,Conservative
72,85294,3151.7,319683,113172,0,39,8,0.557,101.43,1.327,Balanced
66,99468,3385.79,339876,6553,3,34,4,0.592,100.38,0.066,Balanced
64,180371,12756.86,102183,71295,0,1,5,0.151,8.01,0.395,Conservative
29,110715,8291.7,51250,7755,4,38,10,0.101,6.18,0.07,Aggressive
33,90793,3331.07,16619,103300,3,25,2,0.56,4.99,1.138,Conservative
41,197573,6256.27,286661,97910,2,19,3,0.62,45.82,0.496,Balanced
36,208206,9219.22,180352,38409,1,25,7,0.469,19.56,0.184,Aggressive
25,131672,6626.53,157776,97904,1,6,7,0.396,23.81,0.744,Balanced
48,160849,6201.42,413278,55049,4,4,8,0.537,66.64,0.342,Balanced
38,162321,6976.88,418144,46669,4,26,3,0.484,59.93,0.288,Balanced
34,140902,5406.87,257099,145443,1,26,2,0.54,47.55,1.032,Balanced
40,41390,2676.01,21997,72905,3,26,2,0.224,8.22,1.761,Conservative
54,40369,2495.87,266016,135869,3,14,6,0.258,106.58,3.366,Conservative
71,163953,9553.31,89183,130216,0,32,2,0.301,9.34,0.794,Conservative
33,29587,1388.05,280097,78053,2,28,4,0.437,201.79,2.638,Balanced
23,244872,17344.54,113216,16943,3,2,9,0.15,6.53,0.069,Balanced
25,225399,16590.17,314572,108374,2,21,10,0.117,18.96,0.481,Aggressive
42,127009,4715.23,296604,26831,4,14,3,0.554,62.9,0.211,Balanced
35,238983,9413.08,17697,42044,3,37,1,0.527,1.88,0.176,Conservative
42,239219,12740.35,99956,118602,3,2,2,0.361,7.85,0.496,Conservative
29,158905,5299.32,186556,24814,3,5,10,0.6,35.2,0.156,Aggressive
32,67013,3295.07,133455,73586,0,38,10,0.41,40.5,1.098,Aggressive
43,137341,7668.04,279295,59439,4,2,7,0.33,36.42,0.433,Balanced
58,147785,7846.65,479307,38355,1,1,9,0.363,61.08,0.26,Balanced
62,214692,9518.01,3312,59389,0,22,9,0.468,0.35,0.277,Balanced
43,166826,9013.4,96481,15784,0,25,4,0.352,10.7,0.095,Aggressive
64,127584,9327.88,242748,134755,3,30,8,0.123,26.02,1.056,Balanced
49,98113,3788.06,269206,73932,0,9,1,0.537,71.07,0.754,Conservative
27,247703,14659.01,466265,138419,1,37,6,0.29,31.81,0.559,Aggressive
33,106784,3326.93,259732,85520,0,10,8,0.626,78.07,0.801,Aggressive
24,55282,1780.67,333357,88563,0,15,2,0.613,187.21,1.602,Balanced
34,187809,10227.85,283113,83133,3,3,8,0.346,27.68,0.443,Balanced
40,248499,8443.1,181107,56499,4,8,4,0.592,21.45,0.227,Balanced
43,44124,1332.14,455016,14072,1,25,2,0.638,341.57,0.319,Balanced
38,90102,3336.27,380182,12026,3,36,4,0.556,113.95,0.133,Aggressive
39,153268,8438.26,97265,52832,0,21,8,0.339,11.53,0.345,Aggressive
24,81527,5006.01,488353,124559,1,34,4,0.263,97.55,1.528,Balanced
31,150371,5781.3,356167,40966,2,27,8,0.539,61.61,0.272,Aggressive
32,150942,9025.61,89141,31041,0,9,7,0.282,9.88,0.206,Balanced
70,116651,4377.93,220575,96523,4,10,5,0.55,50.38,0.827,Conservative
24,105395,6037.39,83469,145977,0,27,8,0.313,13.83,1.385,Aggressive
26,31345,1506.07,280861,103810,4,25,2,0.423,186.49,3.312,Balanced
68,144544,8547.24,97344,67673,2,13,3,0.29,11.39,0.468,Conservative
65,54077,4043.51,140561,122343,3,4,4,0.103,34.76,2.262,Conservative
25,150429,10853.44,168807,90044,3,16,10,0.134,15.55,0.599,Aggressive
67,217472,6385.61,85395,54100,3,12,5,0.648,13.37,0.249,Balanced
40,32055,2235.81,202263,81156,1,25,5,0.163,90.47,2.532,Balanced
46,123693,3984.67,188422,80359,4,16,1,0.613,47.29,0.65,Conservative
35,105283,7669.65,244012,102169,0,39,1,0.126,31.82,0.97,Conservative
48,64484,2713.72,182014,120136,1,2,1,0.495,67.07,1.863,Conservative
47,97514,4551.62,336141,102800,1,9,5,0.44,73.85,1.054,Balanced
69,110135,3674.85,155555,119140,0,13,2,0.6,42.33,1.082,Conservative
56,55771,1913.64,269830,100850,2,14,3,0.588,141.0,1.808,Conservative
52,208726,13040.28,401222,90230,3,12,8,0.25,30.77,0.432,Balanced
35,197612,14316.7,434742,72750,2,35,10,0.131,30.37,0.368,Aggressive
59,234223,13388.02,177642,144382,2,22,8,0.314,13.27,0.616,Aggressive
56,130284,8074.54,180523,100699,3,21,10,0.256,22.36,0.773,Balanced
34,137399,8805.94,358405,89591,2,3,2,0.231,40.7,0.652,Conservative
31,124885,5146.8,124772,132774,1,22,8,0.505,24.24,1.063,Aggressive
48,180449,5637.17,270435,57873,0,9,9,0.625,47.97,0.321,Aggressive
41,246639,7214.81,192907,14537,1,3,10,0.649,26.74,0.059,Aggressive
52,200645,9076.8,93633,81428,1,31,10,0.457,10.32,0.406,Aggressive
61,193805,7797.51,72806,28544,4,37,6,0.517,9.34,0.147,Balanced
62,149344,4782.43,272537,65549,3,6,1,0.616,56.99,0.439,Conservative
51,162832,6089.11,156726,121875,3,14,3,0.551,25.74,0.748,Conservative
20,133226,4645.97,90354,51955,1,19,5,0.582,19.45,0.39,Aggressive
54,119250,8478.51,444473,110024,3,18,3,0.147,52.42,0.923,Conservative
60,45762,1628.92,192959,2169,4,7,3,0.573,118.46,0.047,Conservative
57,202058,10872.52,172327,110064,0,36,9,0.354,15.85,0.545,Aggressive
43,185404,10447.64,368113,10423,2,29,5,0.324,35.23,0.056,Aggressive
72,191172,10337.93,407230,93988,3,3,8,0.351,39.39,0.492,Balanced
40,156016,5258.79,425074,8017,1,13,7,0.596,80.83,0.051,Aggressive
61,68825,3013.04,219546,32948,3,36,4,0.475,72.87,0.479,Balanced
56,33877,1067.69,387502,91529,1,25,3,0.622,362.94,2.702,Conservative
32,181062,8564.51,103309,101768,2,28,3,0.432,12.06,0.562,Balanced
73,149065,5636.26,486708,77147,3,38,2,0.546,86.35,0.518,Conservative
66,128443,7052.57,24131,32219,2,11,5,0.341,3.42,0.251,Balanced
21,119612,7286.81,268451,115217,1,9,2,0.269,36.84,0.963,Conservative
46,137674,7373.2,465508,79601,4,22,2,0.357,63.14,0.578,Balanced
39,135074,6627.97,257122,100494,4,21,4,0.411,38.79,0.744,Balanced
42,206355,9682.06,474408,109713,0,19,6,0.437,49.0,0.532,Aggressive
30,154330,10454.96,130684,24869,1,33,6,0.187,12.5,0.161,Aggressive
35,51629,2024.94,12408,71164,1,4,8,0.529,6.13,1.378,Balanced
50,188651,11850.74,156007,29093,1,33,6,0.246,13.16,0.154,Balanced
33,174030,11117.84,259387,117299,4,16,6,0.233,23.33,0.674,Balanced
62,190537,9218.18,463536,68925,4,1,4,0.419,50.28,0.362,Conservative
59,236925,10138.72,62216,101367,4,15,5,0.486,6.14,0.428,Balanced
61,35775,1814.98,30932,55553,3,22,7,0.391,17.04,1.553,Balanced
19,227647,7612.28,473690,57279,3,32,10,0.599,62.23,0.252,Aggressive
72,245705,7683.64,100958,35608,4,37,9,0.625,13.14,0.145,Aggressive
52,185279,6351.7,172082,60840,2,23,4,0.589,27.09,0.328,Balanced
59,173625,6553.33,407943,10770,3,33,10,0.547,62.25,0.062,Aggressive
51,204704,10700.85,473517,55461,3,22,1,0.373,44.25,0.271,Balanced
47,20055,1365.45,216296,26627,3,12,6,0.183,158.41,1.328,Conservative
72,108697,4344.29,150176,6146,3,18,2,0.52,34.57,0.057,Conservative
30,183945,13249.24,356745,88481,0,32,7,0.136,26.93,0.481,Balanced
30,121505,8861.76,491840,59753,3,3,6,0.125,55.5,0.492,Conservative
35,100720,7364.29,370138,90480,2,36,9,0.123,50.26,0.898,Aggressive
49,217277,14678.14,229182,52079,0,1,6,0.189,15.61,0.24,Conservative
49,98199,4501.64,214213,117081,3,25,6,0.45,47.59,1.192,Balanced
52,176390,5732.32,26290,58074,1,20,4,0.61,4.59,0.329,Balanced
56,53734,2968.13,256145,82816,0,17,9,0.337,86.3,1.541,Balanced
63,233299,12778.46,482610,94771,3,22,3,0.343,37.77,0.406,Conservative
69,169594,11553.4,424660,13322,2,33,1,0.183,36.76,0.079,Conservative
46,162728,12174.7,415903,7747,4,26,10,0.102,34.16,0.048,Aggressive
66,166965,8758.52,184118,117068,3,27,8,0.371,21.02,0.701,Balanced
46,36493,1641.77,397741,97748,1,34,8,0.46,242.26,2.679,Aggressive
70,154704,5830.35,487407,114702,2,23,1,0.548,83.6,0.741,Conservative
61,115872,3405.09,156084,58697,0,16,9,0.647,45.84,0.507,Aggressive
74,239720,12585.55,409623,35903,2,14,2,0.37,32.55,0.15,Balanced
33,81779,4467.42,473721,42207,3,14,6,0.344,106.04,0.516,Balanced
73,189524,12693.63,300568,112352,1,26,9,0.196,23.68,0.593,Balanced
61,164338,8593.75,47696,50812,2,27,6,0.372,5.55,0.309,Balanced
64,141187,10048.49,408126,34531,2,4,7,0.146,40.62,0.245,Conservative
74,136603,7916.67,175335,146485,4,9,9,0.305,22.15,1.072,Balanced
27,81607,5523.33,453290,60032,4,27,5,0.188,82.07,0.736,Balanced
47,36940,1328.5,365760,101058,3,39,1,0.568,275.32,2.736,Conservative
42,175075,11969.8,140222,91040,0,15,9,0.18,11.71,0.52,Aggressive
56,147880,8889.18,311470,73637,0,25,10,0.279,35.04,0.498,Aggressive
37,118408,4377.43,419993,50578,1,18,7,0.556,95.95,0.427,Aggressive
22,54815,2075.52,320614,70744,3,30,8,0.546,154.47,1.291,Aggressive
18,181941,13032.67,134028,75961,0,37,2,0.14,10.28,0.418,Balanced
47,69297,2123.48,410306,28485,2,16,5,0.632,193.22,0.411,Balanced
66,80107,4034.68,290536,98059,3,12,8,0.396,72.01,1.224,Balanced
20,102793,4475.02,280384,144254,2,17,7,0.478,62.66,1.403,Balanced
62,167754,10006.42,177300,14480,1,25,7,0.284,17.72,0.086,Balanced
31,39622,2680.42,274432,63094,3,15,4,0.188,102.38,1.592,Balanced
73,50408,2302.84,352025,101107,1,25,2,0.452,152.87,2.006,Conservative
47,159909,7792.85,204264,104513,4,21,10,0.415,26.21,0.654,Balanced
67,215282,15967.73,375213,35061,1,19,3,0.11,23.5,0.163,Conservative
21,166479,10837.15,139723,83545,4,24,9,0.219,12.89,0.502,Aggressive
35,180381,12678.71,289159,15789,3,7,4,0.157,22.81,0.088,Balanced
54,222990,10988.19,142559,120497,2,12,1,0.409,12.97,0.54,Balanced
42,113190,4515.73,209668,98875,2,39,10,0.521,46.43,0.874,Aggressive
65,169967,8165.85,318318,26287,2,11,4,0.423,38.98,0.155,Balanced
18,237984,14752.04,199781,15014,1,33,8,0.256,13.54,0.063,Aggressive
70,20370,696.29,310411,139646,3,25,8,0.59,445.81,6.855,Balanced
63,134212,5578.28,116237,17467,3,39,10,0.501,20.84,0.13,Aggressive
32,20486,641.3,203931,87450,4,34,10,0.624,318.0,4.269,Aggressive
26,43762,2143.58,302288,77897,3,11,2,0.412,141.02,1.78,Balanced
32,46613,3127.33,487617,120118,2,16,10,0.195,155.92,2.577,Balanced
66,23196,702.77,301385,85417,3,32,4,0.636,428.85,3.682,Balanced
74,246009,14789.81,327765,21880,4,15,7,0.279,22.16,0.089,Balanced
41,120565,8669.35,205390,119618,3,15,8,0.137,23.69,0.992,Balanced
21,96349,3856.45,435151,52546,3,7,1,0.52,112.84,0.545,Balanced
29,84839,5171.64,401772,124083,2,37,8,0.269,77.69,1.463,Aggressive
54,192988,14253.87,231922,115461,3,2,1,0.114,16.27,0.598,Conservative
54,28572,2093.5,218799,44016,1,6,6,0.121,104.51,1.541,Conservative
60,179297,7160.09,499756,25979,4,36,5,0.521,69.8,0.145,Balanced
23,65853,2223.54,495710,61516,4,39,10,0.595,222.94,0.934,Aggressive
56,200462,7209.2,225709,48741,4,38,7,0.568,31.31,0.243,Balanced
73,183347,11247.11,446134,57133,3,28,6,0.264,39.67,0.312,Balanced
63,92379,5767.28,87049,13360,1,22,10,0.251,15.09,0.145,Aggressive
41,152177,9141.15,429229,66939,4,37,1,0.279,46.96,0.44,Balanced
28,136074,6064.85,482659,36088,0,5,6,0.465,79.58,0.265,Aggressive
30,210968,7794.87,287304,80318,2,18,3,0.557,36.86,0.381,Balanced
51,63209,3526.11,3139,145092,0,11,6,0.331,0.89,2.295,Conservative
42,248247,12743.85,87356,138492,0,8,7,0.384,6.85,0.558,Balanced
24,193559,12111.29,459328,89059,4,20,6,0.249,37.93,0.46,Balanced
69,169123,8353.94,334653,33637,0,11,9,0.407,40.06,0.199,Aggressive
21,114244,5105.3,273266,31453,0,27,9,0.464,53.53,0.275,Aggressive
25,228472,9736.97,118692,140347,1,29,8,0.489,12.19,0.614,Aggressive
37,120300,4674.74,281452,91337,2,25,5,0.534,60.21,0.759,Balanced
46,218033,9014.95,449352,48162,3,19,10,0.504,49.85,0.221,Aggressive
71,211228,7078.9,464548,32199,4,2,3,0.598,65.62,0.152,Conservative
70,134682,6069.35,393117,17572,4,39,4,0.459,64.77,0.13,Balanced
68,77175,2380.29,285595,136219,0,2,10,0.63,119.98,1.765,Balanced
62,157921,5955.3,481722,3443,3,7,8,0.547,80.89,0.022,Balanced
63,121551,7705.56,117409,94521,3,31,9,0.239,15.24,0.778,Balanced
27,38976,1718.22,197513,71220,3,33,8,0.471,114.95,1.827,Aggressive
60,150617,9006.02,248389,13595,4,11,10,0.282,27.58,0.09,Balanced
51,119794,7430.09,176648,66857,4,13,3,0.256,23.77,0.558,Conservative
74,76866,4289.46,122022,14810,1,10,7,0.33,28.45,0.193,Balanced
43,137752,10070.63,409061,137812,4,38,8,0.123,40.62,1.0,Balanced
58,67078,2022.36,131969,32712,4,20,3,0.638,65.26,0.488,Balanced
66,51113,3221.22,15165,5468,1,21,1,0.244,4.71,0.107,Conservative
20,35401,2588.2,15060,127611,4,14,7,0.123,5.82,3.605,Balanced
73,163956,11261.72,289020,129468,0,24,3,0.176,25.66,0.79,Conservative
23,235432,8678.44,413573,79054,0,7,1,0.558,47.66,0.336,Balanced
22,188635,8327.47,195840,12704,1,5,7,0.47,23.52,0.067,Aggressive
22,185486,6876.1,360686,65974,1,6,7,0.555,52.46,0.356,Aggressive
71,167214,9485.49,370948,65700,0,35,4,0.319,39.11,0.393,Balanced
64,91492,5654.99,234865,136750,3,9,2,0.258,41.53,1.495,Conservative
40,230536,10074.24,151882,129443,4,1,10,0.476,15.08,0.561,Balanced
66,226329,12197.79,280972,64882,2,39,5,0.353,23.03,0.287,Balanced
26,96693,5882.21,172969,101654,2,20,9,0.27,29.41,1.051,Aggressive
52,55135,2672.84,169731,148443,1,6,6,0.418,63.5,2.692,Balanced
37,223304,15253.68,382731,35297,2,32,10,0.18,25.09,0.158,Aggressive
66,47862,3088.5,230098,28753,3,13,9,0.226,74.5,0.601,Balanced
59,156262,5020.78,444478,110710,2,39,1,0.614,88.53,0.708,Conservative
52,90199,5198.61,204938,85765,0,21,2,0.308,39.42,0.951,Conservative
67,125366,5008.68,190876,136828,1,37,6,0.521,38.11,1.091,Balanced
35,24331,1331.38,49498,60630,2,12,3,0.343,37.18,2.492,Balanced
34,203258,14842.72,381936,102897,4,6,2,0.124,25.73,0.506,Conservative
41,64648,4490.26,327497,31256,1,15,6,0.167,72.94,0.483,Balanced
20,48549,2316.13,102804,55814,3,21,7,0.428,44.39,1.15,Balanced
49,232854,9902.75,412764,32961,0,21,4,0.49,41.68,0.142,Aggressive
52,45761,1826.33,312861,29731,2,28,10,0.521,171.31,0.65,Aggressive
55,23262,1246.23,439971,6401,0,36,9,0.357,353.04,0.275,Aggressive
30,202331,6960.8,481000,122992,3,17,3,0.587,69.1,0.608,Conservative
73,92572,5030.53,190192,124197,2,7,2,0.348,37.81,1.342,Conservative
64,204544,5978.37,202501,100041,1,23,5,0.649,33.87,0.489,Balanced
42,107858,4746.81,253362,149517,1,22,9,0.472,53.38,1.386,Aggressive
26,104667,4107.86,155457,61012,4,10,1,0.529,37.84,0.583,Balanced
21,24677,1818.22,328783,142432,3,18,6,0.116,180.83,5.772,Balanced
31,224580,14035.94,334475,64357,2,2,8,0.25,23.83,0.287,Balanced
54,150334,6793.96,434864,32235,0,12,7,0.458,64.01,0.214,Balanced
51,231937,7751.81,7603,81395,0,39,6,0.599,0.98,0.351,Balanced
28,121437,6418.35,418967,10428,2,22,3,0.366,65.28,0.086,Aggressive
58,201689,7855.72,277190,85171,3,22,9,0.533,35.29,0.422,Aggressive
73,237101,12744.89,256448,77660,3,22,5,0.355,20.12,0.328,Balanced
20,169667,11444.74,147028,113020,0,6,1,0.191,12.85,0.666,Conservative
45,238531,13689.41,280872,39633,2,37,9,0.311,20.52,0.166,Aggressive
46,80148,4665.84,473926,122104,2,20,10,0.301,101.57,1.523,Aggressive
26,66926,3611.59,262690,14407,0,6,9,0.352,72.74,0.215,Aggressive
20,95271,6827.72,328999,149152,2,9,1,0.14,48.19,1.566,Conservative
42,54457,3914.31,430291,73860,2,29,7,0.137,109.93,1.356,Balanced
51,62531,3293.29,216514,7407,1,37,9,0.368,65.74,0.118,Aggressive
29,224335,9686.93,394796,37433,1,5,2,0.482,40.76,0.167,Balanced
59,224372,11270.45,462398,4220,4,13,10,0.397,41.03,0.019,Aggressive
26,148027,5583.17,116465,77267,4,27,6,0.547,20.86,0.522,Aggressive
32,214243,12497.32,340106,122262,3,23,10,0.3,27.21,0.571,Aggressive
57,65771,3425.85,16430,22554,1,37,1,0.375,4.8,0.343,Balanced
42,113135,3835.42,376120,77021,1,34,3,0.593,98.06,0.681,Balanced
22,86354,3300.93,81323,65847,1,25,5,0.541,24.64,0.763,Aggressive
28,132743,6789.78,433225,92541,1,37,7,0.386,63.81,0.697,Aggressive
51,188361,13156.61,363165,103738,3,23,5,0.162,27.6,0.551,Balanced
41,53892,2970.86,251525,81103,0,28,8,0.338,84.66,1.505,Aggressive
32,222268,13425.81,199994,147052,3,26,5,0.275,14.9,0.662,Balanced
55,149662,6690.71,79380,50748,0,12,6,0.464,11.86,0.339,Balanced
25,115057,6369.14,219126,33518,4,39,2,0.336,34.4,0.291,Balanced
22,58409,2901.27,173327,49257,1,3,5,0.404,59.74,0.843,Balanced
65,185542,11016.89,184052,6934,0,9,7,0.287,16.71,0.037,Balanced
43,169457,5335.31,7793,74787,3,15,1,0.622,1.46,0.441,Conservative
35,174368,9028.12,69042,95781,0,8,10,0.379,7.65,0.549,Aggressive
23,138566,5921.34,61028,77895,2,28,9,0.487,10.31,0.562,Aggressive
54,81716,3605.05,498978,143927,4,26,9,0.471,138.41,1.761,Balanced
65,109152,7990.88,418072,117926,4,16,8,0.121,52.32,1.08,Balanced
30,46382,1741.19,109385,17628,1,34,9,0.55,62.82,0.38,Aggressive
45,96675,4198.8,430627,23249,1,20,5,0.479,102.56,0.24,Aggressive
22,248668,13064.21,146271,133347,3,1,7,0.37,11.2,0.536,Balanced
30,42419,2915.12,160006,123332,0,24,1,0.175,54.89,2.907,Conservative
34,244393,11795.39,55169,765,2,29,7,0.421,4.68,0.003,Aggressive
67,101238,6404.37,280246,83417,4,4,9,0.241,43.76,0.824,Conservative
57,245825,16818.64,172358,117526,0,4,3,0.179,10.25,0.478,Conservative
62,190363,8257.14,272596,98793,2,38,9,0.479,33.01,0.519,Aggressive
49,32397,1528.09,304328,26999,0,3,5,0.434,199.16,0.833,Conservative
46,77888,3544.59,116532,109792,1,2,9,0.454,32.88,1.41,Balanced
68,55169,3715.04,424205,140367,4,29,8,0.192,114.19,2.544,Balanced
20,82182,2564.02,33405,122500,2,28,7,0.626,13.03,1.491,Aggressive
73,112476,4870.51,316246,128685,1,12,10,0.48,64.93,1.144,Balanced
57,62249,3754.0,178496,124479,3,15,6,0.276,47.55,2.0,Conservative
51,179413,9882.58,13881,93393,3,31,2,0.339,1.4,0.521,Conservative
57,95603,4700.16,251166,105768,1,37,7,0.41,53.44,1.106,Balanced
44,197216,10632.76,473145,29867,2,32,2,0.353,44.5,0.151,Balanced
30,212844,8135.46,290774,126040,2,22,6,0.541,35.74,0.592,Aggressive
62,99360,4859.48,30915,110441,4,3,6,0.413,6.36,1.112,Conservative
50,33444,1744.49,180700,123105,1,17,9,0.374,103.58,3.681,Balanced
23,196719,13863.02,85179,6286,3,29,10,0.154,6.14,0.032,Aggressive
41,143662,5907.61,492078,111299,1,12,4,0.507,83.3,0.775,Balanced
36,118843,8193.29,115958,135221,0,14,9,0.173,14.15,1.138,Balanced
33,30974,1818.0,131960,104152,2,8,2,0.296,72.59,3.363,Conservative
57,132150,3977.58,78152,105960,0,2,5,0.639,19.65,0.802,Conservative
45,189455,11818.0,151378,67881,3,34,3,0.251,12.81,0.358,Conservative
50,114826,3536.2,64833,104984,2,24,6,0.63,18.33,0.914,Balanced
65,232624,17418.88,236888,18082,3,20,2,0.101,13.6,0.078,Conservative
58,117648,8136.83,111430,111091,3,10,10,0.17,13.69,0.944,Balanced
30,245121,10489.93,267496,10863,3,7,9,0.486,25.5,0.044,Aggressive
60,154028,6309.71,246855,6984,4,1,4,0.508,39.12,0.045,Conservative
62,159149,7424.2,402343,127181,3,10,7,0.44,54.19,0.799,Conservative
42,56490,2569.79,190389,55189,3,5,5,0.454,74.09,0.977,Balanced
70,144713,6690.39,160620,93039,0,21,8,0.445,24.01,0.643,Balanced
59,75612,3308.35,362930,104855,0,9,4,0.475,109.7,1.387,Balanced
53,120474,6943.55,224122,49430,0,29,7,0.308,32.28,0.41,Balanced
44,56159,2060.78,113620,67004,2,31,5,0.56,55.13,1.193,Balanced
55,59710,4056.75,77096,127652,4,27,3,0.185,19.0,2.138,Conservative
24,234608,15578.39,242277,140204,2,6,8,0.203,15.55,0.598,Aggressive
22,164878,8409.68,389341,35086,4,31,6,0.388,46.3,0.213,Aggressive
60,133096,9083.82,451833,103651,4,36,4,0.181,49.74,0.779,Conservative
62,229417,9290.05,256378,14462,1,2,9,0.514,27.6,0.063,Balanced
74,231463,6937.35,270853,22323,1,21,9,0.64,39.04,0.096,Aggressive
68,127412,7332.18,53982,18167,1,34,2,0.309,7.36,0.143,Balanced
48,114924,5763.92,300841,10067,4,22,10,0.398,52.19,0.088,Aggressive
40,26458,1459.47,340338,61987,4,13,9,0.338,233.19,2.343,Aggressive
59,150993,10627.85,149648,3226,2,19,4,0.155,14.08,0.021,Balanced
27,55524,4087.77,117958,113576,4,33,9,0.117,28.86,2.046,Aggressive
49,157925,9198.46,463628,101123,3,38,10,0.301,50.4,0.64,Balanced
60,60477,3881.77,120114,36738,3,3,8,0.23,30.94,0.607,Conservative
70,52222,1723.74,478903,75794,4,38,10,0.604,277.83,1.451,Balanced
47,38320,1399.94,452198,115112,3,19,3,0.562,323.01,3.004,Conservative
56,114154,7165.66,89984,31655,4,7,10,0.247,12.56,0.277,Balanced
48,72243,3535.4,149651,100409,1,15,7,0.413,42.33,1.39,Balanced
35,196687,9757.0,407694,18854,4,38,2,0.405,41.78,0.096,Balanced
53,168424,7294.64,182310,84811,1,25,2,0.48,24.99,0.504,Balanced
19,92833,5291.84,275349,35915,0,22,4,0.316,52.03,0.387,Aggressive
31,113476,4272.76,420623,77789,3,23,10,0.548,98.44,0.686,Aggressive
30,134560,7791.07,316476,28737,0,10,7,0.305,40.62,0.214,Aggressive
46,154275,5728.61,350011,138973,3,36,4,0.554,61.1,0.901,Balanced
29,59267,1902.0,317256,83094,0,37,2,0.615,166.8,1.402,Balanced
56,57941,2567.25,109665,10001,4,7,2,0.468,42.72,0.173,Conservative
19,102809,4087.75,336145,120804,0,25,5,0.523,82.23,1.175,Aggressive
49,45368,3171.77,10748,98538,3,24,3,0.161,3.39,2.172,Conservative
30,97186,3079.37,309632,122600,2,5,3,0.62,100.55,1.261,Conservative
63,50984,1899.74,89669,103074,3,21,1,0.553,47.2,2.022,Conservative
44,193013,10483.75,95539,131018,2,20,3,0.348,9.11,0.679,Balanced
66,223990,11471.78,7961,59489,4,29,4,0.385,0.69,0.266,Conservative
58,203755,6371.06,158570,37896,3,37,6,0.625,24.89,0.186,Balanced
34,20801,613.61,144393,40927,0,20,6,0.646,235.32,1.968,Balanced
57,126538,9421.15,20370,21185,4,18,5,0.107,2.16,0.167,Conservative
48,132201,7847.88,13910,126734,3,4,4,0.288,1.77,0.959,Conservative
51,67965,3120.58,88221,70300,4,11,6,0.449,28.27,1.034,Balanced
41,105269,5340.1,19633,80125,2,22,5,0.391,3.68,0.761,Balanced
62,161041,6664.45,352349,10037,4,14,10,0.503,52.87,0.062,Aggressive
52,55969,2517.12,286003,136492,0,28,1,0.46,113.62,2.439,Conservative
65,233341,13747.18,192957,100117,3,4,2,0.293,14.04,0.429,Conservative
23,183521,12778.36,27900,9779,2,16,9,0.164,2.18,0.053,Balanced
36,111679,4199.8,34673,11444,4,38,10,0.549,8.26,0.102,Aggressive
47,176777,11964.84,11679,90654,1,23,4,0.188,0.98,0.513,Conservative
24,211375,7342.75,364523,72623,2,13,6,0.583,49.64,0.344,Aggressive
27,48363,1887.15,193458,124149,2,20,5,0.532,102.51,2.567,Aggressive
58,181792,5612.02,35995,139865,0,5,2,0.63,6.41,0.769,Conservative
49,161044,5736.47,269131,133221,0,19,1,0.573,46.92,0.827,Conservative
51,53351,3799.11,15260,41347,4,21,1,0.145,4.02,0.775,Conservative
45,131023,6580.54,390244,130978,1,5,1,0.397,59.3,1.0,Conservative
32,187217,6126.93,92475,52832,2,14,6,0.607,15.09,0.282,Aggressive
47,107948,7896.84,92965,2696,4,36,10,0.122,11.77,0.025,Aggressive
54,240686,16716.56,203399,12626,1,6,7,0.167,12.17,0.052,Balanced
46,239188,15249.74,486724,53303,4,5,7,0.235,31.92,0.223,Balanced
39,76235,5485.17,292047,44793,2,24,9,0.137,53.24,0.588,Aggressive
21,34855,1368.27,199609,46207,4,29,3,0.529,145.88,1.326,Balanced
37,187241,12638.82,116125,33484,0,29,9,0.19,9.19,0.179,Aggressive
49,197476,12004.82,371220,87765,0,2,1,0.271,30.92,0.444,Conservative
53,170641,11779.46,2255,136830,3,6,2,0.172,0.19,0.802,Conservative
67,145074,9530.17,129000,64495,1,34,7,0.212,13.54,0.445,Balanced
21,74437,3353.21,167730,52807,2,12,2,0.459,50.02,0.709,Balanced
44,199578,12904.7,71852,106809,1,22,10,0.224,5.57,0.535,Aggressive
34,176810,7283.85,476852,100584,0,4,4,0.506,65.47,0.569,Balanced
29,157844,6980.99,426332,51774,2,6,2,0.469,61.07,0.328,Balanced
39,110410,3766.34,378535,74615,3,3,2,0.591,100.5,0.676,Conservative
34,39731,2861.6,198998,86262,0,13,1,0.136,69.54,2.171,Conservative
27,161203,6851.82,339403,149378,0,23,9,0.49,49.53,0.927,Aggressive
71,86324,4577.63,112633,57201,1,35,10,0.364,24.61,0.663,Balanced
18,205169,9664.03,418682,36797,4,26,3,0.435,43.32,0.179,Balanced
39,101720,7442.18,8188,134135,1,9,1,0.122,1.1,1.319,Conservative
43,116433,5183.96,236376,43147,0,23,10,0.466,45.6,0.371,Aggressive
73,22889,1484.35,171056,69428,1,4,6,0.222,115.24,3.033,Conservative
35,29569,2021.73,191427,83657,4,34,8,0.18,94.68,2.829,Balanced
67,107193,5266.6,421269,26484,3,37,7,0.41,79.99,0.247,Balanced
31,226749,10543.72,331926,128593,2,8,7,0.442,31.48,0.567,Balanced
64,105192,6673.21,451158,59321,0,34,2,0.239,67.61,0.564,Conservative
46,107154,7608.76,150151,100758,1,37,4,0.148,19.73,0.94,Balanced
29,228542,14573.6,144586,15828,0,6,6,0.235,9.92,0.069,Balanced
53,128073,5068.7,48943,127139,2,7,2,0.525,9.66,0.993,Conservative
52,239894,16763.98,173533,4957,1,39,5,0.161,10.35,0.021,Balanced
69,27612,1295.85,450217,18671,3,36,5,0.437,347.43,0.676,Balanced
29,71644,3981.77,190486,122838,2,5,3,0.333,47.84,1.715,Balanced
24,52069,3502.9,381730,104596,4,3,2,0.193,108.98,2.009,Conservative
46,101741,3845.95,36897,126054,4,17,7,0.546,9.59,1.239,Balanced
28,178403,11618.21,335946,74232,0,19,8,0.219,28.92,0.416,Aggressive
50,75897,4287.48,465399,75495,4,1,4,0.322,108.55,0.995,Conservative
23,165006,11568.82,376061,129798,1,37,4,0.159,32.51,0.787,Balanced
64,161167,5971.02,244318,15383,4,9,9,0.555,40.92,0.095,Balanced
32,242566,11751.82,178750,8892,3,4,4,0.419,15.21,0.037,Balanced
49,122544,8251.95,1563,27780,1,10,10,0.192,0.19,0.227,Balanced
68,38706,1163.04,468082,119801,0,32,3,0.639,402.46,3.095,Conservative
28,194588,6676.16,403050,94257,0,1,1,0.588,60.37,0.484,Balanced
40,123602,9216.7,76348,119478,4,23,3,0.105,8.28,0.967,Conservative
43,248080,10423.84,418843,45081,4,17,5,0.496,40.18,0.182,Aggressive
51,54629,4035.94,167615,96905,0,30,2,0.113,41.53,1.774,Conservative
63,197982,7430.8,329156,13095,1,27,5,0.55,44.3,0.066,Balanced
51,239612,10954.3,111187,26634,2,15,9,0.451,10.15,0.111,Aggressive
46,144746,9216.44,126730,134749,0,38,10,0.236,13.75,0.931,Balanced
21,40431,2398.16,261734,47873,3,7,6,0.288,109.14,1.184,Balanced
34,207805,11595.82,208847,91084,1,33,3,0.33,18.01,0.438,Balanced
52,60088,3211.93,135641,59798,2,5,5,0.359,42.23,0.995,Balanced
30,195207,13239.79,261752,37932,2,39,1,0.186,19.77,0.194,Balanced
58,189087,7551.22,390811,74569,1,34,8,0.521,51.75,0.394,Aggressive
56,51385,2540.81,147176,121548,0,3,9,0.407,57.92,2.365,Balanced
32,90199,3273.46,15112,122793,2,32,5,0.565,4.62,1.361,Balanced
72,58677,3314.12,442818,65820,3,2,9,0.322,133.62,1.122,Conservative
46,138104,5613.92,39670,103874,1,16,8,0.512,7.07,0.752,Balanced
46,32818,1459.34,176673,87651,4,17,8,0.466,121.06,2.671,Balanced
28,239294,12147.92,66381,56763,0,12,2,0.391,5.46,0.237,Balanced
69,83001,2522.7,169282,84355,1,5,5,0.635,67.1,1.016,Conservative
49,175049,5843.22,478578,40291,3,4,8,0.599,81.9,0.23,Balanced
19,69832,4232.17,384736,99333,2,16,3,0.273,90.91,1.422,Conservative
64,60931,2975.13,378408,24475,0,18,1,0.414,127.19,0.402,Conservative
31,103990,7154.81,140935,53603,0,20,4,0.174,19.7,0.515,Balanced
37,229966,14029.26,397486,19350,1,9,4,0.268,28.33,0.084,Balanced
39,92204,2723.52,382984,73291,1,16,10,0.646,140.62,0.795,Aggressive
28,65784,3778.15,306765,98857,3,35,4,0.311,81.19,1.503,Balanced
44,126305,4226.47,74460,79739,4,29,4,0.598,17.62,0.631,Balanced
20,29921,1943.65,12490,23519,1,30,9,0.22,6.43,0.786,Aggressive
34,54959,4100.53,467300,66776,1,20,1,0.105,113.96,1.215,Conservative
61,52328,2800.24,94758,69695,1,22,9,0.358,33.84,1.332,Balanced
73,159931,9669.54,128140,84409,3,23,7,0.274,13.25,0.528,Balanced
45,109506,4385.01,307303,141852,2,36,5,0.519,70.08,1.295,Balanced
46,94408,4647.07,32637,139733,4,22,2,0.409,7.02,1.48,Conservative
38,143852,9840.11,16073,28512,3,1,10,0.179,1.63,0.198,Conservative
64,235838,8688.32,410550,18403,1,21,10,0.558,47.25,0.078,Aggressive
33,46708,1930.77,10054,128812,2,19,10,0.504,5.21,2.758,Aggressive
54,38847,1926.13,230226,42983,1,8,4,0.405,119.53,1.106,Balanced
37,75989,4696.99,486524,42549,3,5,4,0.258,103.58,0.56,Balanced
23,243713,11306.99,370448,95085,0,29,4,0.443,32.76,0.39,Aggressive
36,145383,10422.18,233880,48719,1,18,2,0.14,22.44,0.335,Balanced
74,24922,834.79,470369,70849,2,29,8,0.598,563.46,2.843,Balanced
22,221000,10201.77,218170,113351,4,15,4,0.446,21.39,0.513,Aggressive
20,72335,4460.2,344808,107915,0,31,9,0.26,77.31,1.492,Aggressive
18,146913,5806.65,185369,25456,1,15,2,0.526,31.92,0.173,Balanced
55,164613,9753.69,13515,8461,1,3,7,0.289,1.39,0.051,Conservative
32,39551,1451.26,398450,70363,2,33,5,0.56,274.56,1.779,Balanced
51,170453,5408.89,373819,88907,0,24,5,0.619,69.11,0.522,Balanced
52,133319,4627.93,60117,78439,0,38,7,0.583,12.99,0.588,Balanced
66,75673,5432.64,474414,79936,0,24,4,0.139,87.33,1.056,Conservative
42,121531,6618.0,181164,122512,1,13,3,0.347,27.37,1.008,Balanced
41,42948,2820.22,110541,79726,0,27,9,0.212,39.2,1.856,Aggressive
29,112264,4986.02,75695,84204,1,33,3,0.467,15.18,0.75,Balanced
35,79072,4454.14,383247,31869,1,19,5,0.324,86.04,0.403,Aggressive
32,87560,4540.16,476047,123263,0,25,2,0.378,104.85,1.408,Balanced
61,233321,16918.8,427297,45301,3,6,7,0.13,25.26,0.194,Conservative
33,153558,9740.26,160489,113568,4,33,7,0.239,16.48,0.74,Balanced
44,86691,5431.18,250938,114550,4,25,5,0.248,46.2,1.321,Balanced
25,161154,5042.7,215222,47369,3,23,8,0.625,42.68,0.294,Aggressive
63,122781,6674.36,138215,117496,0,17,9,0.348,20.71,0.957,Balanced
42,104105,5264.64,13769,47331,1,21,4,0.393,2.62,0.455,Balanced
34,27086,1941.87,281002,28911,2,20,2,0.14,144.71,1.067,Conservative
46,147818,6054.85,492569,123976,3,12,2,0.508,81.35,0.839,Conservative
70,87853,3648.89,98529,6521,4,13,4,0.502,27.0,0.074,Balanced
25,121925,5854.84,84357,39123,4,18,6,0.424,14.41,0.321,Aggressive
32,90027,3629.99,393919,31514,1,22,6,0.516,108.52,0.35,Aggressive
44,35916,1260.21,193330,37539,4,24,2,0.579,153.41,1.045,Balanced
63,35248,2413.25,343898,35464,4,33,1,0.178,142.5,1.006,Conservative
67,219119,11997.72,364536,45226,1,3,2,0.343,30.38,0.206,Conservative
69,44226,3035.93,56735,71332,0,17,8,0.176,18.69,1.613,Balanced
24,176097,11844.34,297948,33576,4,39,5,0.193,25.16,0.191,Aggressive
20,68380,2878.36,284816,3293,0,32,3,0.495,98.95,0.048,Aggressive
46,27848,1511.35,74334,107801,2,17,9,0.349,49.18,3.871,Balanced
61,34274,1130.38,348375,134531,0,25,7,0.604,308.19,3.925,Balanced
70,74545,5301.32,494721,18803,1,8,8,0.147,93.32,0.252,Balanced
41,116494,5556.22,45357,69760,1,35,6,0.428,8.16,0.599,Aggressive
20,135981,6419.68,141983,7571,1,29,7,0.433,22.12,0.056,Aggressive
37,186305,8019.12,270469,25772,4,12,3,0.483,33.73,0.138,Balanced
63,36304,1825.38,97274,53719,3,36,1,0.397,53.29,1.48,Conservative
32,31294,1273.84,170314,14171,4,9,1,0.512,133.7,0.453,Balanced
42,46425,2151.68,381268,113627,0,26,1,0.444,177.2,2.448,Balanced
47,219783,14468.51,463342,118212,2,22,7,0.21,32.02,0.538,Balanced
31,130777,8814.81,452017,105055,2,31,2,0.191,51.28,0.803,Conservative
24,244383,10534.95,417056,75253,2,30,6,0.483,39.59,0.308,Aggressive
34,160497,8131.29,289795,71773,2,15,1,0.392,35.64,0.447,Balanced
61,111549,7721.06,43827,140308,3,33,10,0.169,5.68,1.258,Balanced
37,113464,3583.29,140824,46927,2,3,8,0.621,39.3,0.414,Aggressive
53,196062,13708.49,297958,149323,4,34,5,0.161,21.74,0.762,Conservative
26,126748,4970.12,200844,99679,2,17,9,0.529,40.41,0.786,Aggressive
55,224818,13548.97,310012,130328,1,5,3,0.277,22.88,0.58,Conservative
65,88295,4932.77,323754,106434,0,30,2,0.33,65.63,1.205,Conservative
74,36091,1967.31,391311,87321,4,15,8,0.346,198.91,2.419,Balanced
39,139943,9593.65,395388,105296,3,39,5,0.177,41.21,0.752,Balanced
71,151074,5109.63,261503,13850,4,8,1,0.594,51.18,0.092,Conservative
70,70411,3173.57,459653,85236,1,38,6,0.459,144.84,1.211,Balanced
70,192030,10338.24,15822,83518,2,28,3,0.354,1.53,0.435,Conservative
19,115696,7676.52,222285,4949,2,21,8,0.204,28.96,0.043,Aggressive
41,171779,6714.32,404907,30581,3,10,6,0.531,60.3,0.178,Aggressive
25,166320,10971.73,430797,72108,0,28,2,0.208,39.26,0.434,Balanced
28,91309,4335.66,408381,49790,2,21,6,0.43,94.19,0.545,Aggressive
30,229394,8676.88,324269,131717,3,28,3,0.546,37.37,0.574,Balanced
34,202792,12969.27,56004,23052,2,22,7,0.233,4.32,0.114,Balanced
25,166109,5536.89,438310,77997,4,38,1,0.6,79.16,0.47,Balanced
38,87421,4612.35,58131,82009,3,19,1,0.367,12.6,0.938,Conservative
35,232939,7476.02,311883,80957,3,38,10,0.615,41.72,0.348,Aggressive
47,60612,2758.0,187870,59710,3,24,4,0.454,68.12,0.985,Balanced
35,239103,13560.97,367227,98854,2,28,7,0.319,27.08,0.413,Aggressive
63,33450,1828.22,228621,122939,3,13,4,0.344,125.05,3.675,Conservative
64,29491,1407.12,265611,5224,4,9,9,0.427,188.76,0.177,Balanced
48,137026,6691.17,37518,38349,0,9,8,0.414,5.61,0.28,Aggressive
55,94804,3750.47,184258,61566,0,21,5,0.525,49.13,0.649,Balanced
49,113293,5671.59,418511,9435,1,24,1,0.399,73.79,0.083,Balanced
28,139498,10163.48,452542,69015,4,31,3,0.126,44.53,0.495,Balanced
62,157863,10757.69,69274,58984,4,29,8,0.182,6.44,0.374,Balanced
42,125475,4494.91,140085,104395,3,10,7,0.57,31.17,0.832,Balanced
50,48314,1475.1,330918,35401,1,4,8,0.634,224.34,0.733,Balanced
55,71883,5172.21,333116,131961,4,3,1,0.137,64.4,1.836,Conservative
58,245191,13070.98,297248,139837,4,13,2,0.36,22.74,0.57,Conservative
25,107086,5763.11,248819,56398,4,21,10,0.354,43.17,0.527,Aggressive
28,216701,14074.64,227914,145269,2,8,7,0.221,16.19,0.67,Balanced
39,121291,5287.06,67604,36928,4,9,5,0.477,12.79,0.304,Balanced
68,29967,1535.93,109318,51382,2,1,5,0.385,71.17,1.715,Conservative
41,232826,17127.55,96896,54337,4,14,10,0.117,5.66,0.233,Aggressive
58,63220,3791.52,458945,114531,0,12,9,0.28,121.05,1.812,Balanced
34,225235,8156.51,178387,79068,2,36,1,0.565,21.87,0.351,Balanced
29,156019,5503.24,5220,2283,2,22,5,0.577,0.95,0.015,Balanced
74,190491,7339.39,41225,64446,3,36,7,0.538,5.62,0.338,Balanced
63,76131,4895.8,306567,97259,4,16,5,0.228,62.62,1.278,Conservative
49,239786,10240.01,467796,39605,1,11,10,0.488,45.68,0.165,Aggressive
32,48876,1473.46,484856,46500,1,3,7,0.638,329.06,0.951,Balanced
33,239516,17350.86,301937,139787,1,34,1,0.131,17.4,0.584,Balanced
71,121448,4486.92,213191,101881,1,25,5,0.557,47.51,0.839,Balanced
39,171043,5063.69,205043,80275,0,26,6,0.645,40.49,0.469,Aggressive
45,213611,8551.96,292673,142662,1,3,6,0.52,34.22,0.668,Conservative
37,249192,9952.43,455630,18645,3,20,4,0.521,45.78,0.075,Aggressive
50,69228,3358.15,289229,132095,1,31,5,0.418,86.13,1.908,Balanced
27,94495,6742.33,58771,24897,3,1,8,0.144,8.72,0.263,Balanced
57,48261,3352.34,451089,15437,2,26,6,0.166,134.56,0.32,Balanced
49,126601,6343.68,155470,43791,4,25,1,0.399,24.51,0.346,Balanced
67,81260,3900.45,286093,48198,1,11,5,0.424,73.35,0.593,Balanced
50,232443,12692.45,400453,105539,3,16,7,0.345,31.55,0.454,Balanced
19,235865,9511.25,35808,61619,3,20,8,0.516,3.76,0.261,Aggressive
50,154418,4873.2,459210,141691,4,38,4,0.621,94.23,0.918,Balanced
50,247415,17866.94,479455,20141,2,2,2,0.133,26.83,0.081,Conservative
58,247026,9318.74,386018,128680,1,29,4,0.547,41.42,0.521,Balanced
30,76176,2914.5,319819,66820,3,7,6,0.541,109.73,0.877,Balanced
47,72300,3674.37,291703,28094,1,25,6,0.39,79.39,0.389,Balanced
50,162412,8396.53,157020,145538,0,4,6,0.38,18.7,0.896,Conservative
30,53012,1590.97,476470,42137,3,34,1,0.64,299.48,0.795,Balanced
69,186465,6703.03,413424,106825,2,25,7,0.569,61.68,0.573,Balanced
43,122153,5679.96,345193,108385,4,8,7,0.442,60.77,0.887,Balanced
39,226205,13686.38,134558,16365,3,32,5,0.274,9.83,0.072,Balanced
56,176629,7000.84,254481,87930,0,18,4,0.524,36.35,0.498,Balanced
19,215276,10452.69,385411,15971,4,11,3,0.417,36.87,0.074,Balanced
55,93273,5103.12,483569,129076,2,37,8,0.343,94.76,1.384,Aggressive
56,132328,9248.91,53434,108363,1,39,8,0.161,5.78,0.819,Balanced
43,130304,5747.91,484634,31359,1,36,3,0.471,84.31,0.241,Balanced
63,126637,4468.78,138057,33180,3,10,5,0.577,30.89,0.262,Balanced
67,168348,8685.35,227612,51567,4,6,8,0.381,26.21,0.306,Balanced
32,74639,4731.47,382738,26140,0,16,10,0.239,80.89,0.35,Aggressive
51,141939,4854.58,256420,39325,0,25,10,0.59,52.82,0.277,Aggressive
59,27310,1328.12,118656,76003,2,34,6,0.416,89.34,2.783,Balanced
72,186239,5583.78,351708,80662,4,31,2,0.64,62.99,0.433,Conservative
61,122944,3774.97,274416,68418,4,8,1,0.632,72.69,0.556,Conservative
66,235952,12104.82,469404,143877,1,17,7,0.384,38.78,0.61,Balanced
57,161463,6916.11,144103,4400,2,14,2,0.486,20.84,0.027,Balanced
28,142013,9642.79,58064,41614,2,30,10,0.185,6.02,0.293,Aggressive
20,201693,11449.18,251535,82100,2,18,10,0.319,21.97,0.407,Aggressive
23,161964,8093.65,489330,66300,4,36,4,0.4,60.46,0.409,Aggressive
26,96733,4630.0,39135,76094,1,21,6,0.426,8.45,0.787,Aggressive
23,229658,11932.36,419635,147247,2,31,7,0.377,35.17,0.641,Aggressive
26,187214,5807.4,154472,60642,1,33,7,0.628,26.6,0.324,Aggressive
56,196751,13789.56,37894,127867,2,23,7,0.159,2.75,0.65,Conservative
48,192687,14436.54,35530,145286,4,38,4,0.101,2.46,0.754,Conservative
49,198625,7445.42,330594,128042,1,5,10,0.55,44.4,0.645,Balanced
58,129264,4483.42,469605,72335,3,15,10,0.584,104.74,0.56,Aggressive
67,99071,3541.52,147131,141046,2,30,6,0.571,41.54,1.424,Balanced
29,192074,11421.44,209420,149912,4,16,3,0.286,18.34,0.78,Conservative
25,142611,8482.89,421273,103985,1,29,8,0.286,49.66,0.729,Aggressive
25,90658,6167.45,431724,50498,0,28,1,0.184,70.0,0.557,Balanced
67,29852,1899.34,407769,59571,4,6,8,0.236,214.69,1.996,Conservative
45,25387,1263.7,261206,6997,4,5,5,0.403,206.7,0.276,Balanced
37,147571,8449.31,435533,36900,0,38,8,0.313,51.55,0.25,Aggressive
64,117295,7121.34,366070,2453,0,25,4,0.271,51.4,0.021,Balanced
24,150381,7920.13,398709,538,3,28,2,0.368,50.34,0.004,Balanced
28,59994,3057.73,124152,76151,3,1,4,0.388,40.6,1.269,Balanced
37,136912,8041.34,478128,30593,3,14,8,0.295,59.46,0.223,Aggressive
33,184797,10111.65,179953,133375,4,19,10,0.343,17.8,0.722,Aggressive
21,223754,13130.04,205319,58384,4,31,1,0.296,15.64,0.261,Balanced
23,151632,8681.82,14015,50543,4,15,5,0.313,1.61,0.333,Balanced
39,144210,8959.74,369945,84092,3,19,6,0.254,41.29,0.583,Balanced
43,76565,4488.89,147907,74227,1,38,4,0.296,32.95,0.969,Balanced
20,21312,1129.28,59224,63175,4,32,4,0.364,52.44,2.964,Balanced
58,169277,10226.99,264819,89268,4,31,4,0.275,25.89,0.527,Balanced
59,145882,7260.24,2905,23940,4,37,3,0.403,0.4,0.164,Conservative
31,162667,6546.25,53015,36481,3,26,10,0.517,8.1,0.224,Aggressive
28,107566,3144.33,7841,69240,2,25,5,0.649,2.49,0.644,Balanced
35,41329,2266.14,155856,33978,3,8,6,0.342,68.78,0.822,Balanced
71,88187,4959.49,159574,145283,2,4,3,0.325,32.18,1.647,Conservative
29,95542,7043.25,222564,48866,3,31,3,0.115,31.6,0.511,Balanced
40,128237,5864.85,454168,36513,1,32,9,0.451,77.44,0.285,Aggressive
29,134476,6351.45,452393,75714,1,34,2,0.433,71.23,0.563,Balanced
30,55645,2137.65,92296,146888,4,3,6,0.539,43.18,2.64,Conservative
42,107502,3483.01,372104,32441,3,26,8,0.611,106.83,0.302,Aggressive
62,244454,15788.52,81999,146692,2,4,8,0.225,5.19,0.6,Conservative
68,107310,4357.9,346169,22844,2,2,1,0.513,79.43,0.213,Conservative
36,89619,5114.99,456263,52200,1,19,1,0.315,89.2,0.582,Balanced
72,53513,3247.68,150513,119607,4,23,8,0.272,46.34,2.235,Balanced
63,28749,1459.44,418735,45986,2,25,1,0.391,286.91,1.6,Conservative
53,181855,12608.52,409495,71646,3,7,3,0.168,32.48,0.394,Conservative
62,80645,3992.51,281070,94476,4,8,9,0.406,70.4,1.172,Balanced
25,233933,9877.82,456384,34585,3,3,3,0.493,46.2,0.148,Balanced
46,73175,5139.38,423899,72149,3,23,2,0.157,82.48,0.986,Conservative
72,235288,16153.7,197886,37087,1,33,1,0.176,12.25,0.158,Conservative
70,213781,7842.59,36427,138303,3,28,1,0.56,4.64,0.647,Conservative
72,168395,5111.89,6895,142286,0,22,10,0.636,1.35,0.845,Balanced
49,70762,2355.74,231622,68413,4,35,3,0.601,98.32,0.967,Conservative
68,239292,10122.07,137546,97743,0,34,6,0.492,13.59,0.408,Balanced
61,84222,6209.57,267794,132219,3,30,7,0.115,43.13,1.57,Conservative
35,185565,10162.53,78168,49389,3,36,6,0.343,7.69,0.266,Aggressive
23,209400,9689.88,50072,116810,1,14,6,0.445,5.17,0.558,Aggressive
35,32213,2251.67,174383,138681,1,9,9,0.161,77.45,4.305,Balanced
36,117367,5860.77,84528,119283,1,22,4,0.401,14.42,1.016,Balanced
39,198002,8635.88,234550,9737,1,28,5,0.477,27.16,0.049,Aggressive
54,178785,12927.21,54997,36751,2,14,1,0.132,4.25,0.206,Conservative
49,127157,8659.76,102800,110859,1,15,4,0.183,11.87,0.872,Conservative
73,223795,15181.09,22966,40902,3,37,10,0.186,1.51,0.183,Balanced
58,249408,13130.43,10050,5606,3,24,6,0.368,0.77,0.022,Balanced
20,52583,3436.26,315706,50775,4,34,7,0.216,91.87,0.966,Balanced
45,148792,5562.89,35894,126001,0,3,2,0.551,6.45,0.847,Conservative
27,99944,5540.83,453747,121914,2,23,10,0.335,81.89,1.22,Aggressive
68,42369,3146.31,193122,110397,2,20,6,0.109,61.38,2.606,Conservative
52,199000,8457.95,361438,132167,4,15,3,0.49,42.73,0.664,Conservative
46,220022,14427.83,141059,65262,4,16,7,0.213,9.78,0.297,Balanced
71,135844,7015.93,55584,82915,1,7,9,0.38,7.92,0.61,Balanced
32,39510,1224.46,338453,22065,4,33,4,0.628,276.41,0.558,Aggressive
50,32120,2060.13,162503,48844,2,19,8,0.23,78.88,1.521,Balanced
24,119847,4421.49,347935,84703,0,18,10,0.557,78.69,0.707,Aggressive
29,118575,6890.3,79720,123035,0,18,6,0.303,11.57,1.038,Balanced
66,149269,4939.75,223856,141159,2,3,3,0.603,45.32,0.946,Conservative
47,25295,1835.53,11866,5682,1,3,3,0.129,6.46,0.225,Conservative
38,40460,1721.06,250324,124656,0,36,3,0.49,145.45,3.081,Balanced
48,34963,1382.66,121025,38729,0,16,4,0.525,87.53,1.108,Balanced
41,97116,3407.36,163435,86688,1,23,2,0.579,47.97,0.893,Balanced
37,238894,17325.81,159901,120448,0,23,5,0.13,9.23,0.504,Balanced
54,47328,2924.66,365937,103508,3,15,8,0.258,125.12,2.187,Balanced
21,104629,6608.31,64318,73088,2,9,7,0.242,9.73,0.699,Balanced
45,144034,7497.84,372969,125300,0,38,9,0.375,49.74,0.87,Aggressive
61,41605,2118.74,448839,57398,0,18,3,0.389,211.84,1.38,Conservative
37,130901,4478.03,223633,16468,1,38,4,0.589,49.94,0.126,Aggressive
41,195885,10739.6,233256,72620,0,6,8,0.342,21.72,0.371,Aggressive
67,197443,7993.22,235565,43848,1,37,10,0.514,29.47,0.222,Aggressive
66,128241,9483.74,172943,71591,2,6,3,0.113,18.24,0.558,Conservative
68,67598,4439.61,452482,68205,3,21,1,0.212,101.92,1.009,Conservative
49,211848,10188.93,322969,77564,4,30,2,0.423,31.7,0.366,Balanced
58,92258,3330.8,171813,66544,2,28,10,0.567,51.58,0.721,Aggressive
53,60969,3972.8,2176,51516,0,20,10,0.218,0.55,0.845,Conservative
70,187984,6534.47,106594,15523,3,19,8,0.583,16.31,0.083,Aggressive
51,189446,7169.48,398998,121456,4,14,7,0.546,55.65,0.641,Balanced
53,223374,8680.62,26722,2199,4,1,4,0.534,3.08,0.01,Conservative
19,82784,4527.52,192875,70231,0,27,8,0.344,42.6,0.848,Aggressive
32,200954,13110.26,276020,1006,4,32,3,0.217,21.05,0.005,Balanced
51,167000,7276.65,458845,7114,4,29,1,0.477,63.06,0.043,Balanced
53,41274,1364.0,9931,109548,2,31,4,0.603,7.28,2.654,Balanced
23,149994,7568.4,296014,83063,2,25,6,0.395,39.11,0.554,Aggressive
56,54416,3452.97,133509,145099,4,7,6,0.239,38.66,2.666,Conservative
59,237220,9328.98,483757,99528,1,39,4,0.528,51.86,0.42,Balanced
68,212070,8323.01,418317,102799,0,16,8,0.529,50.26,0.485,Aggressive
68,120434,8741.25,367760,77977,1,11,9,0.129,42.07,0.647,Balanced
71,180119,13130.44,226363,181,1,18,2,0.125,17.24,0.001,Conservative
29,194428,14497.14,1567,143884,4,5,3,0.105,0.11,0.74,Conservative
20,188206,12456.3,79437,22716,0,2,8,0.206,6.38,0.121,Aggressive
62,218114,8242.92,104056,126995,1,10,1,0.546,12.62,0.582,Conservative
35,71310,2772.71,407188,40218,2,26,1,0.533,146.86,0.564,Balanced
57,100758,4509.96,186587,26633,2,24,7,0.463,41.37,0.264,Aggressive
38,163435,7149.91,426863,10939,0,26,10,0.475,59.7,0.067,Aggressive
32,236221,17245.91,91896,10072,1,16,7,0.124,5.33,0.043,Balanced
50,195635,12781.33,317298,95534,3,25,7,0.216,24.83,0.488,Balanced
52,50628,3156.68,455524,84751,3,38,5,0.252,144.3,1.674,Conservative
43,89672,3379.74,183906,31619,0,6,7,0.548,54.41,0.353,Balanced
25,66246,4693.74,217239,129729,0,12,9,0.15,46.28,1.958,Aggressive
53,162233,10887.57,136768,107696,3,9,6,0.195,12.56,0.664,Conservative
65,109110,4000.73,191172,62017,1,8,6,0.56,47.78,0.568,Balanced
47,243510,16825.4,218624,124412,1,31,3,0.171,12.99,0.511,Conservative
40,22810,949.92,481676,46075,4,32,7,0.5,507.07,2.02,Balanced
59,210932,6934.01,210989,135722,0,7,6,0.606,30.43,0.643,Balanced
61,228271,13529.86,293237,148705,1,32,5,0.289,21.67,0.651,Conservative
31,91688,5421.76,373067,101287,3,25,3,0.29,68.81,1.105,Conservative
31,85548,2867.37,327703,37343,3,33,3,0.598,114.29,0.437,Balanced
19,213435,9344.34,107541,45197,2,28,6,0.475,11.51,0.212,Aggressive
72,31162,2326.89,202367,1782,1,11,6,0.104,86.97,0.057,Balanced
54,107858,6499.65,221958,4412,4,31,5,0.277,34.15,0.041,Balanced
22,93535,5857.95,307045,59687,4,10,3,0.248,52.42,0.638,Conservative
55,158291,6161.54,294237,113043,0,2,2,0.533,47.75,0.714,Conservative
62,90864,2978.3,404177,47855,2,4,4,0.607,135.71,0.527,Conservative
58,154693,6475.14,93720,96169,3,22,4,0.498,14.47,0.622,Balanced
71,138371,5614.34,36190,58190,3,28,10,0.513,6.45,0.421,Aggressive
64,109792,4382.52,95860,141688,0,10,2,0.521,21.87,1.291,Conservative
31,195505,7429.43,69423,37448,4,2,9,0.544,9.34,0.192,Aggressive
73,227922,12651.87,22326,123678,4,31,3,0.334,1.76,0.543,Conservative
56,86188,3809.92,382884,12101,3,23,1,0.47,100.5,0.14,Balanced
42,206023,13755.29,146125,103131,0,16,5,0.199,10.62,0.501,Balanced
37,101718,3824.35,239938,103371,1,9,10,0.549,62.74,1.016,Aggressive
19,56558,2854.03,315809,75822,2,6,3,0.394,110.65,1.341,Balanced
56,148938,4437.26,251627,130965,4,25,6,0.642,56.71,0.879,Balanced
23,166731,8543.93,320098,50465,4,4,1,0.385,37.46,0.303,Conservative
34,54413,1726.3,269603,11070,4,12,10,0.619,156.17,0.203,Aggressive
42,30435,2251.55,305359,123927,1,24,4,0.112,135.62,4.072,Balanced
74,204983,13406.33,423095,58431,1,27,1,0.215,31.56,0.285,Conservative
45,48067,2481.7,416390,46739,2,3,1,0.38,167.78,0.972,Conservative
19,107794,3571.78,141131,46707,4,12,10,0.602,39.51,0.433,Aggressive
52,113823,6410.56,32752,21742,3,30,8,0.324,5.11,0.191,Aggressive
54,89224,5705.28,288748,33050,4,12,10,0.233,50.61,0.37,Balanced
22,224297,8502.62,394267,40377,2,22,4,0.545,46.37,0.18,Aggressive
18,21379,1180.32,66169,2733,2,15,10,0.337,56.06,0.128,Aggressive
57,122547,8147.5,138179,84277,3,28,3,0.202,16.96,0.688,Conservative
29,128541,8275.22,77139,142199,1,17,6,0.227,9.32,1.106,Balanced
73,178696,11788.66,305617,143082,3,25,10,0.208,25.92,0.801,Balanced
53,242572,16851.23,126642,24373,2,3,9,0.166,7.52,0.1,Balanced
62,239499,17278.36,423574,138282,3,36,6,0.134,24.51,0.577,Balanced
40,134634,6429.18,433083,66323,4,31,1,0.427,67.36,0.493,Balanced
64,148701,8213.54,472624,114003,2,15,8,0.337,57.54,0.767,Balanced
48,77745,5084.93,497144,15060,1,28,1,0.215,97.77,0.194,Balanced
28,202877,12399.62,99864,45256,1,31,3,0.267,8.05,0.223,Balanced
27,123915,9268.18,191423,53473,3,20,9,0.102,20.65,0.432,Aggressive
20,163588,4873.87,319180,86648,3,21,4,0.642,65.49,0.53,Aggressive
71,230494,10474.48,80084,71176,3,27,8,0.455,7.65,0.309,Aggressive
31,236915,9961.59,358603,3410,4,19,9,0.495,36.0,0.014,Aggressive
33,149560,6160.3,150142,91316,1,36,8,0.506,24.37,0.611,Aggressive
27,175915,6925.06,478301,110100,2,12,6,0.528,69.07,0.626,Balanced
46,156984,9680.92,167510,76721,2,35,9,0.26,17.3,0.489,Aggressive
27,172586,5704.22,470171,81167,1,33,6,0.603,82.43,0.47,Aggressive
29,238431,15058.6,97716,147993,3,36,5,0.242,6.49,0.621,Balanced
47,208104,12683.67,257787,94123,0,23,8,0.269,20.32,0.452,Aggressive
58,179869,7313.81,445514,53020,3,13,4,0.512,60.91,0.295,Balanced
18,157521,6419.75,377927,37344,1,30,3,0.511,58.87,0.237,Aggressive
22,152797,8860.61,365054,130145,4,10,4,0.304,41.2,0.852,Balanced
37,101406,6500.07,453434,138970,3,20,9,0.231,69.76,1.37,Balanced
25,29304,2031.91,448685,129934,2,6,4,0.168,220.82,4.434,Balanced
60,224130,15290.84,495441,79752,4,31,7,0.181,32.4,0.356,Balanced
29,145555,10682.35,260974,131020,1,19,1,0.119,24.43,0.9,Conservative
18,164735,9194.43,213411,28474,0,3,6,0.33,23.21,0.173,Balanced
74,90320,6395.86,494298,126367,3,10,8,0.15,77.28,1.399,Balanced
71,226080,14971.81,214656,53459,4,10,7,0.205,14.34,0.236,Balanced
37,114488,8033.88,476253,112298,4,21,5,0.158,59.28,0.981,Balanced
45,95591,2839.01,46320,19309,2,2,4,0.644,16.32,0.202,Balanced
74,115044,8448.51,98735,105018,3,39,2,0.119,11.69,0.913,Conservative
60,163748,8329.88,225828,89117,0,30,1,0.39,27.11,0.544,Balanced
54,45192,2971.38,164790,145359,4,28,1,0.211,55.46,3.216,Conservative
64,175794,6152.24,10490,22390,2,18,5,0.58,1.71,0.127,Conservative
54,158518,7500.12,13278,8541,3,14,9,0.432,1.77,0.054,Balanced
29,139304,5796.25,433856,148993,3,19,7,0.501,74.85,1.07,Balanced
54,155797,6626.73,362840,43937,0,36,2,0.49,54.75,0.282,Balanced
66,236669,8239.84,87948,40149,2,12,6,0.582,10.67,0.17,Balanced
66,108207,7152.21,183178,79030,0,20,10,0.207,25.61,0.73,Balanced
73,208704,6175.61,92834,39796,4,34,7,0.645,15.03,0.191,Balanced
61,218017,9481.52,463060,130174,1,36,8,0.478,48.84,0.597,Aggressive
73,93741,3483.46,75512,137113,1,21,9,0.554,21.68,1.463,Balanced
45,36365,2042.41,60371,85521,0,19,3,0.326,29.56,2.352,Conservative
64,85792,3502.02,116945,135246,0,35,2,0.51,33.39,1.576,Conservative
32,215929,8861.17,213714,127521,1,8,7,0.508,24.12,0.591,Balanced
23,166776,8597.11,422656,62933,4,22,8,0.381,49.16,0.377,Aggressive
61,70575,4169.68,351517,33691,0,38,9,0.291,84.3,0.477,Balanced
37,180974,6284.59,220528,115306,4,18,10,0.583,35.09,0.637,Aggressive
67,139641,5196.17,255352,119088,4,8,5,0.553,49.14,0.853,Conservative
31,152267,6166.13,292234,88262,2,2,9,0.514,47.39,0.58,Aggressive
19,73517,5425.32,445233,93374,4,20,1,0.114,82.07,1.27,Conservative
26,54012,2558.52,488308,3303,3,5,9,0.432,190.86,0.061,Aggressive
54,162487,9200.08,67645,46653,1,30,10,0.321,7.35,0.287,Aggressive
37,190606,7669.49,423013,9890,1,18,5,0.517,55.16,0.052,Aggressive
43,41686,2152.92,159438,73136,0,23,2,0.38,74.06,1.754,Balanced
46,228270,7433.34,122409,27230,0,2,6,0.609,16.47,0.119,Balanced
18,179815,5530.93,296635,16466,2,37,1,0.631,53.63,0.092,Aggressive
72,52161,2641.97,2407,147548,2,32,7,0.392,0.91,2.829,Conservative
52,212385,10075.24,212086,27732,3,1,7,0.431,21.05,0.131,Balanced
23,22402,793.93,419654,138447,0,39,10,0.575,528.57,6.18,Aggressive
54,83190,5048.11,339123,7837,1,1,8,0.272,67.18,0.094,Balanced
70,203623,15205.5,399526,23108,3,31,1,0.104,26.28,0.113,Conservative
22,33275,1573.92,242037,17851,0,39,2,0.432,153.78,0.536,Balanced
50,179254,10359.5,318244,26600,3,8,1,0.306,30.72,0.148,Conservative
66,34915,2559.38,243939,15188,4,3,8,0.12,95.31,0.435,Conservative
68,20909,1406.73,321256,44777,4,12,8,0.193,228.37,2.142,Balanced
31,134110,6760.86,300349,136561,3,34,3,0.395,44.42,1.018,Balanced
29,85908,5409.48,481384,84618,0,25,10,0.244,88.99,0.985,Aggressive
59,147337,5162.62,280259,139767,4,36,2,0.58,54.29,0.949,Conservative
37,42620,2243.44,242136,230,4,7,9,0.368,107.93,0.005,Aggressive
70,54112,2270.37,75975,11355,3,15,5,0.497,33.46,0.21,Balanced
67,225123,8229.0,371698,148216,4,21,9,0.561,45.17,0.658,Balanced
41,22431,1092.49,95990,70779,1,25,2,0.416,87.86,3.155,Balanced
60,106590,3748.93,261999,85872,4,38,6,0.578,69.89,0.806,Balanced
51,82175,5029.4,328917,50094,3,37,1,0.266,65.4,0.61,Conservative
42,137472,6884.28,86856,117383,4,16,7,0.399,12.62,0.854,Balanced
67,52624,2815.95,249239,10594,4,1,4,0.358,88.51,0.201,Conservative
46,227193,8150.68,311347,121562,2,37,7,0.569,38.2,0.535,Balanced
74,81264,2890.79,108947,148064,3,14,9,0.573,37.69,1.822,Balanced
56,133766,7478.39,190697,99185,3,34,1,0.329,25.5,0.741,Conservative
48,183030,13601.5,181253,60436,2,2,1,0.108,13.33,0.33,Conservative
73,152767,5129.63,209429,125039,2,31,7,0.597,40.83,0.818,Balanced
64,120211,5080.44,33067,89236,1,19,10,0.493,6.51,0.742,Balanced
60,139502,9627.99,253401,43388,4,19,2,0.172,26.32,0.311,Conservative
67,201004,6528.44,4918,144114,0,23,8,0.61,0.75,0.717,Balanced
40,64225,4451.53,304808,27577,0,30,4,0.168,68.47,0.429,Balanced
61,152475,8111.13,2486,144566,2,17,7,0.362,0.31,0.948,Conservative
55,234418,11223.67,230222,86811,3,2,10,0.425,20.51,0.37,Balanced
37,225463,9776.16,39093,39248,3,11,2,0.48,4.0,0.174,Balanced
40,189708,8116.57,296627,89425,1,14,8,0.487,36.55,0.471,Aggressive
62,30839,1331.71,112694,81709,0,29,6,0.482,84.62,2.65,Balanced
69,216618,15102.64,481434,116011,3,19,1,0.163,31.88,0.536,Conservative
33,198901,12399.61,425705,132083,1,28,9,0.252,34.33,0.664,Aggressive
67,160302,9596.05,361192,36836,1,1,2,0.282,37.64,0.23,Conservative
59,71977,4734.36,126105,61557,2,5,4,0.211,26.64,0.855,Conservative
72,191304,7834.11,309531,101751,0,34,9,0.509,39.51,0.532,Aggressive
25,133050,7649.53,417158,24281,1,14,8,0.31,54.53,0.182,Aggressive
67,245864,12355.41,273887,96574,1,19,8,0.397,22.17,0.393,Aggressive
38,45651,2968.62,632,147020,1,24,4,0.22,0.21,3.221,Conservative
18,117919,5110.72,147128,141308,0,17,1,0.48,28.79,1.198,Balanced
72,59963,3516.57,327041,64589,2,2,10,0.296,93.0,1.077,Conservative
25,206944,14403.59,345934,30271,4,31,4,0.165,24.02,0.146,Aggressive
46,137776,6557.94,191012,103427,3,17,3,0.429,29.13,0.751,Conservative
49,99198,3196.18,427571,95157,0,8,3,0.613,133.78,0.959,Conservative
55,164811,8705.15,10339,135250,0,17,1,0.366,1.19,0.821,Conservative
22,150697,6784.94,239959,97984,0,38,9,0.46,35.37,0.65,Aggressive
64,83294,4995.72,190636,144348,4,26,3,0.28,38.16,1.733,Conservative
39,199428,14509.52,243291,145900,3,7,4,0.127,16.77,0.732,Conservative
64,21789,1120.47,217494,6149,3,24,1,0.383,194.11,0.282,Balanced
51,170492,8615.59,436936,92864,1,30,3,0.394,50.71,0.545,Balanced
18,109297,6466.94,342008,53781,1,26,1,0.29,52.89,0.492,Balanced
72,188678,6398.13,172650,135618,2,30,4,0.593,26.98,0.719,Balanced
72,189712,7737.54,232779,60560,0,35,10,0.511,30.08,0.319,Aggressive
43,138341,9861.85,388332,146433,2,2,7,0.145,39.38,1.058,Conservative
60,64135,3839.91,482458,68895,0,4,10,0.282,125.64,1.074,Conservative
27,57067,1699.62,329074,54165,3,5,8,0.643,193.62,0.949,Aggressive
47,209492,8074.94,263909,77670,2,2,8,0.537,32.68,0.371,Balanced
67,37357,2258.73,154379,40372,3,31,1,0.274,68.35,1.081,Conservative
35,190923,12257.57,228251,110805,1,27,6,0.23,18.62,0.58,Balanced
34,58262,3942.02,181086,131971,3,24,8,0.188,45.94,2.265,Balanced
43,227925,9700.06,187888,96628,4,4,10,0.489,19.37,0.424,Balanced
25,78643,5649.62,338145,98956,2,28,10,0.138,59.85,1.258,Aggressive
64,172606,9408.76,65317,122684,0,5,8,0.346,6.94,0.711,Balanced
57,111270,6797.64,358592,132054,3,27,9,0.267,52.75,1.187,Balanced
66,183944,10396.0,163801,98879,2,5,8,0.322,15.76,0.538,Balanced
29,158761,5523.65,426464,74060,0,5,5,0.582,77.21,0.466,Aggressive
44,89103,6532.09,172845,69843,2,9,1,0.12,26.46,0.784,Conservative
25,106268,3697.96,55284,123168,2,27,9,0.582,14.95,1.159,Aggressive
42,106310,4342.63,411806,108669,4,4,10,0.51,94.83,1.022,Balanced
63,239803,15936.81,237210,110329,3,24,10,0.203,14.88,0.46,Balanced
21,57412,3302.28,487293,38794,4,27,10,0.31,147.56,0.676,Aggressive
50,67734,4577.59,253173,20753,1,1,10,0.189,55.31,0.306,Balanced
18,107793,5691.96,144946,113684,2,32,5,0.366,25.47,1.055,Aggressive
36,221002,10264.55,127747,27238,3,16,7,0.443,12.45,0.123,Aggressive
48,42228,3015.84,46616,84243,1,23,7,0.143,15.46,1.995,Balanced
33,140627,4335.28,212483,46086,1,28,4,0.63,49.01,0.328,Aggressive
31,97924,6698.59,59633,27639,4,20,8,0.179,8.9,0.282,Aggressive
70,31319,1244.8,461645,118058,1,17,10,0.523,370.86,3.77,Balanced
65,26475,1802.08,339982,108748,0,36,9,0.183,188.66,4.108,Balanced
22,248163,8821.33,188850,53350,0,8,4,0.573,21.41,0.215,Aggressive
58,234766,13090.56,168034,76779,0,18,2,0.331,12.84,0.327,Balanced
43,165800,11584.71,453340,52848,1,13,10,0.162,39.13,0.319,Aggressive
45,49545,2520.38,312785,111546,2,9,4,0.39,124.1,2.251,Balanced
19,116636,7392.89,212019,108903,3,37,2,0.239,28.68,0.934,Conservative
67,232758,15373.07,86100,85122,0,30,1,0.207,5.6,0.366,Conservative
23,249822,15719.46,142227,16690,0,28,1,0.245,9.05,0.067,Balanced
26,249484,17857.47,304508,115571,0,18,4,0.141,17.05,0.463,Balanced
50,212828,10566.18,400126,137735,4,20,9,0.404,37.87,0.647,Balanced
58,219847,8156.67,454104,6189,4,36,9,0.555,55.67,0.028,Aggressive
42,189771,5950.84,364345,134661,0,19,7,0.624,61.23,0.71,Balanced
65,187893,7602.67,217489,101945,0,5,5,0.514,28.61,0.543,Balanced
30,50615,1808.47,242907,81017,4,34,6,0.571,134.32,1.601,Balanced
26,33746,1847.23,165250,127224,3,17,1,0.343,89.46,3.77,Balanced
70,237529,8941.38,23470,87028,2,28,3,0.548,2.62,0.366,Conservative
30,173817,5379.83,322595,133234,3,36,1,0.629,59.96,0.767,Balanced
48,21245,654.69,485573,80110,2,38,10,0.63,741.68,3.771,Aggressive
58,137408,9244.85,412223,95400,1,30,5,0.193,44.59,0.694,Balanced
28,132143,7436.32,193258,5167,1,18,4,0.325,25.99,0.039,Aggressive
21,175925,8018.47,411951,43743,3,6,3,0.453,51.38,0.249,Balanced
51,47632,3341.49,310327,19525,4,26,6,0.158,92.87,0.41,Balanced
55,32856,1064.01,383788,120819,0,15,6,0.611,360.7,3.677,Balanced
63,207965,15409.81,78899,82074,1,1,9,0.111,5.12,0.395,Conservative
21,221713,12729.29,372905,69166,4,17,4,0.311,29.3,0.312,Aggressive
55,88049,3308.48,198723,139724,4,31,9,0.549,60.06,1.587,Balanced
36,78182,4713.64,469834,116084,2,2,4,0.277,99.68,1.485,Conservative
23,153873,9871.72,93374,90902,1,36,8,0.23,9.46,0.591,Aggressive
51,248953,12160.08,140969,111817,3,35,8,0.414,11.59,0.449,Aggressive
35,230503,15825.91,364974,131648,4,27,2,0.176,23.06,0.571,Balanced
30,190821,6883.91,30155,72799,3,3,10,0.567,4.38,0.382,Balanced
58,224829,9430.84,498889,3764,3,20,8,0.497,52.9,0.017,Aggressive
40,75654,2530.76,328090,59887,1,8,2,0.599,129.64,0.792,Conservative
36,222646,8645.77,306283,35878,3,29,8,0.534,35.43,0.161,Aggressive
62,248639,9972.51,281474,118217,3,8,6,0.519,28.22,0.475,Balanced
28,75381,5369.0,495332,90461,0,27,3,0.145,92.26,1.2,Balanced
18,78601,2573.92,8514,14202,3,26,7,0.607,3.31,0.181,Aggressive
41,166154,8101.09,253117,69619,0,39,6,0.415,31.24,0.419,Aggressive
71,165720,8877.33,234895,147564,1,10,3,0.357,26.46,0.89,Conservative
24,20364,1432.75,193303,66767,3,30,5,0.156,134.92,3.279,Balanced
42,185640,13903.4,174633,98880,4,33,4,0.101,12.56,0.533,Balanced
38,230718,14696.03,331396,141902,3,36,6,0.236,22.55,0.615,Balanced
32,222566,16394.49,153431,48215,0,20,1,0.116,9.36,0.217,Balanced
18,225704,14725.41,479305,26617,4,4,1,0.217,32.55,0.118,Conservative
29,27436,2011.43,339402,79109,1,23,8,0.12,168.74,2.883,Aggressive
24,106713,6571.73,150480,55873,2,29,8,0.261,22.9,0.524,Aggressive
32,177826,5836.69,160265,114785,2,32,9,0.606,27.46,0.645,Aggressive
38,80194,3816.27,352062,127071,0,37,8,0.429,92.25,1.585,Aggressive
36,44544,2619.29,407319,42908,1,37,2,0.294,155.51,0.963,Conservative
46,211252,9557.31,224991,40924,1,26,5,0.457,23.54,0.194,Aggressive
42,83295,3473.13,210448,26071,3,5,8,0.5,60.59,0.313,Aggressive
50,163710,9107.32,44202,18839,2,24,9,0.332,4.85,0.115,Aggressive
66,216787,15598.29,149917,103115,3,2,6,0.137,9.61,0.476,Conservative
49,89409,2751.12,23187,73363,1,15,4,0.631,8.43,0.821,Balanced
66,234178,15086.47,292225,117379,0,8,9,0.227,19.37,0.501,Balanced
52,146839,9146.85,431109,115660,0,37,4,0.252,47.13,0.788,Balanced
61,133759,9810.94,356377,26088,4,37,6,0.12,36.32,0.195,Balanced
55,37157,2668.77,270936,106110,0,14,5,0.138,101.52,2.856,Conservative
43,196637,12604.89,370453,68459,2,5,1,0.231,29.39,0.348,Conservative
28,221068,11720.75,397164,103305,4,9,4,0.364,33.89,0.467,Balanced
52,85888,3309.17,282272,105780,2,22,10,0.538,85.3,1.232,Aggressive
25,207167,11219.47,146250,62406,3,30,3,0.35,13.04,0.301,Balanced
63,84947,5457.45,170387,96888,3,33,8,0.229,31.22,1.141,Balanced
31,238194,16725.55,26977,38703,0,38,7,0.157,1.61,0.162,Balanced
27,90880,5940.08,316470,65422,4,37,10,0.216,53.28,0.72,Aggressive
19,24507,934.12,460466,20614,2,38,1,0.543,492.94,0.841,Balanced
63,123134,6975.82,221098,147783,2,7,8,0.32,31.69,1.2,Balanced
26,63988,2840.51,20510,94406,1,3,7,0.467,7.22,1.475,Balanced
20,118421,3503.91,327790,148138,0,32,2,0.645,93.55,1.251,Balanced
38,167937,6439.29,58633,32891,3,36,10,0.54,9.11,0.196,Aggressive
43,122591,4211.73,239434,131825,1,19,4,0.588,56.85,1.075,Balanced
25,149614,10142.53,41143,40882,3,31,2,0.187,4.06,0.273,Balanced
65,47213,1936.44,359744,39293,3,30,9,0.508,185.78,0.832,Balanced
19,207026,8739.67,383600,134650,2,37,8,0.493,43.89,0.65,Aggressive
23,77450,5666.53,440403,86586,3,25,1,0.122,77.72,1.118,Conservative
45,155549,7239.48,179565,121896,4,13,1,0.442,24.8,0.784,Conservative
70,82222,2434.27,253072,68474,3,12,8,0.645,103.96,0.833,Balanced
46,157605,6647.19,235355,114461,4,9,5,0.494,35.41,0.726,Conservative
43,200467,6943.09,156650,144947,3,9,1,0.584,22.56,0.723,Conservative
42,174468,5910.75,66208,121007,1,27,4,0.593,11.2,0.694,Balanced
29,32755,1071.68,279914,62742,2,31,2,0.607,261.19,1.915,Balanced
22,151937,8562.82,255869,100731,1,6,9,0.324,29.88,0.663,Aggressive
51,162245,6140.18,94144,90276,2,29,10,0.546,15.33,0.556,Aggressive
65,209977,9600.91,82080,79686,1,30,6,0.451,8.55,0.379,Balanced
54,189169,12991.33,137835,140773,0,38,9,0.176,10.61,0.744,Balanced
32,53371,2594.66,283396,23291,3,11,1,0.417,109.22,0.436,Balanced
61,162326,11547.2,274265,24116,3,6,1,0.146,23.75,0.149,Conservative
53,155090,8062.95,42869,5886,0,39,4,0.376,5.32,0.038,Balanced
32,25192,1195.28,73092,13672,0,31,2,0.431,61.15,0.543,Balanced
60,22015,1399.26,322911,14508,4,35,1,0.237,230.77,0.659,Conservative
65,128154,4167.64,87373,94204,1,12,6,0.61,20.96,0.735,Balanced
40,219988,7318.51,387434,109306,3,6,8,0.601,52.94,0.497,Aggressive
23,48343,2854.6,276889,3281,4,26,1,0.291,97.0,0.068,Balanced
63,89306,4597.9,295320,128686,3,37,10,0.382,64.23,1.441,Balanced
67,25829,1689.06,114482,103258,0,32,10,0.215,67.78,3.998,Balanced
61,54381,3869.88,459512,95386,4,4,6,0.146,118.74,1.754,Conservative
60,131451,6173.83,184076,116294,4,3,1,0.436,29.82,0.885,Conservative
62,232153,13117.14,132924,143996,4,2,8,0.322,10.13,0.62,Conservative
38,38263,1994.09,267887,130363,1,20,6,0.375,134.34,3.407,Balanced
40,204332,15152.68,176905,91465,4,19,1,0.11,11.67,0.448,Conservative
60,194378,13073.48,59984,102543,3,39,9,0.193,4.59,0.528,Balanced
72,242283,17191.1,85426,57962,1,12,1,0.149,4.97,0.239,Conservative
33,78418,3201.33,356374,147736,3,36,9,0.51,111.32,1.884,Aggressive
64,241970,15625.0,312618,13633,4,28,3,0.225,20.01,0.056,Conservative
70,20148,832.8,359027,44337,4,9,8,0.504,431.11,2.201,Balanced
32,152826,5919.57,216312,4932,3,11,8,0.535,36.54,0.032,Aggressive
42,46745,3386.47,66202,16205,2,30,7,0.131,19.55,0.347,Balanced
53,92914,2792.2,415026,85470,4,2,2,0.639,148.64,0.92,Conservative
28,206905,15189.65,111327,51111,4,38,3,0.119,7.33,0.247,Balanced
68,171212,6164.97,411155,49541,1,38,5,0.568,66.69,0.289,Balanced
32,225979,15078.28,394970,70719,3,33,5,0.199,26.19,0.313,Balanced
21,80653,3372.35,4786,85787,4,7,2,0.498,1.42,1.064,Conservative
38,243607,11020.91,467261,133125,3,21,1,0.457,42.4,0.546,Balanced
30,212593,8312.68,332187,131060,1,12,5,0.531,39.96,0.616,Balanced
39,98315,5505.91,277636,103312,3,21,5,0.328,50.43,1.051,Balanced
36,51075,2304.56,62552,139431,3,23,3,0.459,27.14,2.73,Balanced
51,181769,10778.39,237634,112994,1,6,8,0.288,22.05,0.622,Balanced
31,205616,6144.59,141295,121004,4,14,6,0.641,23.0,0.588,Balanced
21,29795,956.93,356284,111441,3,32,2,0.615,372.32,3.74,Balanced
65,84555,2852.42,65683,34934,2,13,2,0.595,23.03,0.413,Conservative
70,203276,9832.57,146162,40874,4,27,4,0.42,14.87,0.201,Balanced
69,220826,14687.47,343818,64737,1,11,6,0.202,23.41,0.293,Balanced
63,215932,15088.21,45502,143533,0,32,9,0.162,3.02,0.665,Balanced
44,123107,4971.94,440495,109502,2,3,8,0.515,88.6,0.889,Balanced
46,71529,3969.28,222656,21566,4,2,8,0.334,56.09,0.302,Balanced
64,162744,10478.01,237765,45006,1,30,2,0.227,22.69,0.277,Conservative
45,205310,8706.11,143588,93052,2,2,4,0.491,16.49,0.453,Balanced
52,247650,11865.62,179755,58641,4,39,6,0.425,15.15,0.237,Balanced
25,187022,9946.23,398460,100949,0,29,6,0.362,40.06,0.54,Aggressive
33,31009,1096.12,483933,112849,4,22,10,0.576,441.5,3.639,Aggressive
59,198168,6015.89,110769,46064,0,25,6,0.636,18.41,0.232,Aggressive
53,170616,6171.23,496307,50368,0,19,8,0.566,80.42,0.295,Aggressive
47,206800,11973.19,361950,97005,3,16,8,0.305,30.23,0.469,Aggressive
35,49381,1606.9,440073,142263,1,17,7,0.61,273.86,2.881,Balanced
19,147769,5594.69,292883,99509,3,27,5,0.546,52.35,0.673,Balanced
66,176359,7874.72,228002,72239,0,19,6,0.464,28.95,0.41,Balanced
30,84610,2769.77,358645,82147,1,30,6,0.607,129.49,0.971,Balanced
21,88122,3344.48,406638,34904,1,14,3,0.545,121.58,0.396,Balanced
43,88184,6255.17,393800,110227,1,32,3,0.149,62.96,1.25,Conservative
42,191153,5744.38,314791,138030,2,23,7,0.639,54.8,0.722,Balanced
47,234709,13874.97,373963,82169,4,36,6,0.291,26.95,0.35,Balanced
28,196384,9187.91,61131,133344,0,10,5,0.439,6.65,0.679,Balanced
24,107228,6433.29,15873,87958,1,38,6,0.28,2.47,0.82,Conservative
48,92943,5218.6,5656,3018,2,29,6,0.326,1.08,0.032,Balanced
61,233862,9216.59,499214,83716,2,11,4,0.527,54.16,0.358,Balanced
27,100770,6852.07,170123,296,0,38,5,0.184,24.83,0.003,Aggressive
56,72726,3760.95,301107,14578,3,15,7,0.379,80.06,0.2,Balanced
30,173283,11586.78,111161,144626,2,32,1,0.198,9.59,0.835,Conservative
48,180552,8625.98,311949,21585,0,27,10,0.427,36.16,0.12,Aggressive
24,67780,5035.92,141225,34225,2,38,6,0.108,28.04,0.505,Aggressive
73,208210,13425.54,257264,134618,0,1,5,0.226,19.16,0.647,Conservative
66,241454,17732.23,482050,46622,1,14,6,0.119,27.18,0.193,Balanced
59,62503,3296.41,285712,105665,3,3,1,0.367,86.67,1.691,Conservative
59,77893,3963.0,166359,125188,2,30,4,0.389,41.98,1.607,Balanced
73,197265,12583.86,157245,134736,2,31,8,0.235,12.5,0.683,Balanced
53,81358,5655.47,147727,91701,2,1,4,0.166,26.12,1.127,Conservative
37,100857,7398.53,1070,82015,4,14,10,0.12,0.14,0.813,Conservative
21,229254,10096.8,368870,53084,4,36,8,0.471,36.53,0.232,Aggressive
71,140457,9238.41,82236,121600,1,36,8,0.211,8.9,0.866,Balanced
24,173189,6723.41,189064,6140,2,15,2,0.534,28.12,0.035,Balanced
71,210128,11383.09,143341,119612,3,38,6,0.35,12.59,0.569,Balanced
18,137928,5159.85,39421,22141,4,25,7,0.551,7.64,0.161,Aggressive
61,78706,3548.78,412791,21628,0,14,7,0.459,116.32,0.275,Balanced
73,221501,15915.72,352233,112398,0,24,1,0.138,22.13,0.507,Conservative
62,160548,5757.65,10801,63747,0,2,4,0.57,1.88,0.397,Conservative
59,102806,5978.34,202615,83525,1,34,7,0.302,33.89,0.812,Balanced
64,75006,4226.12,387442,65198,2,23,6,0.324,91.68,0.869,Balanced
30,107238,3721.21,234745,125627,2,8,3,0.584,63.08,1.171,Conservative
72,220990,9747.29,186573,44770,4,5,10,0.471,19.14,0.203,Balanced
39,214227,11776.06,442075,139009,0,29,10,0.34,37.54,0.649,Aggressive
71,218393,8243.39,317763,45618,1,33,1,0.547,38.55,0.209,Balanced
38,65798,4333.58,69691,104820,3,20,5,0.21,16.08,1.593,Balanced
39,97271,7171.19,16847,53103,2,16,8,0.115,2.35,0.546,Balanced
45,50177,1957.4,121859,6493,2,37,3,0.532,62.26,0.129,Balanced
26,247320,9332.24,22553,98038,1,37,5,0.547,2.42,0.396,Balanced
43,148022,7403.74,321700,25957,4,24,9,0.4,43.45,0.175,Aggressive
26,150156,9525.78,461744,135189,1,29,8,0.239,48.47,0.9,Aggressive
32,102215,4300.53,59188,99057,4,35,9,0.495,13.76,0.969,Aggressive
27,63013,1895.29,389489,12501,2,9,5,0.639,205.5,0.198,Aggressive
41,102600,5537.59,321094,132260,4,22,3,0.352,57.98,1.289,Balanced
74,116099,8476.49,126885,56639,4,20,9,0.124,14.97,0.488,Balanced
59,73450,3459.51,406020,66332,4,4,4,0.435,117.36,0.903,Conservative
25,249700,12091.18,105316,70681,4,36,1,0.419,8.71,0.283,Balanced
41,199000,14641.36,31903,102475,0,12,2,0.117,2.18,0.515,Conservative
33,142640,8701.45,376191,67050,0,23,8,0.268,43.23,0.47,Aggressive
66,112403,6983.45,369722,15451,0,39,2,0.254,52.94,0.137,Conservative
43,196454,10796.56,365298,103240,0,8,6,0.341,33.83,0.526,Balanced
44,119290,8807.93,76918,52086,1,10,5,0.114,8.73,0.437,Balanced
54,236110,14341.25,431140,48393,3,23,9,0.271,30.06,0.205,Aggressive
21,151832,10656.94,322568,124463,4,29,8,0.158,30.27,0.82,Aggressive
67,44142,2702.44,128891,76969,1,32,1,0.265,47.69,1.744,Conservative
41,130189,8183.61,467763,1369,0,14,3,0.246,57.16,0.011,Balanced
36,127532,5417.2,217807,14068,4,16,5,0.49,40.21,0.11,Aggressive
53,168362,7252.38,152750,124131,3,39,8,0.483,21.06,0.737,Balanced
56,222107,14448.83,149393,8116,4,17,7,0.219,10.34,0.037,Balanced
27,151436,6476.27,475667,43453,2,20,2,0.487,73.45,0.287,Aggressive
42,76921,4227.6,1214,136436,2,12,7,0.34,0.29,1.774,Conservative
35,39797,1615.57,244965,77622,1,9,5,0.513,151.63,1.95,Balanced
36,52535,3499.45,468483,76925,3,8,6,0.201,133.87,1.464,Conservative
53,66300,2269.54,344972,147927,1,37,8,0.589,152.0,2.231,Aggressive
27,67176,4513.08,245039,92920,4,21,5,0.194,54.3,1.383,Balanced
50,36105,2050.47,129696,132183,3,32,9,0.318,63.25,3.661,Balanced
72,159011,6000.02,114812,58251,1,37,1,0.547,19.14,0.366,Balanced
67,99472,5372.48,73382,142480,4,18,5,0.352,13.66,1.432,Conservative
22,193101,8132.36,368986,83274,0,29,1,0.495,45.37,0.431,Balanced
64,166935,7343.85,155696,106181,4,7,1,0.472,21.2,0.636,Conservative
66,98097,4441.67,483300,77674,1,37,1,0.457,108.81,0.792,Conservative
52,161519,5179.72,87451,76963,3,6,5,0.615,16.88,0.476,Balanced
61,116160,8637.26,280155,67925,3,20,9,0.108,32.44,0.585,Balanced
51,66940,2049.17,55088,15360,0,9,2,0.633,26.88,0.229,Balanced
50,229019,13633.75,238774,102379,1,9,6,0.286,17.51,0.447,Balanced
72,105001,4849.08,78067,130167,0,8,5,0.446,16.1,1.24,Conservative
38,170714,10033.8,142787,147919,2,17,7,0.295,14.23,0.866,Balanced
34,247870,11276.77,143423,126818,4,24,7,0.454,12.72,0.512,Aggressive
39,246971,14829.84,165122,47565,2,23,3,0.279,11.13,0.193,Balanced
65,218715,13689.36,235176,17456,2,33,6,0.249,17.18,0.08,Balanced
54,27928,1698.5,117367,70982,0,22,3,0.27,69.1,2.542,Conservative
32,68002,2338.58,318602,99242,0,22,2,0.587,136.24,1.459,Balanced
52,104853,6215.09,394894,80239,4,27,5,0.289,63.54,0.765,Conservative
45,134614,5653.71,199514,39959,0,2,4,0.496,35.29,0.297,Balanced
24,137517,4192.44,440030,15058,0,31,4,0.634,104.96,0.109,Aggressive
49,176089,8483.92,85227,52672,0,13,4,0.422,10.05,0.299,Balanced
28,99064,4857.84,373400,78391,0,2,8,0.412,76.87,0.791,Balanced
27,139694,7065.56,478400,56849,0,7,1,0.393,67.71,0.407,Balanced
26,164385,10104.93,293790,98563,2,11,3,0.262,29.07,0.6,Balanced
31,152631,6612.28,68760,67192,2,26,9,0.48,10.4,0.44,Aggressive
30,70893,3092.14,166875,94391,4,21,3,0.477,53.97,1.331,Balanced
74,35167,1123.3,469392,109615,3,15,1,0.617,417.87,3.117,Conservative
42,231951,14066.89,185585,104594,4,16,5,0.272,13.19,0.451,Balanced
19,58598,3234.14,481936,73509,1,9,4,0.338,149.02,1.254,Balanced
52,158595,7165.64,483492,148047,4,21,10,0.458,67.47,0.933,Balanced
24,69777,4290.44,85566,120555,4,6,8,0.262,19.94,1.728,Balanced
38,179511,9656.9,220070,42392,0,1,9,0.354,22.79,0.236,Aggressive
35,136378,6910.78,394917,13305,0,31,10,0.392,57.15,0.098,Aggressive
20,101060,5316.0,76047,76215,0,5,5,0.369,14.31,0.754,Balanced
59,33285,1941.6,232765,228,3,37,1,0.3,119.88,0.007,Conservative
71,162045,9628.19,246904,81179,0,26,4,0.287,25.64,0.501,Balanced
56,142970,6063.44,260208,107864,1,1,3,0.491,42.91,0.754,Conservative
58,42694,1520.65,469803,83544,2,1,6,0.573,308.95,1.957,Conservative
66,186846,6791.05,55603,3979,1,29,2,0.564,8.19,0.021,Balanced
28,155374,9085.04,217714,46343,3,22,5,0.298,23.96,0.298,Aggressive
56,173463,11999.02,406380,739,0,38,8,0.17,33.87,0.004,Aggressive
41,24611,1179.73,376652,37817,4,19,5,0.425,319.27,1.537,Balanced
63,29372,1084.89,463572,121124,2,28,5,0.557,427.3,4.124,Balanced
36,175384,11197.27,331268,38154,3,5,8,0.234,29.58,0.218,Aggressive
21,165152,11118.43,41956,37339,1,21,5,0.192,3.77,0.226,Aggressive
43,100618,6995.64,271308,113591,0,22,4,0.166,38.78,1.129,Balanced
55,132945,7575.18,108884,137666,3,20,10,0.316,14.37,1.036,Balanced
59,128397,8810.18,446250,13185,3,12,9,0.177,50.65,0.103,Balanced
49,116213,3471.65,106729,124914,4,6,2,0.642,30.74,1.075,Conservative
56,40874,1393.05,329340,143644,4,29,1,0.591,236.42,3.514,Conservative
62,213609,7136.62,142286,105784,4,35,4,0.599,19.94,0.495,Balanced
63,224986,13910.37,266956,148641,1,11,10,0.258,19.19,0.661,Balanced
53,152669,4939.73,107191,69753,4,33,3,0.612,21.7,0.457,Balanced
57,31600,1640.57,117436,148591,3,25,9,0.377,71.58,4.702,Balanced
54,154819,7869.82,414561,31953,3,14,3,0.39,52.68,0.206,Balanced
50,99415,4315.33,478402,19804,3,29,3,0.479,110.86,0.199,Balanced
53,229625,15857.96,182275,76286,2,13,10,0.171,11.49,0.332,Balanced
20,175887,6503.98,35715,17275,2,15,7,0.556,5.49,0.098,Aggressive
26,235572,10676.41,350208,62068,1,8,2,0.456,32.8,0.263,Balanced
25,114348,7392.54,228417,63344,4,33,8,0.224,30.9,0.554,Aggressive
50,125736,3842.62,103113,78284,3,11,6,0.633,26.83,0.623,Balanced
23,44714,2683.3,122684,122750,4,15,9,0.28,45.72,2.745,Balanced
58,169962,11316.9,172650,32601,3,21,8,0.201,15.26,0.192,Aggressive
56,212581,15283.64,36764,52705,2,36,4,0.137,2.41,0.248,Conservative
21,212896,14760.14,166056,55221,3,6,8,0.168,11.25,0.259,Aggressive
30,155797,6824.7,355639,44617,1,25,4,0.474,52.11,0.286,Aggressive
66,194277,10887.61,349501,58315,0,1,5,0.327,32.1,0.3,Balanced
19,171756,5618.02,380246,128240,3,33,10,0.607,67.68,0.747,Aggressive
22,242933,9956.78,245608,15317,1,39,7,0.508,24.67,0.063,Aggressive
61,208983,6997.84,100476,56109,2,32,6,0.598,14.36,0.268,Balanced
44,249150,10866.12,173734,41239,2,2,5,0.477,15.99,0.166,Balanced
49,131573,9115.3,460707,18082,0,25,2,0.169,50.54,0.137,Balanced
38,33092,1491.74,473283,62520,4,33,5,0.459,317.27,1.889,Balanced
25,115918,6366.25,351109,142151,4,38,10,0.341,55.15,1.226,Aggressive
55,190842,9356.97,229245,2884,3,11,7,0.412,24.5,0.015,Balanced
25,45457,2281.96,377288,67787,2,19,6,0.398,165.34,1.491,Balanced
67,91667,6747.18,40294,149812,1,25,6,0.117,5.97,1.634,Conservative
20,110751,4733.54,29737,114297,0,28,5,0.487,6.28,1.032,Aggressive
71,82894,4801.14,114242,12815,4,10,9,0.305,23.79,0.155,Aggressive
61,81305,3936.75,327938,65177,3,31,1,0.419,83.3,0.802,Conservative
20,163684,5232.85,495998,52566,3,16,4,0.616,94.79,0.321,Aggressive
39,229699,11851.17,199579,41968,2,18,7,0.381,16.84,0.183,Aggressive
23,188161,12502.34,394083,78440,1,22,1,0.203,31.52,0.417,Balanced
19,246367,8300.8,13917,54860,1,35,4,0.596,1.68,0.223,Balanced
40,72137,2334.09,52828,130134,4,12,6,0.612,22.63,1.804,Balanced
61,20559,744.4,462626,18462,3,28,10,0.566,621.47,0.898,Balanced
19,86249,5537.33,138345,132410,2,9,8,0.23,24.98,1.535,Balanced
55,57361,3576.45,407921,143854,1,30,7,0.252,114.06,2.508,Balanced
34,100720,5545.98,102616,85609,3,18,9,0.339,18.5,0.85,Aggressive
52,35261,1785.16,55943,6614,1,24,7,0.392,31.34,0.188,Aggressive
51,40372,2821.26,481621,131813,0,19,3,0.161,170.71,3.265,Conservative
40,75355,4845.85,215689,66269,1,14,10,0.228,44.51,0.879,Balanced
47,248748,16512.06,447779,13944,1,2,4,0.203,27.12,0.056,Conservative
69,118560,7877.27,47619,1806,3,11,3,0.203,6.05,0.015,Conservative
25,208992,12252.06,296312,144357,1,26,9,0.297,24.18,0.691,Aggressive
39,183616,9210.0,213684,108874,1,8,8,0.398,23.2,0.593,Aggressive
61,20037,1378.5,3270,76993,0,3,10,0.174,2.37,3.843,Conservative
53,194104,13899.53,194109,40126,1,15,9,0.141,13.97,0.207,Aggressive
22,229305,6938.26,175880,80123,1,13,10,0.637,25.35,0.349,Aggressive
30,61420,1936.55,300592,136929,3,16,10,0.622,155.22,2.229,Aggressive
46,117243,8571.53,114112,33792,2,22,2,0.123,13.31,0.288,Balanced
48,242624,10158.63,443818,107978,0,33,5,0.498,43.69,0.445,Balanced
64,149380,10336.51,236555,87684,1,2,5,0.17,22.89,0.587,Conservative
74,54600,2565.46,135178,54361,2,29,7,0.436,52.69,0.996,Balanced
72,199357,6902.82,80714,36322,3,34,4,0.584,11.69,0.182,Balanced
33,213080,7000.46,260990,142980,0,16,4,0.606,37.28,0.671,Balanced
59,109520,3979.95,120226,64627,3,14,8,0.564,30.21,0.59,Aggressive
47,25167,1022.29,295669,92228,2,39,1,0.513,289.22,3.665,Conservative
74,20432,1053.41,50873,70102,0,5,6,0.381,48.29,3.431,Conservative
72,89687,5499.49,277032,59883,1,18,9,0.264,50.37,0.668,Balanced
33,91947,6838.71,345214,96555,2,26,2,0.107,50.48,1.05,Conservative
29,116324,5746.68,371458,130191,3,10,5,0.407,64.64,1.119,Balanced
34,70903,3751.96,293564,79558,0,6,10,0.365,78.24,1.122,Aggressive
33,243231,12911.48,428909,109461,2,14,10,0.363,33.22,0.45,Aggressive
29,205221,11059.51,260462,39662,2,2,9,0.353,23.55,0.193,Aggressive
25,238712,12627.02,146583,27030,3,27,4,0.365,11.61,0.113,Aggressive
37,207840,6145.59,360527,39850,3,9,9,0.645,58.66,0.192,Aggressive
20,211256,6178.33,424970,129603,1,13,8,0.649,68.78,0.613,Aggressive
33,85792,2886.3,58766,124825,1,21,9,0.596,20.36,1.455,Aggressive
47,53439,1807.38,118347,85288,2,2,2,0.594,65.48,1.596,Conservative
62,184329,11331.52,492417,35397,3,3,10,0.262,43.46,0.192,Balanced
40,195746,7547.7,273750,56094,2,13,5,0.537,36.27,0.287,Aggressive
45,71248,4999.79,22286,90640,4,21,10,0.158,4.46,1.272,Balanced
68,234674,16832.65,450568,137733,3,33,9,0.139,26.77,0.587,Balanced
57,196443,14516.18,279588,61378,4,20,5,0.113,19.26,0.312,Balanced
71,249354,18005.33,336561,25943,4,36,4,0.134,18.69,0.104,Balanced
22,219068,9119.41,172736,34487,3,18,8,0.5,18.94,0.157,Aggressive
37,188369,9895.29,208315,74769,1,25,6,0.37,21.05,0.397,Aggressive
57,205345,7640.55,422431,69023,2,38,2,0.553,55.29,0.336,Balanced
73,212328,14038.69,185823,71380,0,25,8,0.207,13.24,0.336,Balanced
61,54743,3825.79,462623,11416,0,38,5,0.161,120.92,0.209,Balanced
18,219824,14988.5,458222,22859,3,15,7,0.182,30.57,0.104,Balanced
74,99803,4893.27,359539,87789,1,17,4,0.412,73.48,0.88,Balanced
47,95117,6081.71,429525,104766,1,36,9,0.233,70.63,1.101,Balanced
38,221123,7438.37,269488,18184,1,29,2,0.596,36.23,0.082,Balanced
37,42076,1304.83,239773,27846,0,33,10,0.628,183.76,0.662,Aggressive
23,226384,14418.4,481034,42771,4,32,9,0.236,33.36,0.189,Aggressive
39,107483,5230.35,312508,86995,0,8,4,0.416,59.75,0.809,Balanced
35,154035,11521.2,495476,146570,1,13,6,0.102,43.01,0.952,Balanced
25,139217,4681.05,207984,69798,0,17,5,0.597,44.43,0.501,Aggressive
56,223394,15276.34,220439,32914,0,21,3,0.179,14.43,0.147,Balanced
49,164938,8439.2,430890,129962,2,14,7,0.386,51.06,0.788,Balanced
50,124504,8351.44,308577,45500,3,25,4,0.195,36.95,0.365,Balanced
70,183377,12216.27,13644,38215,4,24,1,0.201,1.12,0.208,Conservative
33,213475,15188.67,270293,64320,2,33,8,0.146,17.8,0.301,Aggressive
29,233968,10018.07,430361,109159,3,8,3,0.486,42.96,0.467,Balanced
55,125649,9134.57,184246,29924,1,28,6,0.128,20.17,0.238,Balanced
69,146244,5282.05,366599,63113,2,19,2,0.567,69.4,0.432,Conservative
51,52813,1738.79,13318,318,3,11,9,0.605,7.66,0.006,Aggressive
31,86729,4245.3,262144,77859,2,10,4,0.413,61.75,0.898,Balanced
53,211758,14215.63,37380,136821,0,1,7,0.194,2.63,0.646,Conservative
50,24512,1246.81,322753,98558,0,5,9,0.39,258.86,4.021,Balanced
40,173738,11670.96,491025,140600,2,16,3,0.194,42.07,0.809,Conservative
67,167702,10499.93,168905,21441,2,20,3,0.249,16.09,0.128,Conservative
62,137907,5346.03,316702,139598,4,20,3,0.535,59.24,1.012,Conservative
19,225591,16390.78,448291,1044,1,28,5,0.128,27.35,0.005,Aggressive
58,151708,4847.45,418846,78301,0,5,10,0.617,86.41,0.516,Aggressive
38,154847,10891.6,158288,149247,2,3,6,0.156,14.53,0.964,Conservative
19,219029,9444.6,234853,961,3,30,3,0.483,24.87,0.004,Balanced
44,84591,4406.36,293941,105820,1,23,10,0.375,66.71,1.251,Aggressive
74,229633,11142.82,281706,16973,3,34,9,0.418,25.28,0.074,Aggressive
26,225888,8367.44,29992,43393,1,28,1,0.555,3.58,0.192,Balanced
18,31351,1429.03,238651,101293,3,1,7,0.453,167.0,3.231,Balanced
28,135400,5146.49,87361,38433,0,27,9,0.544,16.97,0.284,Aggressive
20,140533,5412.13,188053,70077,2,34,5,0.538,34.75,0.499,Aggressive
69,123627,4665.7,207296,18344,2,31,3,0.547,44.43,0.148,Balanced
40,206256,10638.68,197949,139918,4,32,10,0.381,18.61,0.678,Aggressive
43,148381,9754.35,404283,107851,2,7,4,0.211,41.45,0.727,Balanced
21,115707,6392.17,299450,70565,0,38,8,0.337,46.85,0.61,Aggressive
35,220252,15440.83,362752,58802,1,34,3,0.159,23.49,0.267,Balanced
72,101678,5932.06,74957,16272,1,4,5,0.3,12.64,0.16,Conservative
23,93309,5669.59,70385,89306,2,19,3,0.271,12.41,0.957,Conservative
52,245074,14646.93,75691,126162,3,22,6,0.283,5.17,0.515,Balanced
39,30778,1531.73,48174,13104,2,29,1,0.403,31.45,0.426,Balanced
60,163573,9938.92,80915,146927,1,34,7,0.271,8.14,0.898,Conservative
32,132713,4294.81,464198,121063,4,34,6,0.612,108.08,0.912,Balanced
39,153180,10504.55,305771,66455,1,3,6,0.177,29.11,0.434,Balanced
54,245977,15943.34,417218,42706,3,21,3,0.222,26.17,0.174,Conservative
69,56382,2278.19,357673,34526,3,38,1,0.515,157.0,0.612,Conservative
59,242426,15604.51,203765,140435,4,21,1,0.228,13.06,0.579,Conservative
29,95787,2849.29,245865,49511,3,17,7,0.643,86.29,0.517,Aggressive
64,43341,1695.66,182296,56738,2,29,4,0.531,107.51,1.309,Balanced
66,228286,7339.88,472518,79791,2,33,6,0.614,64.38,0.35,Balanced
59,165439,10741.47,399956,1440,1,39,4,0.221,37.23,0.009,Balanced
55,139967,8931.42,480602,109415,0,26,8,0.234,53.81,0.782,Balanced
35,246280,16367.35,108389,120360,2,7,9,0.203,6.62,0.489,Aggressive
62,151066,4437.12,311188,555,2,9,2,0.648,70.13,0.004,Conservative
52,220940,11519.77,410356,107729,4,18,1,0.374,35.62,0.488,Conservative
47,163074,10024.43,33395,77648,2,1,1,0.262,3.33,0.476,Conservative
41,105820,3840.13,370522,126919,1,11,7,0.565,96.49,1.199,Balanced
59,79949,4712.89,358031,1535,4,22,2,0.293,75.97,0.019,Conservative
47,166772,5507.1,274564,146003,2,32,3,0.604,49.86,0.875,Conservative
31,230377,8633.94,211500,119773,1,10,4,0.55,24.5,0.52,Aggressive
23,82543,4207.55,80953,44262,4,27,9,0.388,19.24,0.536,Aggressive
20,180390,10664.97,162215,91021,0,12,10,0.291,15.21,0.505,Aggressive
33,240931,8637.94,291871,24587,1,30,2,0.57,33.79,0.102,Balanced
24,47610,1792.81,285895,99283,2,10,10,0.548,159.47,2.085,Aggressive
69,223571,8615.78,286882,45543,4,12,2,0.538,33.3,0.204,Conservative
31,224446,9001.88,60544,89177,0,38,1,0.519,6.73,0.397,Balanced
26,85226,3370.72,159295,70680,1,21,8,0.525,47.26,0.829,Aggressive
32,65167,3080.94,297617,119321,0,27,8,0.433,96.6,1.831,Aggressive
38,228851,13532.42,94792,132760,1,6,5,0.29,7.0,0.58,Balanced
52,179011,8815.06,140085,113624,2,38,3,0.409,15.89,0.635,Conservative
19,212437,13751.5,437032,83515,1,8,1,0.223,31.78,0.393,Balanced
44,87381,5429.26,161797,31803,2,37,2,0.254,29.8,0.364,Balanced
19,66710,2332.57,398095,147226,1,6,9,0.58,170.67,2.207,Aggressive
52,36766,1154.65,106871,117930,4,34,8,0.623,92.56,3.208,Balanced
35,122416,8496.36,142877,23998,1,22,10,0.167,16.82,0.196,Aggressive
31,32780,1076.02,32222,129944,1,29,4,0.606,29.95,3.964,Balanced
37,68458,2462.13,256369,5786,3,9,3,0.568,104.12,0.085,Balanced
35,76221,2300.43,78184,59059,3,21,5,0.638,33.99,0.775,Balanced
27,21509,1246.78,55929,94450,1,32,8,0.304,44.86,4.391,Aggressive
42,109493,6116.13,78937,73984,3,8,10,0.33,12.91,0.676,Balanced
19,185418,13795.05,470140,27139,2,10,6,0.107,34.08,0.146,Aggressive
42,233871,16328.34,227207,27993,3,23,10,0.162,13.91,0.12,Aggressive
71,136850,6568.39,174048,42048,1,20,4,0.424,26.5,0.307,Balanced
50,197946,9144.65,175825,143995,0,13,8,0.446,19.23,0.727,Balanced
53,177220,7580.12,414424,144156,0,22,4,0.487,54.67,0.813,Balanced
48,51533,1863.02,375065,83096,1,15,5,0.566,201.32,1.612,Balanced
31,128144,4548.54,196535,19481,1,31,2,0.574,43.21,0.152,Balanced
18,142402,5016.78,290265,97552,0,32,10,0.577,57.86,0.685,Aggressive
63,98467,3386.96,423717,11422,4,13,4,0.587,125.1,0.116,Balanced
33,21359,858.42,491823,67260,3,25,10,0.518,572.94,3.149,Aggressive
71,139119,6013.04,276864,68164,4,21,10,0.481,46.04,0.49,Aggressive
63,241140,17660.86,352874,55296,2,4,3,0.121,19.98,0.229,Conservative
69,211385,11769.92,327766,27875,0,15,8,0.332,27.85,0.132,Aggressive
20,40344,3002.86,82257,17734,0,21,8,0.107,27.39,0.44,Aggressive
52,138499,6403.93,105885,51700,4,8,7,0.445,16.53,0.373,Balanced
58,89778,4501.58,330551,13786,2,31,6,0.398,73.43,0.154,Aggressive
23,40601,1788.2,431500,124258,4,10,9,0.471,241.3,3.06,Aggressive
42,170188,6390.39,170642,54395,2,21,4,0.549,26.7,0.32,Aggressive
30,208057,7433.54,39650,115665,1,17,4,0.571,5.33,0.556,Balanced
70,121013,8771.36,242483,87463,1,5,6,0.13,27.64,0.723,Conservative
51,50782,3777.95,323906,64763,0,13,1,0.107,85.74,1.275,Conservative
25,131095,4093.44,110256,87773,1,21,2,0.625,26.93,0.67,Balanced
38,200891,7243.63,482088,102076,4,12,2,0.567,66.55,0.508,Balanced
51,235488,11439.58,449260,35301,2,25,10,0.417,39.27,0.15,Aggressive
21,220107,8299.56,27661,116582,0,28,4,0.548,3.33,0.53,Aggressive
42,117123,5369.45,152752,59724,1,2,5,0.45,28.45,0.51,Balanced
32,64458,2261.42,212973,58976,0,21,2,0.579,94.18,0.915,Balanced
21,242628,12153.27,281469,21735,0,22,8,0.399,23.16,0.09,Aggressive
62,144225,6002.55,93311,100344,2,2,5,0.501,15.55,0.696,Conservative
29,159152,7208.89,394733,83485,4,30,8,0.456,54.76,0.525,Aggressive
49,239815,8031.24,152457,20509,4,1,9,0.598,18.98,0.086,Balanced
49,185029,9027.42,101851,94934,3,13,9,0.415,11.28,0.513,Aggressive
45,164980,12246.9,46760,113362,4,3,4,0.109,3.82,0.687,Conservative
30,116188,5139.95,403976,52540,1,20,10,0.469,78.6,0.452,Aggressive
48,246952,17122.75,448662,39308,3,5,2,0.168,26.2,0.159,Conservative
31,141292,9581.48,178234,143484,3,2,2,0.186,18.6,1.016,Conservative
37,110570,8049.79,471109,101047,3,26,5,0.126,58.52,0.914,Balanced
35,242396,15847.86,299662,75605,3,29,10,0.215,18.91,0.312,Aggressive
46,229359,13623.51,186671,119319,4,18,4,0.287,13.7,0.52,Balanced
23,143791,9839.16,193878,123480,3,9,6,0.179,19.7,0.859,Balanced
49,198554,6479.55,422946,69128,1,22,9,0.608,65.27,0.348,Aggressive
46,145291,7319.72,287413,81453,1,28,7,0.395,39.27,0.561,Balanced
60,118375,8819.83,368339,123485,0,12,4,0.106,41.76,1.043,Conservative
19,58314,3757.75,166786,7238,1,37,7,0.227,44.38,0.124,Aggressive
40,225993,16556.65,32992,101051,0,18,2,0.121,1.99,0.447,Conservative
36,234840,15241.09,326411,124937,1,34,5,0.221,21.42,0.532,Balanced
48,128880,8926.93,220615,60930,3,3,9,0.169,24.71,0.473,Balanced
68,120326,7405.98,62973,136722,2,5,9,0.261,8.5,1.136,Balanced
22,166903,10685.63,378731,118913,3,23,4,0.232,35.44,0.712,Balanced
36,141026,7494.92,109515,124124,4,13,8,0.362,14.61,0.88,Aggressive
51,171197,12245.3,88715,17807,0,24,5,0.142,7.24,0.104,Balanced
27,82451,5522.65,241995,90811,2,28,3,0.196,43.82,1.101,Balanced
42,65708,4457.94,4187,1145,1,17,6,0.186,0.94,0.017,Balanced
19,37682,2261.41,180707,112233,3,6,4,0.28,79.91,2.978,Balanced
28,122406,5278.95,458351,137314,0,27,3,0.482,86.83,1.122,Balanced
67,233896,7203.93,73900,144904,0,29,4,0.63,10.26,0.62,Balanced
48,186866,13463.86,334307,59328,1,12,1,0.135,24.83,0.317,Conservative
73,79372,4447.25,357653,79821,0,35,10,0.328,80.42,1.006,Balanced
32,59477,2547.49,312348,47852,1,5,8,0.486,122.61,0.805,Aggressive
26,204935,7378.08,382875,1992,1,2,9,0.568,51.89,0.01,Aggressive
40,241013,16192.81,407550,36890,3,11,6,0.194,25.17,0.153,Balanced
36,189809,12813.47,402637,94326,0,4,5,0.19,31.42,0.497,Balanced
26,153692,10220.25,379892,125027,4,22,9,0.202,37.17,0.813,Aggressive
52,186129,10931.91,160145,110594,4,1,4,0.295,14.65,0.594,Conservative
38,191210,8784.64,300520,65353,3,16,1,0.449,34.21,0.342,Balanced
26,230462,9933.65,266910,23880,3,2,7,0.483,26.87,0.104,Balanced
45,73024,2158.5,38213,85520,1,27,1,0.645,17.7,1.171,Conservative
63,160749,10830.25,402701,28975,4,12,9,0.192,37.18,0.18,Balanced
68,195183,6475.0,22568,135082,0,5,4,0.602,3.49,0.692,Conservative
24,175146,10171.83,90736,120003,4,5,3,0.303,8.92,0.685,Conservative
33,37824,1977.06,139938,122237,3,22,4,0.373,70.78,3.232,Balanced
33,151837,8093.91,494571,40596,3,13,1,0.36,61.1,0.267,Balanced
50,196511,14078.25,69884,40653,1,16,6,0.14,4.96,0.207,Balanced
21,117151,3586.66,30972,106172,0,26,7,0.633,8.64,0.906,Aggressive
21,68926,4453.57,135028,137421,3,9,7,0.225,30.32,1.994,Balanced
56,187932,5929.71,216250,23347,0,32,5,0.621,36.47,0.124,Aggressive
57,32975,1019.43,143603,69388,4,19,10,0.629,140.87,2.104,Balanced
34,94877,4636.32,86175,62241,1,36,10,0.414,18.59,0.656,Aggressive
54,244749,7846.07,151598,54142,4,28,5,0.615,19.32,0.221,Balanced
56,97870,6394.41,41387,144232,3,15,6,0.216,6.47,1.474,Conservative
69,101371,5417.09,160349,65923,3,9,10,0.359,29.6,0.65,Balanced
46,177620,5416.99,436646,46891,0,16,8,0.634,80.61,0.264,Aggressive
69,120970,3752.85,133232,105341,3,6,9,0.628,35.5,0.871,Balanced
53,241647,13833.64,289795,146830,0,8,6,0.313,20.95,0.608,Balanced
55,118066,7805.75,287257,2003,2,33,3,0.207,36.8,0.017,Balanced
56,189808,9344.72,488318,38513,3,32,6,0.409,52.26,0.203,Balanced
67,81562,4452.06,65766,116228,4,36,4,0.345,14.77,1.425,Balanced
54,60409,3976.45,210316,90561,4,36,4,0.21,52.89,1.499,Conservative
69,235173,13439.71,109520,25672,0,34,7,0.314,8.15,0.109,Balanced
52,29834,1177.49,317382,41819,2,2,6,0.526,269.54,1.402,Conservative
24,122192,6997.31,177349,105408,3,13,8,0.313,25.35,0.863,Aggressive
44,20840,1207.94,479212,116707,1,10,8,0.304,396.72,5.6,Aggressive
45,230481,14477.26,31202,107376,1,38,3,0.246,2.16,0.466,Conservative
39,51568,2971.52,219950,108777,4,7,4,0.309,74.02,2.109,Balanced
31,30846,2269.97,124688,114917,3,3,2,0.117,54.93,3.726,Conservative
24,156971,5997.71,77763,81714,1,27,1,0.541,12.97,0.521,Balanced
54,106038,7715.15,383457,83752,0,14,7,0.127,49.7,0.79,Conservative
39,217173,11692.72,260251,73778,3,30,8,0.354,22.26,0.34,Aggressive
22,189845,11383.99,392955,129682,4,34,8,0.28,34.52,0.683,Aggressive
72,149789,5051.68,112725,118366,2,23,6,0.595,22.31,0.79,Balanced
19,127460,5940.88,360569,138568,0,17,7,0.441,60.69,1.087,Balanced
44,94723,6102.99,391072,128037,0,15,8,0.227,64.08,1.352,Balanced
38,223834,13780.73,62304,28357,3,7,4,0.261,4.52,0.127,Balanced
71,124194,3850.81,92840,46252,2,3,8,0.628,24.11,0.372,Balanced
55,131417,7125.29,275665,5887,0,9,6,0.349,38.69,0.045,Balanced
32,155383,5160.7,118111,83398,2,3,7,0.601,22.89,0.537,Balanced
38,76888,5752.0,44501,6040,4,35,10,0.102,7.74,0.079,Aggressive
27,61616,4331.16,150664,144512,0,8,7,0.156,34.79,2.345,Balanced
40,203206,6123.18,422631,128053,1,26,8,0.638,69.02,0.63,Aggressive
73,242297,16602.54,447039,112725,4,15,5,0.178,26.93,0.465,Conservative
56,26083,1859.91,389476,28371,4,5,2,0.144,209.41,1.088,Conservative
22,163670,7425.87,469753,67879,0,13,8,0.456,63.26,0.415,Aggressive
18,102476,6368.25,107226,138260,1,15,1,0.254,16.84,1.349,Conservative
30,112416,5556.7,183474,99542,2,39,2,0.407,33.02,0.885,Balanced
38,22580,1336.69,278383,59580,1,12,5,0.29,208.26,2.639,Balanced
43,142834,6393.9,335656,45216,4,35,4,0.463,52.5,0.317,Aggressive
67,132148,5807.99,467183,22044,0,8,2,0.473,80.44,0.167,Conservative
62,208467,10135.64,14199,10620,1,10,4,0.417,1.4,0.051,Conservative
38,62321,2233.49,134376,20723,1,34,7,0.57,60.16,0.333,Aggressive
70,29386,1976.52,442620,41142,4,8,5,0.193,223.94,1.4,Conservative
35,73171,3303.57,448312,41503,2,22,4,0.458,135.71,0.567,Aggressive
54,170594,8104.38,181565,135326,1,12,2,0.43,22.4,0.793,Conservative
62,216604,15193.51,458082,102837,1,22,2,0.158,30.15,0.475,Conservative
49,242832,12609.92,38843,69937,3,27,1,0.377,3.08,0.288,Balanced
53,165707,8966.68,405491,85209,4,18,10,0.351,45.22,0.514,Aggressive
34,151743,11078.17,253770,72403,3,19,6,0.124,22.91,0.477,Balanced
52,53545,3737.89,109485,46944,4,5,6,0.162,29.29,0.877,Conservative
66,205151,7577.02,325656,36002,4,16,4,0.557,42.98,0.175,Balanced
28,46855,2382.84,310330,17517,3,10,9,0.39,130.24,0.374,Aggressive
38,55790,4110.85,187129,77366,2,19,4,0.116,45.52,1.387,Balanced
69,71012,3283.13,326880,10589,2,1,3,0.445,99.56,0.149,Conservative
72,137827,6367.21,177446,60117,4,22,10,0.446,27.87,0.436,Aggressive
70,34260,1305.5,130525,127340,3,17,9,0.543,99.98,3.717,Balanced
43,216211,7439.06,118722,59264,1,35,1,0.587,15.96,0.274,Balanced
21,21074,1329.71,32086,34830,4,39,2,0.243,24.13,1.653,Conservative
51,193748,12488.94,57509,59544,4,9,1,0.226,4.6,0.307,Conservative
69,160547,11813.01,1107,4627,0,5,7,0.117,0.09,0.029,Conservative
65,229486,14828.24,228737,125894,2,9,1,0.225,15.43,0.549,Conservative
35,166192,6700.92,300030,118159,3,11,1,0.516,44.77,0.711,Conservative
57,174219,5401.72,342269,111446,1,14,6,0.628,63.36,0.64,Balanced
52,21986,1634.28,456368,71634,1,24,6,0.108,279.25,3.258,Balanced
58,183502,8215.51,114372,102111,4,20,5,0.463,13.92,0.556,Balanced
46,75479,3280.72,226816,103040,1,33,4,0.478,69.14,1.365,Balanced
69,234038,16544.06,446828,21341,1,4,8,0.152,27.01,0.091,Balanced
46,150833,8444.2,430741,15375,4,16,3,0.328,51.01,0.102,Balanced
55,22176,865.2,114735,95642,2,25,1,0.532,132.61,4.313,Conservative
59,104258,7289.4,382944,65627,0,1,1,0.161,52.53,0.629,Conservative
38,135188,10097.96,326136,115145,2,24,5,0.104,32.3,0.852,Balanced
59,104153,3451.57,141795,62515,2,3,3,0.602,41.08,0.6,Conservative
30,212990,14629.54,285587,1884,0,32,3,0.176,19.52,0.009,Balanced
66,178187,8386.43,87551,78968,4,34,2,0.435,10.44,0.443,Conservative
58,97442,5182.61,357799,112586,2,25,9,0.362,69.04,1.155,Aggressive
34,60002,4265.89,456576,85041,3,3,6,0.147,107.03,1.417,Conservative
73,77124,5690.2,493384,79738,3,7,7,0.115,86.71,1.034,Conservative
26,157682,6493.74,328931,75767,0,35,2,0.506,50.65,0.481,Balanced
58,69752,2714.91,112041,105946,3,29,1,0.533,41.27,1.519,Conservative
18,98947,3251.1,244584,40720,4,25,8,0.606,75.23,0.412,Aggressive
19,138972,7631.75,368493,9595,1,28,10,0.341,48.28,0.069,Aggressive
65,94716,2821.61,333524,85623,4,24,4,0.643,118.2,0.904,Balanced
46,199065,9564.15,427689,13918,0,5,9,0.423,44.72,0.07,Aggressive
50,30073,978.28,206620,128660,1,27,9,0.61,211.21,4.278,Aggressive
27,57251,2733.13,168227,29984,3,10,4,0.427,61.55,0.524,Aggressive
67,116496,3611.01,231206,108288,2,12,10,0.628,64.03,0.93,Balanced
57,222509,15007.67,74658,15813,3,18,3,0.191,4.97,0.071,Conservative
38,58897,2284.01,457893,135538,4,38,5,0.535,200.48,2.301,Balanced
45,201978,8930.29,453225,34999,4,8,6,0.469,50.75,0.173,Balanced
28,71616,4944.65,122707,58115,0,38,10,0.171,24.82,0.811,Aggressive
72,24482,1551.44,103487,108715,2,30,4,0.24,66.7,4.441,Conservative
51,127990,5017.97,60961,90333,2,9,1,0.53,12.15,0.706,Conservative
25,242036,7856.99,19158,19699,1,25,7,0.61,2.44,0.081,Balanced
39,224008,13881.41,122711,142553,1,30,5,0.256,8.84,0.636,Balanced
25,190646,8974.44,298777,83518,4,2,2,0.435,33.29,0.438,Conservative
66,63284,4067.81,214755,118950,0,17,9,0.229,52.79,1.88,Balanced
32,92932,4607.2,387919,83462,4,7,8,0.405,84.2,0.898,Balanced
34,27338,1230.9,283264,139405,2,22,10,0.46,230.13,5.099,Aggressive
40,193790,9659.83,430783,79996,2,10,7,0.402,44.6,0.413,Aggressive
41,163572,10382.83,462985,65625,4,26,9,0.238,44.59,0.401,Aggressive
62,162617,11467.5,161247,20790,2,13,10,0.154,14.06,0.128,Balanced
36,81480,2562.36,198773,136562,1,28,2,0.623,77.57,1.676,Balanced
22,156313,8314.05,1360,48055,2,36,3,0.362,0.16,0.307,Balanced
49,240386,7373.03,116032,108759,1,11,9,0.632,15.74,0.452,Aggressive
61,173893,8805.15,290262,118394,3,9,6,0.392,32.97,0.681,Conservative
18,24695,1722.28,290560,98163,0,16,2,0.163,168.71,3.975,Conservative
40,228138,10434.93,208789,148665,0,17,6,0.451,20.01,0.652,Balanced
54,34318,2467.6,344700,35992,2,5,5,0.137,139.69,1.049,Conservative
25,70934,4119.11,350311,37624,0,5,10,0.303,85.05,0.53,Aggressive
30,173403,12481.92,23378,89713,3,38,5,0.136,1.87,0.517,Conservative
25,141282,9023.7,77460,91471,2,31,5,0.234,8.58,0.647,Balanced
74,203744,6908.44,39054,131220,1,2,2,0.593,5.65,0.644,Conservative
40,111891,4448.91,158368,146335,3,27,6,0.523,35.6,1.308,Balanced
60,227932,10765.87,403061,24449,3,19,7,0.433,37.44,0.107,Balanced
18,244757,9047.01,455234,130670,0,25,9,0.556,50.32,0.534,Aggressive
62,88754,4601.91,386502,127690,1,38,5,0.378,83.99,1.439,Balanced
68,105677,5365.33,123948,97138,4,13,5,0.391,23.1,0.919,Conservative
41,122320,8928.77,224594,116405,3,29,9,0.124,25.15,0.952,Balanced
52,153909,7548.6,285228,42314,0,19,6,0.411,37.79,0.275,Balanced
41,145261,9467.32,486238,144610,3,35,7,0.218,51.36,0.996,Balanced
34,125338,9066.65,12098,67899,1,25,4,0.132,1.33,0.542,Balanced
22,60077,4167.06,205433,27508,1,9,4,0.168,49.3,0.458,Balanced
37,99915,3869.77,412161,68643,2,35,1,0.535,106.51,0.687,Balanced
38,155311,8060.85,496398,136700,4,15,5,0.377,61.58,0.88,Balanced
57,237420,10708.77,306457,116189,4,22,2,0.459,28.62,0.489,Balanced
48,49669,2358.96,135302,41409,0,13,5,0.43,57.36,0.834,Balanced
63,68624,3136.37,12184,15180,4,30,5,0.452,3.88,0.221,Balanced
53,95147,6378.79,451186,143449,1,21,4,0.196,70.73,1.508,Balanced
28,155222,7743.98,367070,43548,4,25,10,0.401,47.4,0.281,Aggressive
69,162181,8623.05,166135,127151,0,25,9,0.362,19.27,0.784,Balanced
32,177088,13139.13,403757,124323,3,22,5,0.11,30.73,0.702,Balanced
36,163008,5202.52,447181,55003,4,3,6,0.617,85.95,0.337,Balanced
24,162108,8353.65,74223,20319,4,9,1,0.382,8.89,0.125,Balanced
68,190308,12302.36,61820,114637,1,24,5,0.224,5.03,0.602,Conservative
45,165093,5959.02,365788,23214,1,32,9,0.567,61.38,0.141,Aggressive
68,56943,3256.87,295268,52861,3,17,6,0.314,90.66,0.928,Conservative
60,133694,5366.76,208027,126122,2,24,9,0.518,38.76,0.943,Balanced
22,232079,15995.51,266370,96649,4,8,4,0.173,16.65,0.416,Balanced
22,201088,8879.79,258012,49655,1,6,2,0.47,29.06,0.247,Balanced
47,174316,7713.26,228824,119739,2,9,9,0.469,29.67,0.687,Balanced
71,214099,12114.55,230135,101401,4,15,4,0.321,19.0,0.474,Balanced
49,143351,5387.13,181965,111892,4,24,2,0.549,33.78,0.781,Conservative
25,58985,2490.59,133415,9657,2,11,1,0.493,53.57,0.164,Balanced
27,152574,7363.57,317573,135592,1,31,2,0.421,43.13,0.889,Balanced
55,73836,3350.31,452572,116585,3,13,5,0.455,135.08,1.579,Balanced
64,119714,6371.6,197032,29577,4,30,3,0.361,30.92,0.247,Balanced
49,23770,1346.57,276398,30558,0,25,6,0.32,205.26,1.286,Balanced
65,62865,3466.31,160425,107146,0,12,4,0.338,46.28,1.704,Balanced
45,73811,4365.87,453276,132282,0,21,2,0.29,103.82,1.792,Conservative
34,24001,1038.57,461532,63807,3,24,7,0.481,444.39,2.659,Balanced
48,80848,2826.54,484783,115056,4,26,6,0.58,171.51,1.423,Balanced
25,72635,4651.33,95824,98235,1,12,8,0.232,20.6,1.352,Aggressive
57,40946,2790.91,204904,2843,1,37,10,0.182,73.42,0.069,Aggressive
42,217206,8893.74,5067,19834,3,21,5,0.509,0.57,0.091,Balanced
26,115852,5540.63,489463,93263,4,23,3,0.426,88.34,0.805,Balanced
19,111103,5779.33,206408,110850,2,1,4,0.376,35.71,0.998,Balanced
32,243116,13033.65,324762,83064,2,10,5,0.357,24.92,0.342,Aggressive
67,63744,3785.97,452602,52278,4,35,5,0.287,119.55,0.82,Conservative
20,137729,4279.72,451440,40428,4,38,6,0.627,105.48,0.294,Aggressive
66,190231,11838.91,294794,65553,1,28,9,0.253,24.9,0.345,Balanced
53,246884,7902.02,198363,111924,3,1,4,0.616,25.1,0.453,Conservative
21,43671,2211.06,256750,71535,3,8,7,0.392,116.12,1.638,Balanced
31,167522,11240.99,360008,123825,1,23,7,0.195,32.03,0.739,Balanced
58,165980,8273.67,400178,147723,0,20,6,0.402,48.37,0.89,Balanced
58,208347,7500.48,215150,33202,2,32,1,0.568,28.68,0.159,Balanced
42,195430,14523.2,28060,39208,4,23,9,0.108,1.93,0.201,Balanced
72,200119,13993.44,85068,38805,2,7,6,0.161,6.08,0.194,Balanced
67,186590,12038.51,113746,52360,2,11,3,0.226,9.45,0.281,Conservative
27,77813,3737.17,209258,107214,3,8,2,0.424,55.99,1.378,Conservative
38,116748,4388.9,134943,110168,1,14,3,0.549,30.75,0.944,Balanced
53,157878,11416.9,347993,90852,0,14,1,0.132,30.48,0.575,Conservative
29,124733,6681.46,124960,71231,0,36,3,0.357,18.7,0.571,Balanced
44,191963,13098.2,185584,79414,1,27,5,0.181,14.17,0.414,Balanced
57,146865,6586.31,204728,106264,2,20,4,0.462,31.08,0.724,Balanced
19,103551,4611.55,265576,4886,1,38,10,0.466,57.59,0.047,Aggressive
71,149335,11101.16,415186,3771,1,25,1,0.108,37.4,0.025,Conservative
30,59220,3143.64,10278,96183,4,29,5,0.363,3.27,1.624,Balanced
70,37158,1323.39,285677,59070,4,14,3,0.573,215.87,1.59,Conservative
49,100992,3962.43,141876,120711,2,28,10,0.529,35.81,1.195,Aggressive
48,178660,9157.36,258089,46686,3,30,7,0.385,28.18,0.261,Balanced
33,82576,2569.21,467371,47193,0,15,10,0.627,181.91,0.572,Aggressive
49,108027,5440.9,244433,80630,4,21,8,0.396,44.93,0.746,Balanced
49,175260,8477.0,390085,91210,2,12,5,0.42,46.02,0.52,Balanced
51,243687,15811.93,408123,125501,1,11,10,0.221,25.81,0.515,Balanced
28,78830,3581.63,464235,44765,4,39,8,0.455,129.62,0.568,Aggressive
27,155091,11507.78,3021,125890,1,6,6,0.11,0.26,0.812,Conservative
32,32419,1214.15,389275,93095,1,3,6,0.551,320.61,2.872,Balanced
34,53697,3020.65,85122,126584,4,15,5,0.325,28.18,2.357,Balanced
57,104932,3491.91,117757,83764,2,34,10,0.601,33.72,0.798,Aggressive
35,139712,8774.21,115147,134996,0,4,6,0.246,13.12,0.966,Conservative
72,115428,8629.34,132355,130530,2,34,1,0.103,15.34,1.131,Conservative
26,159045,10609.97,43166,48469,3,38,8,0.199,4.07,0.305,Aggressive
42,106649,5826.92,148370,16918,3,39,5,0.344,25.46,0.159,Aggressive
57,142649,7329.87,205663,40345,0,6,8,0.383,28.06,0.283,Aggressive
31,31136,2099.78,338947,139548,3,22,3,0.191,161.42,4.482,Conservative
42,104739,7548.07,263747,40755,1,37,10,0.135,34.94,0.389,Aggressive
67,82502,6146.84,447759,10861,3,32,6,0.106,72.84,0.132,Balanced
39,182357,8633.03,71345,91241,4,28,1,0.432,8.26,0.5,Balanced
69,43039,3210.01,165511,106999,1,26,1,0.105,51.56,2.486,Conservative
47,86720,3149.09,452758,57405,2,4,4,0.564,143.77,0.662,Conservative
37,143168,5839.49,336814,87781,0,10,10,0.511,57.68,0.613,Aggressive
38,108263,3599.37,236284,54353,4,27,6,0.601,65.65,0.502,Aggressive
61,79155,3294.54,274779,18767,4,20,3,0.501,83.4,0.237,Balanced
49,36911,2375.73,382077,57554,0,36,5,0.228,160.82,1.559,Balanced
68,20916,1427.71,193520,125274,3,5,10,0.181,135.55,5.989,Conservative
63,79052,5127.78,98080,112619,0,17,4,0.222,19.13,1.425,Conservative
66,220182,12790.49,349125,139640,0,32,10,0.303,27.3,0.634,Balanced
73,37790,1992.42,191328,121652,3,35,3,0.367,96.03,3.219,Conservative
38,234233,14440.22,39904,105366,2,23,9,0.26,2.76,0.45,Balanced
52,156278,7357.55,265233,52650,0,13,4,0.435,36.05,0.337,Balanced
49,141937,9612.92,207139,145451,3,1,10,0.187,21.55,1.025,Conservative
47,105053,6324.67,10195,68383,4,31,7,0.278,1.61,0.651,Conservative
72,69950,4277.4,212635,89578,0,19,5,0.266,49.71,1.281,Conservative
56,136211,7318.67,268366,54215,0,23,7,0.355,36.67,0.398,Balanced
66,76361,5325.39,243278,61212,2,34,5,0.163,45.68,0.802,Conservative
29,81451,3316.47,50374,105617,2,4,3,0.511,15.19,1.297,Conservative
58,57696,2690.71,394557,45577,4,34,6,0.44,146.64,0.79,Balanced
64,232713,15081.81,150303,100462,2,30,9,0.222,9.97,0.432,Balanced
35,219298,11348.89,387745,118352,4,10,6,0.379,34.17,0.54,Balanced
38,122395,8558.14,1145,59999,0,6,4,0.161,0.13,0.49,Conservative
30,144121,6491.69,32616,123958,3,12,1,0.459,5.02,0.86,Conservative
38,66728,3075.78,41483,64383,2,12,3,0.447,13.49,0.965,Balanced
25,75401,5270.56,29902,135691,4,18,3,0.161,5.67,1.8,Conservative
63,217298,10962.75,311802,116881,2,36,2,0.395,28.44,0.538,Balanced
57,45103,2382.45,491001,32287,2,35,10,0.366,206.09,0.716,Aggressive
63,185335,8232.27,299113,58928,1,25,2,0.467,36.33,0.318,Balanced
24,227693,9528.35,323220,129895,0,22,8,0.498,33.92,0.57,Aggressive
40,70044,4148.77,276552,20428,2,30,8,0.289,66.66,0.292,Aggressive
61,77730,2694.07,60769,142678,3,29,3,0.584,22.56,1.836,Conservative
49,45825,3183.31,42731,51138,1,7,4,0.166,13.42,1.116,Conservative
28,227328,14749.07,307865,125606,4,3,5,0.221,20.87,0.553,Balanced
39,57271,2171.1,406431,89393,4,21,9,0.545,187.2,1.561,Aggressive
39,97256,5930.27,38898,18132,3,20,5,0.268,6.56,0.186,Balanced
60,197804,11232.76,62872,81094,3,9,6,0.319,5.6,0.41,Conservative
42,86433,3252.0,297968,66454,0,36,7,0.549,91.63,0.769,Balanced
39,233702,9742.68,150910,25695,3,14,2,0.5,15.49,0.11,Balanced
45,121999,5845.2,138959,129598,4,18,4,0.425,23.77,1.062,Balanced
46,43572,2667.27,482424,139969,0,33,6,0.265,180.87,3.212,Balanced
30,58546,3421.52,157747,91511,3,2,4,0.299,46.1,1.563,Conservative
35,166222,8902.98,31295,4423,3,37,5,0.357,3.52,0.027,Aggressive
19,74165,4775.15,390443,64806,4,31,3,0.227,81.77,0.874,Conservative
46,83690,5348.25,393564,35210,0,22,2,0.233,73.59,0.421,Conservative
38,204736,11769.29,169001,2595,1,9,1,0.31,14.36,0.013,Balanced
32,233407,15226.78,325749,69611,1,20,3,0.217,21.39,0.298,Balanced
69,226271,10066.13,266445,75177,0,20,10,0.466,26.47,0.332,Aggressive
44,56948,3961.15,251893,85862,3,1,9,0.165,63.59,1.508,Balanced
67,188102,10787.66,138985,34539,3,30,1,0.312,12.88,0.184,Balanced
48,47007,3142.81,247423,54827,0,19,8,0.198,78.73,1.166,Balanced
32,120819,6548.93,373019,50169,1,36,5,0.35,56.96,0.415,Aggressive
68,111207,4356.91,18165,101996,2,14,4,0.53,4.17,0.917,Conservative
40,241993,13074.19,470108,61568,4,1,5,0.352,35.96,0.254,Balanced
41,96772,4468.54,359280,42095,0,5,7,0.446,80.4,0.435,Balanced
61,42024,2569.15,372035,84692,2,10,8,0.266,144.81,2.015,Balanced
30,190456,9708.28,8687,140079,4,9,2,0.388,0.89,0.735,Conservative
39,102912,6945.38,65489,60210,2,14,6,0.19,9.43,0.585,Balanced
60,169229,10195.2,26284,13377,2,39,4,0.277,2.58,0.079,Conservative
54,105481,6385.99,312098,117790,4,18,8,0.274,48.87,1.117,Balanced
50,108553,4246.55,145377,122150,2,25,4,0.531,34.23,1.125,Balanced
73,152828,11351.78,304359,132872,1,36,3,0.109,26.81,0.869,Conservative
20,219184,14848.28,316055,17192,0,31,5,0.187,21.29,0.078,Aggressive
71,242075,15814.61,120951,37901,1,35,4,0.216,7.65,0.157,Balanced
36,122488,5426.41,42686,969,1,27,5,0.468,7.87,0.008,Aggressive
40,116741,6270.91,254440,51031,4,22,9,0.355,40.57,0.437,Aggressive
46,209123,7413.53,335755,36087,4,11,3,0.575,45.29,0.173,Balanced
47,215667,11612.98,370373,37473,4,10,2,0.354,31.89,0.174,Balanced
56,98210,3521.15,235854,30655,2,8,2,0.57,66.98,0.312,Conservative
61,194166,10584.81,28593,146331,2,28,9,0.346,2.7,0.754,Balanced
64,238961,14074.74,75125,65923,0,23,7,0.293,5.34,0.276,Balanced
42,246457,11595.96,226562,45814,2,6,10,0.435,19.54,0.186,Aggressive
54,155607,8094.15,22974,68025,0,14,4,0.376,2.84,0.437,Conservative
64,207107,14352.68,270798,107011,1,24,6,0.168,18.87,0.517,Balanced
25,67367,2300.08,153636,68426,0,9,10,0.59,66.8,1.016,Aggressive
59,168190,11008.78,252771,66258,0,38,6,0.215,22.96,0.394,Balanced
33,210884,7801.21,224994,8947,4,25,3,0.556,28.84,0.042,Balanced
25,79884,2464.35,160970,106881,2,38,9,0.63,65.32,1.338,Aggressive
18,217240,8183.9,364310,65461,3,30,4,0.548,44.52,0.301,Aggressive
61,164352,10556.52,175441,22510,3,22,1,0.229,16.62,0.137,Conservative
22,165818,7915.31,10146,105077,4,2,2,0.427,1.28,0.634,Conservative
20,122572,8476.74,60171,142279,1,25,5,0.17,7.1,1.161,Balanced
18,73251,3898.11,453423,146145,1,24,8,0.361,116.32,1.995,Aggressive
21,104821,3164.18,117200,78183,1,37,7,0.638,37.04,0.746,Aggressive
57,103583,6423.81,25891,139262,0,3,9,0.256,4.03,1.344,Conservative
52,30207,1033.65,160394,36855,2,26,1,0.589,155.17,1.22,Conservative
49,222199,14519.94,376703,37846,1,30,2,0.216,25.94,0.17,Balanced
59,47757,1760.87,300516,139214,3,29,10,0.558,170.66,2.915,Balanced
51,167298,7528.35,481251,92079,0,7,4,0.46,63.93,0.55,Balanced
60,246340,15780.12,75548,52470,1,9,7,0.231,4.79,0.213,Conservative
42,212479,15490.2,160912,107568,1,30,1,0.125,10.39,0.506,Balanced
27,178278,8234.79,82105,79949,2,16,5,0.446,9.97,0.448,Aggressive
38,171328,11509.96,377254,768,2,14,2,0.194,32.78,0.004,Balanced
63,53822,2040.46,377203,27255,0,26,2,0.545,184.86,0.506,Balanced
56,61340,4058.4,136074,41946,3,37,2,0.206,33.53,0.684,Conservative
44,203306,12056.41,98272,136629,4,10,9,0.288,8.15,0.672,Balanced
44,63351,2407.39,48520,93156,3,30,10,0.544,20.15,1.47,Aggressive
19,126311,5435.34,262155,18691,2,22,5,0.484,48.23,0.148,Aggressive
58,199743,7032.19,90043,99693,2,30,8,0.578,12.8,0.499,Aggressive
65,95320,4453.29,283615,141335,4,32,10,0.439,63.69,1.483,Balanced
30,122565,4718.82,189948,78922,3,14,6,0.538,40.25,0.644,Balanced
26,186229,10928.52,6537,108165,3,23,1,0.296,0.6,0.581,Conservative
69,39937,2985.22,181879,25993,4,17,10,0.103,60.93,0.651,Balanced
53,205362,6102.76,370240,114121,2,36,9,0.643,60.67,0.556,Aggressive
39,197779,10671.92,421077,104537,0,29,7,0.352,39.46,0.529,Aggressive
59,31219,1731.4,277110,12324,3,24,2,0.334,160.05,0.395,Balanced
43,29399,2089.33,230872,92981,1,11,8,0.147,110.5,3.163,Balanced
71,146733,7682.73,489835,70203,3,15,2,0.372,63.76,0.478,Conservative
29,249920,13517.25,272271,32383,3,22,2,0.351,20.14,0.13,Balanced
34,178729,9076.59,415309,61080,3,27,4,0.391,45.76,0.342,Aggressive
31,40047,1661.61,52197,74659,2,34,8,0.502,31.41,1.864,Aggressive
31,227167,7209.07,479336,13755,1,33,7,0.619,66.49,0.061,Aggressive
74,105693,5062.36,23649,100296,3,21,2,0.425,4.67,0.949,Conservative
51,120931,3818.65,497004,39661,0,24,10,0.621,130.15,0.328,Aggressive
70,223226,12142.95,17237,77277,1,20,6,0.347,1.42,0.346,Conservative
74,195963,8475.59,68354,113693,4,4,4,0.481,8.06,0.58,Conservative
37,157852,8464.57,439203,88802,0,37,10,0.357,51.89,0.563,Aggressive
28,47050,1661.9,25814,62236,4,37,1,0.576,15.53,1.323,Balanced
33,93551,6727.46,297931,42494,3,33,8,0.137,44.29,0.454,Aggressive
68,88666,6221.3,424167,60480,2,31,8,0.158,68.18,0.682,Balanced
48,244691,9267.63,333607,70084,3,34,6,0.546,36.0,0.286,Balanced
72,102016,4581.32,168943,58204,3,22,10,0.461,36.88,0.571,Aggressive
23,133135,7626.65,156202,14263,4,30,7,0.313,20.48,0.107,Aggressive
73,73010,2449.65,182808,144178,3,5,3,0.597,74.63,1.975,Conservative
36,58165,2641.72,296311,83312,0,23,9,0.455,112.17,1.432,Aggressive
54,31528,1282.43,92714,15396,2,13,4,0.512,72.3,0.488,Balanced
21,140840,10017.65,25599,26455,4,9,2,0.146,2.56,0.188,Conservative
64,200680,13694.42,97670,114547,1,14,4,0.181,7.13,0.571,Balanced
21,156986,8750.77,476098,54490,3,17,2,0.331,54.41,0.347,Balanced
37,57136,3029.11,259244,131720,4,35,4,0.364,85.58,2.305,Balanced
27,162251,11653.67,214993,55546,3,18,2,0.138,18.45,0.342,Balanced
41,106008,7622.29,260320,64396,3,12,8,0.137,34.15,0.607,Balanced
71,32076,2360.61,340248,33588,4,16,6,0.117,144.14,1.047,Conservative
52,143911,5024.39,345279,64202,0,30,8,0.581,68.72,0.446,Aggressive
43,175855,6423.2,169670,115159,1,13,1,0.562,26.42,0.655,Balanced
54,136625,8222.61,159445,114809,3,18,9,0.278,19.39,0.84,Balanced
55,197788,10677.07,155130,21829,0,12,2,0.352,14.53,0.11,Balanced
38,70298,2109.86,191695,103180,3,34,8,0.64,90.86,1.468,Aggressive
71,74304,2378.26,31018,84715,3,33,4,0.616,13.04,1.14,Balanced
57,99360,6942.32,53263,36984,0,6,2,0.162,7.67,0.372,Conservative
56,89835,6197.71,206288,133249,3,18,1,0.172,33.28,1.483,Conservative
38,132424,6030.8,59672,149755,1,3,4,0.454,9.89,1.131,Balanced
27,159190,11144.33,213703,97042,4,6,10,0.16,19.18,0.61,Balanced
55,227364,12818.05,482992,63276,0,36,1,0.323,37.68,0.278,Balanced
63,76911,5084.13,224830,11693,2,22,8,0.207,44.22,0.152,Aggressive
21,224561,10948.98,245349,135214,3,7,2,0.415,22.41,0.602,Conservative
74,123088,4229.81,397466,116656,4,30,8,0.588,93.97,0.948,Balanced
62,35185,1725.68,143453,88564,1,2,10,0.411,83.13,2.517,Balanced
37,192864,9667.55,413322,61291,1,32,1,0.398,42.75,0.318,Balanced
34,231282,12585.97,279463,2472,2,15,7,0.347,22.2,0.011,Aggressive
72,70613,2401.26,92513,80836,1,22,7,0.592,38.53,1.145,Balanced
24,184999,13802.02,160327,30549,4,38,5,0.105,11.62,0.165,Aggressive
21,20386,822.7,26311,78554,2,8,3,0.516,31.98,3.853,Balanced
46,243225,9307.49,451838,68646,0,8,6,0.541,48.55,0.282,Balanced
31,223800,11931.18,300341,79142,2,39,5,0.36,25.17,0.354,Aggressive
20,227353,12229.02,61696,139873,0,36,9,0.355,5.05,0.615,Aggressive
41,50020,2467.24,113600,123937,1,20,4,0.408,46.04,2.478,Balanced
54,62678,4045.56,412060,109530,4,37,9,0.225,101.85,1.748,Balanced
33,237767,12565.19,21156,97347,3,8,10,0.366,1.68,0.409,Balanced
72,81394,4648.5,157954,92358,2,14,6,0.315,33.98,1.135,Balanced
69,220017,13715.5,162603,119343,1,20,9,0.252,11.86,0.542,Balanced
21,135377,4103.77,202921,258,4,35,3,0.636,49.45,0.002,Balanced
73,141716,7839.9,61074,137940,3,25,1,0.336,7.79,0.973,Conservative
41,207486,14460.17,460976,6817,2,18,6,0.164,31.88,0.033,Balanced
51,205888,6169.16,58029,38512,4,21,4,0.64,9.41,0.187,Balanced
47,75918,3624.14,395210,30856,1,37,10,0.427,109.05,0.406,Aggressive
35,242353,17357.02,412079,143164,2,31,4,0.141,23.74,0.591,Balanced
36,135640,6151.67,153384,96636,2,6,4,0.456,24.93,0.712,Balanced
48,213766,10729.29,414153,130571,0,20,1,0.398,38.6,0.611,Conservative
36,180527,13386.8,107241,82157,0,28,5,0.11,8.01,0.455,Balanced
66,124446,4766.57,96560,36123,2,36,9,0.54,20.26,0.29,Aggressive
63,189807,6103.72,7660,88521,4,26,3,0.614,1.25,0.466,Conservative
36,114702,7863.61,172915,1158,1,13,2,0.177,21.99,0.01,Balanced
39,125509,8656.52,24093,98898,3,4,2,0.172,2.78,0.788,Conservative
41,113608,5771.69,131856,18134,0,34,10,0.39,22.85,0.16,Aggressive
62,134310,7082.77,441799,16786,1,37,7,0.367,62.38,0.125,Balanced
29,163181,11010.55,169423,90933,2,34,6,0.19,15.39,0.557,Aggressive
47,65802,4146.67,20878,55030,1,16,2,0.244,5.03,0.836,Conservative
55,219092,9052.73,140063,10494,1,23,1,0.504,15.47,0.048,Balanced
70,54622,1635.43,328144,26273,1,23,7,0.641,200.65,0.481,Balanced
48,129935,6646.56,329080,94040,2,15,6,0.386,49.51,0.724,Balanced
53,137919,9452.07,264103,145832,0,25,5,0.178,27.94,1.057,Balanced
36,153669,10791.52,407396,38302,3,29,5,0.157,37.75,0.249,Balanced
65,191669,13990.63,19805,70822,4,36,10,0.124,1.42,0.37,Conservative
62,192026,13341.96,166873,45540,0,15,3,0.166,12.51,0.237,Conservative
53,89519,4990.86,164264,38419,3,37,5,0.331,32.91,0.429,Balanced
47,207187,10264.96,170919,134624,2,35,6,0.405,16.65,0.65,Balanced
72,194223,12562.46,148761,59571,3,39,7,0.224,11.84,0.307,Balanced
66,168112,10603.69,139167,48829,2,37,7,0.243,13.12,0.29,Balanced
72,64772,3486.78,477864,136068,3,28,10,0.354,137.05,2.101,Balanced
50,142431,4724.32,64870,34232,0,30,10,0.602,13.73,0.24,Aggressive
35,116090,8313.44,264565,62083,2,7,8,0.141,31.82,0.535,Aggressive
69,214904,10755.61,103776,54034,1,4,5,0.399,9.65,0.251,Balanced
66,178988,8201.13,259241,39379,2,7,4,0.45,31.61,0.22,Balanced
45,64871,3763.93,2887,35868,2,33,7,0.304,0.77,0.553,Balanced
64,46372,2784.68,338910,26532,3,18,2,0.279,121.71,0.572,Conservative
28,212779,8260.76,343010,36861,2,15,8,0.534,41.52,0.173,Aggressive
74,59080,3989.46,231872,108532,3,35,4,0.19,58.12,1.837,Conservative
71,126242,5359.66,5325,134651,0,37,10,0.491,0.99,1.067,Balanced
62,62722,2366.06,5782,25619,2,5,1,0.547,2.44,0.408,Conservative
50,49048,2344.17,407585,21829,1,23,2,0.426,173.87,0.445,Balanced
34,105205,6591.16,15951,20912,1,10,1,0.248,2.42,0.199,Conservative
23,160849,11809.02,492124,143735,0,25,5,0.119,41.67,0.894,Balanced
21,74711,4950.26,253122,22104,1,22,1,0.205,51.13,0.296,Balanced
37,187403,13542.86,238506,148712,3,31,9,0.133,17.61,0.794,Balanced
65,40968,1458.92,149477,148583,2,23,4,0.573,102.46,3.627,Balanced
64,205041,6649.26,231227,98235,4,28,10,0.611,34.77,0.479,Aggressive
44,31292,1712.55,134270,117472,2,15,3,0.343,78.4,3.754,Balanced
32,191866,8148.93,413712,94428,2,7,9,0.49,50.77,0.492,Aggressive
23,99459,6675.61,148464,55233,4,38,4,0.195,22.24,0.555,Balanced
64,70192,4209.14,258798,132121,1,15,1,0.28,61.48,1.882,Conservative
31,178775,13168.28,48568,103487,1,5,2,0.116,3.69,0.579,Conservative
28,104193,4255.73,235186,67837,2,12,4,0.51,55.26,0.651,Balanced
56,89165,4585.91,72226,58498,1,13,1,0.383,15.75,0.656,Conservative
26,87650,4570.09,341346,114717,3,3,6,0.374,74.69,1.309,Balanced
43,207588,8330.29,378606,123666,3,19,7,0.518,45.45,0.596,Balanced
33,149858,8423.91,423405,110601,4,26,1,0.325,50.26,0.738,Balanced
22,121398,6007.25,232698,129147,2,30,6,0.406,38.74,1.064,Aggressive
74,242182,12022.25,32104,116052,3,28,3,0.404,2.67,0.479,Conservative
69,117885,5398.2,115251,90641,0,15,7,0.45,21.35,0.769,Balanced
27,173329,5189.92,332101,73685,1,18,2,0.641,63.99,0.425,Balanced
67,120588,6402.74,357171,146104,2,7,2,0.363,55.78,1.212,Conservative
20,123356,5493.31,410959,45915,3,14,4,0.466,74.81,0.372,Aggressive
30,103509,3025.27,44287,108962,4,24,8,0.649,14.64,1.053,Aggressive
60,242345,10488.87,428031,17379,3,24,3,0.481,40.81,0.072,Balanced
66,71672,3005.72,294679,72401,0,11,8,0.497,98.04,1.01,Balanced
47,214380,10118.67,35344,79146,3,39,7,0.434,3.49,0.369,Balanced
71,228655,8050.92,279464,89416,2,10,5,0.577,34.71,0.391,Balanced
62,42113,2208.22,219577,133703,4,33,4,0.371,99.44,3.175,Balanced
23,20694,1260.34,309320,129140,4,20,10,0.269,245.43,6.24,Aggressive
34,35588,2065.89,233533,98567,0,39,10,0.303,113.04,2.77,Aggressive
62,212828,14047.8,312558,61196,2,22,2,0.208,22.25,0.288,Conservative
68,215157,10732.83,132307,13830,0,35,9,0.401,12.33,0.064,Aggressive
70,212214,11238.51,335394,43484,0,28,4,0.364,29.84,0.205,Balanced
36,84373,5594.78,24468,94756,0,36,5,0.204,4.37,1.123,Balanced
59,105603,5150.22,307268,25772,3,30,2,0.415,59.66,0.244,Balanced
52,26704,1637.58,365042,5116,1,6,2,0.264,222.92,0.192,Conservative
63,60136,2951.83,56246,81839,3,1,2,0.411,19.05,1.361,Conservative
43,87507,4227.72,332908,123085,2,4,10,0.42,78.74,1.407,Balanced
68,67361,4311.74,124958,1636,0,25,2,0.232,28.98,0.024,Conservative
22,78847,2931.53,299141,92338,0,39,9,0.554,102.04,1.171,Aggressive
46,126359,5646.38,400957,7811,1,11,5,0.464,71.01,0.062,Balanced
54,162513,6409.71,214568,146295,4,38,6,0.527,33.48,0.9,Balanced
37,248084,11319.05,207580,141653,0,37,4,0.452,18.34,0.571,Aggressive
66,138906,5518.11,493850,20919,3,12,2,0.523,89.5,0.151,Conservative
38,34677,1932.3,193211,83018,0,29,3,0.331,99.99,2.394,Balanced
27,47818,3144.01,17557,133676,2,34,3,0.211,5.58,2.796,Conservative
22,21868,1426.23,312344,129672,1,18,10,0.217,219.0,5.93,Aggressive
53,103591,4752.03,255388,131279,4,9,8,0.45,53.74,1.267,Balanced
23,143962,10722.99,14932,139535,2,12,8,0.106,1.39,0.969,Balanced
43,87264,4920.38,61988,101772,3,9,6,0.323,12.6,1.166,Balanced
21,93168,4422.92,99699,12671,2,1,10,0.43,22.54,0.136,Aggressive
56,163115,11004.1,19453,9476,0,7,8,0.19,1.77,0.058,Balanced
56,91939,5757.15,256539,4986,1,39,3,0.249,44.56,0.054,Balanced
67,35732,2269.28,214405,108158,0,34,7,0.238,94.48,3.027,Conservative
52,75244,2871.04,116364,146598,1,32,5,0.542,40.53,1.948,Balanced
18,169598,8587.01,499293,42001,3,28,9,0.392,58.15,0.248,Aggressive
41,29340,2014.69,203804,53242,2,26,9,0.176,101.16,1.815,Aggressive
74,42394,2215.87,29847,6803,1,36,5,0.373,13.47,0.16,Balanced
53,118557,7171.7,21749,51446,2,14,6,0.274,3.03,0.434,Balanced
23,155174,8707.38,447174,11905,1,31,1,0.327,51.36,0.077,Aggressive
58,39159,2653.99,216765,128295,0,16,4,0.187,81.68,3.276,Conservative
71,142366,6009.13,482212,2461,1,39,1,0.493,80.25,0.017,Balanced
63,216164,12006.31,113846,58687,1,11,4,0.333,9.48,0.271,Balanced
61,26212,912.57,441384,136745,4,11,1,0.582,483.67,5.217,Conservative
74,248432,15105.0,346086,128860,3,38,10,0.27,22.91,0.519,Balanced
48,57405,3600.17,368425,75956,0,12,4,0.247,102.34,1.323,Conservative
37,150632,4689.18,396518,82863,0,9,6,0.626,84.56,0.55,Balanced
41,97061,5837.29,364070,29564,2,22,9,0.278,62.37,0.305,Aggressive
42,114296,5506.02,111586,69692,1,38,2,0.422,20.27,0.61,Balanced
53,75186,2620.57,232332,12251,1,9,2,0.582,88.66,0.163,Balanced
38,195311,9455.48,280677,79056,1,3,6,0.419,29.68,0.405,Balanced
47,244065,9291.31,35588,132977,0,39,10,0.543,3.83,0.545,Aggressive
41,143145,6901.47,109501,147806,4,35,6,0.421,15.87,1.033,Balanced
61,30532,1428.35,280171,5661,2,30,3,0.439,196.15,0.185,Balanced
59,230126,14500.15,405680,3838,1,26,2,0.244,27.98,0.017,Balanced
47,223084,14422.73,303649,42073,4,8,3,0.224,21.05,0.189,Conservative
39,236351,13469.36,216806,141450,3,32,4,0.316,16.1,0.598,Aggressive
45,86540,2614.07,267050,139130,0,22,4,0.638,102.16,1.608,Balanced
24,123021,8837.65,445477,75113,3,8,7,0.138,50.41,0.611,Balanced
52,23271,1410.67,95038,89806,0,2,4,0.273,67.37,3.859,Conservative
72,196554,6040.88,487934,33884,2,14,10,0.631,80.77,0.172,Aggressive
45,20209,1347.87,456063,123013,3,5,6,0.2,338.36,6.087,Conservative
31,242071,9282.34,204699,147053,2,13,6,0.54,22.05,0.607,Balanced
73,156611,8725.47,134691,125989,2,23,10,0.331,15.44,0.804,Balanced
27,39977,2021.0,247660,62457,2,13,3,0.393,122.54,1.562,Balanced
33,225214,10902.45,59435,11797,3,19,9,0.419,5.45,0.052,Aggressive
33,129920,9087.28,254459,57056,3,24,10,0.161,28.0,0.439,Aggressive
71,148156,7291.11,58827,26457,3,35,5,0.409,8.07,0.179,Balanced
48,119588,3900.95,446465,8871,1,14,10,0.609,114.45,0.074,Aggressive
59,88684,6434.4,321738,83050,2,4,9,0.129,50.0,0.936,Conservative
42,143862,10265.69,218981,38398,1,26,10,0.144,21.33,0.267,Aggressive
30,25607,1550.16,102315,75058,0,10,6,0.274,66.0,2.931,Balanced
23,236194,11954.19,364776,5030,3,38,6,0.393,30.51,0.021,Aggressive
61,114786,3836.46,345129,1381,4,38,9,0.599,89.96,0.012,Aggressive
26,146406,9576.31,401367,147825,0,34,10,0.215,41.91,1.01,Aggressive
62,203011,6623.45,420612,136164,2,34,5,0.608,63.5,0.671,Balanced
53,169666,5482.06,97696,52946,2,19,3,0.612,17.82,0.312,Balanced
73,209454,11267.95,107896,87620,1,3,3,0.354,9.58,0.418,Conservative
60,27399,1000.22,10870,80093,3,36,2,0.562,10.87,2.923,Conservative
37,146812,4334.03,307196,125370,3,4,2,0.646,70.88,0.854,Conservative
35,176189,8555.63,101575,139639,0,26,6,0.417,11.87,0.793,Balanced
60,118662,4207.25,400493,115645,0,11,8,0.575,95.19,0.975,Balanced
74,53617,1958.29,131685,25386,0,3,8,0.562,67.24,0.473,Balanced
38,158570,5183.93,394247,23013,4,9,8,0.608,76.05,0.145,Aggressive
21,122826,4737.01,141286,6885,4,2,10,0.537,29.83,0.056,Aggressive
67,149851,9284.72,134982,106905,2,14,7,0.256,14.54,0.713,Conservative
50,131077,8682.87,75272,145117,2,3,2,0.205,8.67,1.107,Conservative
44,70624,3524.69,121027,18780,2,2,10,0.401,34.34,0.266,Aggressive
24,29628,1552.02,287252,89771,3,22,2,0.371,185.08,3.03,Balanced
23,151401,4642.46,270968,78377,2,29,10,0.632,58.37,0.518,Aggressive
32,58619,1895.95,77195,48284,1,33,7,0.612,40.72,0.824,Balanced
35,27032,1107.55,428210,60238,0,36,4,0.508,386.63,2.228,Balanced
49,199166,10773.95,316866,47184,3,10,6,0.351,29.41,0.237,Balanced
73,58034,3659.78,172557,40021,4,38,9,0.243,47.15,0.69,Balanced
28,122658,6978.75,98143,128446,0,21,5,0.317,14.06,1.047,Aggressive
37,141123,6652.42,429132,43184,2,31,10,0.434,64.51,0.306,Aggressive
41,106158,3671.99,228943,18942,4,35,4,0.585,62.35,0.178,Aggressive
32,75264,4888.56,308244,51672,4,3,3,0.221,63.05,0.687,Conservative
65,114120,5231.28,9953,112437,4,19,7,0.45,1.9,0.985,Conservative
24,67850,4267.93,100869,86557,0,22,7,0.245,23.63,1.276,Balanced
38,24722,1302.31,421637,43201,3,20,7,0.368,323.76,1.747,Balanced
59,37772,2380.47,329113,63296,0,36,5,0.244,138.26,1.676,Balanced
43,106105,7507.01,97044,88549,1,19,10,0.151,12.93,0.835,Balanced
61,192751,13758.67,198158,83257,2,4,8,0.143,14.4,0.432,Balanced
73,219843,11803.9,288036,77817,3,32,2,0.356,24.4,0.354,Conservative
31,24576,1292.96,163749,14008,3,8,4,0.369,126.65,0.57,Balanced
74,177779,7350.02,186754,60196,2,26,1,0.504,25.41,0.339,Balanced
54,119404,8603.95,258655,2294,1,1,6,0.135,30.06,0.019,Conservative
38,192704,9665.0,236992,19061,4,26,6,0.398,24.52,0.099,Aggressive
35,61476,2152.56,58581,55733,2,9,3,0.58,27.21,0.907,Conservative
22,181357,8886.31,351031,98376,4,35,1,0.412,39.5,0.542,Balanced
20,44154,1544.95,404822,80625,2,18,5,0.58,262.03,1.826,Balanced
40,171126,8932.67,53254,122007,0,19,1,0.374,5.96,0.713,Conservative
43,37165,2040.05,7378,125758,1,16,3,0.341,3.62,3.384,Conservative
54,34439,1537.6,1292,124686,1,28,8,0.464,0.84,3.62,Balanced
41,138211,4485.04,11867,10237,2,3,10,0.611,2.65,0.074,Balanced
66,64518,4671.79,39231,11694,1,18,9,0.131,8.4,0.181,Balanced
36,239123,15450.22,272191,86472,4,13,3,0.225,17.62,0.362,Conservative
68,46962,3175.35,362333,141540,1,27,9,0.189,114.11,3.014,Balanced
42,205006,9426.48,29068,149533,1,39,7,0.448,3.08,0.729,Balanced
38,57763,3699.03,325551,74062,1,24,8,0.232,88.01,1.282,Aggressive
29,136189,7001.87,50712,119443,3,29,6,0.383,7.24,0.877,Balanced
74,130290,5000.92,173903,78000,2,22,5,0.539,34.77,0.599,Balanced
58,215166,7502.71,327023,76599,0,26,10,0.582,43.59,0.356,Aggressive
50,130814,5884.21,483559,13064,0,20,8,0.46,82.18,0.1,Aggressive
67,39464,1399.83,135710,144661,3,24,2,0.574,96.95,3.666,Conservative
70,193108,14467.78,378481,132004,3,12,7,0.101,26.16,0.684,Conservative
21,143980,4524.02,178684,148091,0,18,1,0.623,39.5,1.029,Balanced
59,247021,12199.32,204801,55835,4,12,7,0.407,16.79,0.226,Balanced
74,184342,9196.38,142966,52381,0,38,6,0.401,15.55,0.284,Balanced
24,62299,2675.47,352056,17574,0,32,4,0.485,131.59,0.282,Aggressive
39,236877,13112.0,170667,32779,2,23,3,0.336,13.02,0.138,Balanced
72,51541,1857.57,397069,110498,0,4,9,0.568,213.76,2.144,Balanced
50,93545,6089.4,439848,111422,0,12,6,0.219,72.23,1.191,Conservative
34,233615,10373.41,327708,26025,1,17,6,0.467,31.59,0.111,Aggressive
41,243070,13677.52,55621,139132,3,21,1,0.325,4.07,0.572,Balanced
51,149188,9244.7,277849,73197,0,37,5,0.256,30.05,0.491,Balanced
45,228150,15950.98,136200,100800,0,29,7,0.161,8.54,0.442,Balanced
60,234042,15791.65,53100,64617,4,6,4,0.19,3.36,0.276,Conservative
58,49765,2838.97,358170,131498,0,28,2,0.315,126.16,2.642,Conservative
56,43769,2055.74,300739,25491,2,8,9,0.436,146.29,0.582,Aggressive
39,239073,12486.83,93659,19553,4,31,6,0.373,7.5,0.082,Aggressive
66,238476,15357.94,126090,143990,0,20,9,0.227,8.21,0.604,Balanced
34,40156,2786.32,59344,12513,2,16,8,0.167,21.3,0.312,Aggressive
51,236908,8036.71,178621,147902,3,13,1,0.593,22.23,0.624,Conservative
23,201553,9433.87,21933,133322,0,15,2,0.438,2.32,0.661,Conservative
63,164507,10649.97,246328,56263,3,13,2,0.223,23.13,0.342,Conservative
23,220722,10804.5,469310,62114,0,2,2,0.413,43.44,0.281,Balanced
51,197408,8763.69,92560,2681,4,20,4,0.467,10.56,0.014,Balanced
18,187207,8989.48,143665,83321,4,28,7,0.424,15.98,0.445,Aggressive
27,93631,5317.96,249768,134479,2,18,7,0.318,46.97,1.436,Balanced
38,57909,4342.66,279328,39529,1,7,1,0.1,64.32,0.683,Conservative
22,89487,4632.04,487950,48901,2,21,8,0.379,105.34,0.546,Aggressive
19,172540,6681.21,245863,17427,0,39,4,0.535,36.8,0.101,Aggressive
39,243681,8926.15,191893,129463,3,9,8,0.56,21.5,0.531,Aggressive
65,67655,2104.59,121985,21747,3,10,10,0.627,57.96,0.321,Balanced
74,185413,10156.76,216092,13555,0,31,9,0.343,21.28,0.073,Aggressive
19,215254,11650.89,51805,93130,1,13,7,0.35,4.45,0.433,Aggressive
27,71786,2769.02,455741,23263,1,5,3,0.537,164.59,0.324,Balanced
51,88304,5389.72,146479,136199,1,38,3,0.268,27.18,1.542,Conservative
33,123606,7803.75,316701,104893,0,36,5,0.242,40.58,0.849,Balanced
65,197586,8109.32,406637,61453,4,2,7,0.507,50.14,0.311,Conservative
68,140938,6333.46,86438,108930,4,6,7,0.461,13.65,0.773,Conservative
56,185051,13798.01,178366,58389,0,13,9,0.105,12.93,0.316,Balanced
39,241959,11207.65,331262,143584,4,29,1,0.444,29.56,0.593,Balanced
29,100981,6466.49,73110,63722,1,14,3,0.232,11.31,0.631,Conservative
41,75107,3749.08,291974,135109,4,30,1,0.401,77.88,1.799,Balanced
64,152232,9975.5,411339,93159,0,25,6,0.214,41.23,0.612,Conservative
57,107897,6950.03,453993,137926,4,35,10,0.227,65.32,1.278,Balanced
55,92577,5533.53,394175,34311,4,37,7,0.283,71.23,0.371,Balanced
27,235375,16086.47,127408,17175,4,7,2,0.18,7.92,0.073,Balanced
52,161918,11692.78,385314,55195,4,38,9,0.133,32.95,0.341,Balanced
68,124180,6922.94,65537,28090,0,18,5,0.331,9.47,0.226,Balanced
66,39924,1598.98,379958,45636,2,8,3,0.519,237.62,1.143,Conservative
49,131193,6223.42,446631,98248,4,7,7,0.431,71.77,0.749,Conservative
24,164954,10544.25,449888,105752,2,34,7,0.233,42.67,0.641,Balanced
38,231346,13649.14,68837,73334,0,36,1,0.292,5.04,0.317,Balanced
37,237627,8867.23,29331,110956,3,10,6,0.552,3.31,0.467,Balanced
43,21095,664.81,148419,53111,2,29,3,0.622,223.25,2.518,Balanced
21,124205,7510.56,263641,86284,0,16,7,0.274,35.1,0.695,Balanced
63,192055,7811.73,153597,1716,3,25,5,0.512,19.66,0.009,Balanced
69,34123,1776.72,360559,36404,4,29,4,0.375,202.93,1.067,Balanced
39,244740,15514.7,327428,73406,0,8,10,0.239,21.1,0.3,Aggressive
32,217687,11963.11,400100,79218,1,20,7,0.341,33.44,0.364,Aggressive
73,246265,8122.98,341403,71262,3,36,7,0.604,42.03,0.289,Balanced
57,65278,2459.18,310711,7557,1,27,8,0.548,126.35,0.116,Aggressive
38,117911,4624.38,273842,97304,4,13,5,0.529,59.22,0.825,Balanced
32,241362,9892.33,166018,128301,4,26,4,0.508,16.78,0.532,Aggressive
39,71999,3965.78,492884,35486,2,25,1,0.339,124.28,0.493,Balanced
69,51153,2673.52,9882,51557,4,28,4,0.373,3.7,1.008,Conservative
45,38344,1475.41,24620,40655,2,9,10,0.538,16.69,1.06,Balanced
31,57656,1860.15,429181,126045,3,26,1,0.613,230.72,2.186,Balanced
44,221587,8204.03,289594,89638,1,12,7,0.556,35.3,0.405,Aggressive
58,21212,1575.72,255316,63823,3,26,6,0.109,162.03,3.009,Conservative
57,140385,7109.34,388100,113827,1,22,7,0.392,54.59,0.811,Balanced
45,160073,11032.23,358148,106836,0,1,8,0.173,32.46,0.667,Conservative
43,98784,6724.01,331106,84801,3,12,6,0.183,49.24,0.858,Balanced
66,118723,6246.17,278379,23094,0,24,2,0.369,44.57,0.195,Balanced
19,101144,6226.07,407939,129095,1,30,2,0.261,65.52,1.276,Balanced
42,187499,7125.17,106346,144425,2,14,9,0.544,14.93,0.77,Aggressive
73,51368,3118.97,103233,61850,3,23,6,0.271,33.1,1.204,Conservative
20,221891,9241.97,146934,114708,3,2,6,0.5,15.9,0.517,Balanced
25,81160,5462.3,374879,11264,2,3,1,0.192,68.63,0.139,Conservative
61,176926,5839.27,302630,147003,2,6,8,0.604,51.83,0.831,Balanced
50,30715,1984.26,23909,42059,4,19,8,0.225,12.05,1.369,Balanced
59,232773,7855.42,461649,2650,4,21,4,0.595,58.77,0.011,Balanced
69,78784,5479.78,117409,43024,1,20,7,0.165,21.43,0.546,Balanced
52,149193,6431.62,80487,142664,3,21,9,0.483,12.51,0.956,Balanced
23,119644,7078.1,268458,56238,2,4,1,0.29,37.93,0.47,Conservative
56,46797,2410.54,154460,71220,2,25,5,0.382,64.08,1.522,Balanced
69,67573,3105.36,466774,144529,0,7,8,0.449,150.31,2.139,Balanced
40,96120,5646.99,22669,116104,4,7,7,0.295,4.01,1.208,Conservative
42,34780,2524.85,452842,7074,0,33,10,0.129,179.35,0.203,Aggressive
67,57905,1798.42,252479,57344,2,26,4,0.627,140.39,0.99,Balanced
60,172645,12306.27,348562,116776,3,17,3,0.145,28.32,0.676,Conservative
36,136049,7766.07,212696,32979,3,8,1,0.315,27.39,0.242,Balanced
22,149651,9902.19,438843,69258,0,26,3,0.206,44.32,0.463,Balanced
68,53359,2495.12,409478,142781,4,15,2,0.439,164.11,2.676,Conservative
28,86062,4371.33,147149,42925,1,20,5,0.39,33.66,0.499,Aggressive
73,93391,6442.95,21431,147759,3,19,1,0.172,3.33,1.582,Conservative
29,63463,3057.68,454018,65066,1,7,4,0.422,148.48,1.025,Balanced
27,119596,6418.94,76006,36540,4,1,8,0.356,11.84,0.306,Aggressive
25,115018,3461.15,170850,18165,0,39,9,0.639,49.36,0.158,Aggressive
41,36571,1332.49,451885,62055,4,37,1,0.563,339.13,1.697,Balanced
45,248348,14547.55,217153,142454,2,18,3,0.297,14.93,0.574,Conservative
58,170214,10558.05,244881,94154,4,8,6,0.256,23.19,0.553,Conservative
53,45104,2519.92,213027,86123,0,15,5,0.33,84.54,1.909,Balanced
54,28625,1022.92,456491,66889,0,6,1,0.571,446.26,2.337,Conservative
38,59199,2935.15,110365,73907,4,37,2,0.405,37.6,1.248,Balanced
25,140725,6394.8,355851,74608,0,22,2,0.455,55.65,0.53,Balanced
72,166998,8664.6,469601,118690,2,11,7,0.377,54.2,0.711,Balanced
26,51218,3536.95,442919,19184,1,26,6,0.171,125.23,0.375,Aggressive
64,195544,12656.97,137630,6902,4,8,6,0.223,10.87,0.035,Conservative
32,111916,3695.04,331695,20647,0,9,1,0.604,89.77,0.184,Balanced
65,143182,10018.8,259014,29140,1,13,1,0.16,25.85,0.204,Conservative
63,40566,2060.32,69366,100541,2,3,4,0.391,33.67,2.478,Conservative
57,207197,13107.35,384823,51730,4,3,10,0.241,29.36,0.25,Balanced
35,53205,1893.31,100478,128996,0,7,6,0.573,53.07,2.425,Balanced
59,129084,7733.16,186752,34546,1,3,6,0.281,24.15,0.268,Conservative
37,49717,1988.59,437541,148076,2,11,5,0.52,220.03,2.978,Balanced
23,201056,9903.84,476997,58557,3,28,4,0.409,48.16,0.291,Aggressive
29,127292,3811.06,75014,53206,0,31,2,0.641,19.68,0.418,Balanced
19,176207,6363.8,345119,143577,2,9,7,0.567,54.23,0.815,Balanced
24,179236,5984.16,146836,56618,1,27,6,0.599,24.54,0.316,Aggressive
33,225561,9057.39,27115,37031,4,12,7,0.518,2.99,0.164,Balanced
20,58562,1976.52,425881,145649,1,8,3,0.595,215.47,2.487,Balanced
62,220182,13404.51,113398,139115,4,22,1,0.269,8.46,0.632,Conservative
20,40169,1225.06,385124,92950,2,18,1,0.634,314.37,2.314,Balanced
44,210930,12124.21,436438,59846,2,30,4,0.31,36.0,0.284,Aggressive
67,41604,1481.76,166452,130182,1,11,4,0.573,112.33,3.129,Balanced
60,109670,7949.6,215702,51392,1,2,7,0.13,27.13,0.469,Conservative
57,134605,9682.61,343703,54673,4,29,7,0.137,35.5,0.406,Balanced
55,108738,4295.39,264345,137816,0,26,4,0.526,61.54,1.267,Balanced
50,151756,8699.81,59930,50390,1,14,7,0.312,6.89,0.332,Balanced
45,148140,4510.9,492010,39260,0,28,8,0.635,109.07,0.265,Aggressive
18,122537,8807.18,101516,53760,0,35,9,0.138,11.53,0.439,Aggressive
72,131301,6976.93,318259,105806,0,6,6,0.362,45.62,0.806,Conservative
25,28007,872.35,93019,3470,2,36,4,0.626,106.63,0.124,Aggressive
54,134915,6052.91,494336,93347,2,12,10,0.462,81.67,0.692,Balanced
49,137419,4492.08,244535,4201,0,34,2,0.608,54.44,0.031,Balanced
65,61787,2914.9,301881,80863,0,6,9,0.434,103.56,1.309,Balanced
60,69582,4165.99,34878,27340,2,37,7,0.282,8.37,0.393,Balanced
54,225863,11452.0,152308,93716,4,37,6,0.392,13.3,0.415,Balanced
21,248870,11635.65,137915,144560,3,8,4,0.439,11.85,0.581,Balanced
47,103629,3588.47,16297,95910,1,37,4,0.584,4.54,0.926,Balanced
23,25782,1041.41,316501,136485,0,33,2,0.515,303.91,5.294,Balanced
63,86770,2929.06,108123,40200,2,31,1,0.595,36.91,0.463,Balanced
71,77645,5138.32,350055,22355,0,34,5,0.206,68.13,0.288,Balanced
36,123509,4367.92,435580,13831,0,11,6,0.576,99.72,0.112,Aggressive
49,183068,10335.03,172695,89357,0,36,10,0.323,16.71,0.488,Aggressive
26,49204,2208.06,206436,118589,0,4,9,0.461,93.49,2.41,Balanced
29,37152,1468.4,496730,128211,4,17,1,0.526,338.28,3.451,Balanced
28,206258,12061.07,330205,36396,1,16,5,0.298,27.38,0.176,Aggressive
63,110555,5540.2,131096,50920,1,30,5,0.399,23.66,0.461,Balanced
72,236096,11216.13,131677,47786,2,39,9,0.43,11.74,0.202,Aggressive
33,39689,2236.04,95406,130046,4,5,4,0.324,42.67,3.277,Balanced
18,201762,10427.69,86879,148997,4,37,3,0.38,8.33,0.738,Balanced
62,245114,10558.62,282120,46006,1,26,3,0.483,26.72,0.188,Balanced
72,103251,5657.15,195719,67627,2,28,6,0.343,34.6,0.655,Balanced
70,208392,12472.68,173684,10842,4,19,1,0.282,13.93,0.052,Conservative
38,215298,6542.93,311254,75459,2,21,1,0.635,47.57,0.35,Balanced
47,207163,10465.69,459950,113272,1,28,1,0.394,43.95,0.547,Balanced
30,126565,4026.09,356623,58074,0,19,7,0.618,88.58,0.459,Aggressive
51,230373,8687.42,175802,5557,4,36,5,0.547,20.24,0.024,Balanced
21,173014,9490.97,42206,4432,2,11,9,0.342,4.45,0.026,Aggressive
45,58712,4043.32,367019,143078,0,19,3,0.174,90.77,2.437,Conservative
55,216349,15064.08,481375,106291,1,5,6,0.164,31.96,0.491,Balanced
48,69632,2254.16,65532,37788,3,2,7,0.612,29.07,0.543,Conservative
72,189103,9147.98,173492,64167,4,25,3,0.419,18.97,0.339,Conservative
44,40478,2262.23,151447,52166,4,26,9,0.329,66.95,1.289,Aggressive
22,42551,1527.89,331477,26887,2,30,2,0.569,216.95,0.632,Balanced
42,68068,4373.3,183701,116704,1,17,7,0.229,42.01,1.715,Balanced
20,113608,7188.82,66244,66513,1,21,10,0.241,9.21,0.585,Aggressive
50,55561,3920.93,151272,39802,4,20,4,0.153,38.58,0.716,Conservative
21,153964,4550.5,349971,34026,4,18,9,0.645,76.91,0.221,Aggressive
42,44395,1735.76,204341,75706,2,16,7,0.531,117.72,1.705,Balanced
37,38756,2599.73,133463,72933,2,28,8,0.195,51.34,1.882,Aggressive
51,238782,14303.42,452236,118817,3,12,10,0.281,31.62,0.498,Balanced
43,185723,13030.24,48094,1732,0,6,3,0.158,3.69,0.009,Conservative
22,86333,2744.3,364454,114164,2,24,6,0.619,132.8,1.322,Aggressive
52,224817,12708.35,326834,134014,0,6,4,0.322,25.72,0.596,Balanced
45,200378,11070.48,395755,59853,4,17,4,0.337,35.75,0.299,Balanced
46,172418,5310.78,282317,97084,3,19,2,0.63,53.16,0.563,Conservative
26,133561,7039.08,42912,9429,3,28,10,0.368,6.1,0.071,Aggressive
69,48024,2742.32,236521,57676,3,29,9,0.315,86.25,1.201,Balanced
55,246022,9332.67,119949,63727,1,7,1,0.545,12.85,0.259,Balanced
67,191890,8000.71,160008,95485,4,19,1,0.5,20.0,0.498,Conservative
23,25947,1518.31,493637,28899,1,8,7,0.298,325.12,1.114,Balanced
36,226225,11453.88,139758,15068,1,8,10,0.392,12.2,0.067,Aggressive
61,237312,16254.04,326352,65701,3,5,7,0.178,20.08,0.277,Conservative
74,147192,6602.91,934,78408,1,34,4,0.462,0.14,0.533,Conservative
28,114238,4728.15,142091,95742,4,21,8,0.503,30.05,0.838,Aggressive
19,87428,6496.46,280674,29269,4,4,5,0.108,43.2,0.335,Balanced
64,180826,12825.46,339535,94800,1,36,6,0.149,26.47,0.524,Balanced
61,83355,2541.95,449535,143291,4,5,4,0.634,176.85,1.719,Conservative
61,209313,13498.96,342508,84694,0,23,3,0.226,25.37,0.405,Conservative
26,220032,7530.3,267902,59043,1,19,2,0.589,35.58,0.268,Balanced
38,149958,4562.68,242830,65263,3,15,8,0.635,53.22,0.435,Aggressive
41,164490,6861.05,73226,103324,3,14,5,0.499,10.67,0.628,Balanced
51,246494,10232.38,378772,119432,4,8,10,0.502,37.02,0.485,Balanced
39,239665,15990.16,219587,124567,4,9,6,0.199,13.73,0.52,Balanced
20,206256,12734.02,122063,16830,3,11,6,0.259,9.59,0.082,Balanced
29,155905,11561.46,217935,100730,0,18,4,0.11,18.85,0.646,Balanced
45,226502,13992.77,245472,19641,3,32,9,0.259,17.54,0.087,Aggressive
47,192905,9324.39,58777,95911,1,36,7,0.42,6.3,0.497,Balanced
43,151637,9280.31,307882,144627,3,21,10,0.266,33.18,0.954,Balanced
65,191252,14339.16,11247,106998,2,27,8,0.1,0.78,0.559,Balanced
38,38402,2369.97,162489,105044,0,21,7,0.259,68.56,2.735,Balanced
45,193917,12425.63,30877,88634,0,11,4,0.231,2.48,0.457,Conservative
73,95851,6918.05,124526,15309,3,34,9,0.134,18.0,0.16,Balanced
43,32834,1128.69,307600,145177,2,5,2,0.587,272.53,4.422,Conservative
50,87850,5400.08,106517,49813,1,28,5,0.262,19.73,0.567,Balanced
38,57180,3897.5,99184,74208,3,10,2,0.182,25.45,1.298,Conservative
52,154955,11297.62,286201,105183,1,12,8,0.125,25.33,0.679,Balanced
69,129688,5036.58,175907,36029,2,3,9,0.534,34.93,0.278,Balanced
51,226659,11845.97,493657,131477,3,1,3,0.373,41.67,0.58,Conservative
58,126520,7636.59,209587,54012,3,37,5,0.276,27.45,0.427,Balanced
68,31695,1283.93,89963,134632,1,1,9,0.514,70.07,4.248,Balanced
64,147135,8340.84,33792,11575,3,13,6,0.32,4.05,0.079,Balanced
35,174195,7137.18,282135,96148,2,38,3,0.508,39.53,0.552,Balanced
28,78481,3488.49,451010,13153,3,15,6,0.467,129.29,0.168,Aggressive
74,93438,4616.11,67129,106160,4,7,9,0.407,14.54,1.136,Balanced
40,131491,7024.41,490260,42077,2,30,10,0.359,69.79,0.32,Aggressive
65,168645,8392.21,459356,27013,0,24,7,0.403,54.74,0.16,Balanced
39,141844,7343.47,280767,137762,1,8,4,0.379,38.23,0.971,Balanced
34,114910,4924.12,224044,118128,2,3,4,0.486,45.5,1.028,Balanced
22,76494,2788.4,65118,66277,0,15,1,0.563,23.35,0.866,Balanced
61,163360,5119.19,477312,76967,0,36,3,0.624,93.24,0.471,Balanced
28,66978,2555.15,24788,138253,2,14,9,0.542,9.7,2.064,Aggressive
47,223492,12479.59,109350,7731,0,27,1,0.33,8.76,0.035,Balanced
32,137845,8987.07,90447,101225,0,30,2,0.218,10.06,0.734,Conservative
44,150621,5561.51,365864,105678,4,37,2,0.557,65.79,0.702,Balanced
52,227167,7755.96,45591,103938,3,6,8,0.59,5.88,0.458,Balanced
50,74672,4742.35,130680,910,4,19,6,0.238,27.56,0.012,Balanced
37,81821,3530.83,118122,47341,3,37,7,0.482,33.45,0.579,Aggressive
33,103661,7544.14,472588,87718,0,1,4,0.127,62.64,0.846,Conservative
51,89224,5523.52,190788,56850,3,25,4,0.257,34.54,0.637,Conservative
19,109405,4829.46,497176,64229,4,10,4,0.47,102.95,0.587,Aggressive
52,74796,3174.15,378374,63891,1,26,6,0.491,119.2,0.854,Balanced
57,195778,10409.42,470878,110805,1,23,4,0.362,45.24,0.566,Balanced
73,148554,4871.7,190357,135110,3,17,1,0.606,39.07,0.91,Conservative
45,143777,4968.96,182569,97101,1,30,1,0.585,36.74,0.675,Conservative
64,24023,894.3,462753,18862,2,27,8,0.553,517.45,0.785,Balanced
56,233708,15115.03,444409,82224,1,11,2,0.224,29.4,0.352,Conservative
23,187807,9900.9,345030,81818,3,4,9,0.367,34.85,0.436,Aggressive
26,92959,2756.33,429428,129307,0,18,10,0.644,155.8,1.391,Aggressive
37,59218,3555.22,348858,133591,4,19,8,0.28,98.13,2.256,Balanced
18,163285,7933.33,147477,6112,1,36,1,0.417,18.59,0.037,Aggressive
25,249766,13132.88,264235,132064,3,26,10,0.369,20.12,0.529,Aggressive
72,48460,1888.99,60659,5647,4,1,8,0.532,32.11,0.117,Balanced
40,144579,7873.29,145094,94550,2,20,9,0.347,18.43,0.654,Aggressive
20,84680,6270.09,131156,138669,0,11,4,0.111,20.92,1.638,Balanced
21,51017,1659.73,344333,123594,4,25,7,0.61,207.46,2.423,Balanced
42,249608,10528.35,233948,116397,4,19,4,0.494,22.22,0.466,Balanced
64,112038,4515.59,135144,57170,3,32,3,0.516,29.93,0.51,Conservative
55,182062,7384.16,193252,147926,2,1,1,0.513,26.17,0.813,Conservative
32,39515,1838.4,321181,118153,1,1,2,0.442,174.71,2.99,Conservative
38,181063,12070.27,235854,123620,2,3,7,0.2,19.54,0.683,Conservative
52,158706,11269.08,33561,109889,0,32,6,0.148,2.98,0.692,Conservative
74,228106,8767.22,353677,119922,1,36,8,0.539,40.34,0.526,Aggressive
70,227524,12298.1,219350,77565,2,8,3,0.351,17.84,0.341,Conservative
70,180449,10530.62,460590,108688,0,30,6,0.3,43.74,0.602,Conservative
63,53001,2813.49,454258,78615,4,39,6,0.363,161.46,1.483,Balanced
69,21391,1049.48,324551,80636,4,34,2,0.411,309.25,3.77,Conservative
31,216278,8211.11,278795,19015,4,8,1,0.544,33.95,0.088,Balanced
53,129388,6669.1,93026,1757,4,25,2,0.381,13.95,0.014,Balanced
29,62215,2958.68,474632,21863,1,26,9,0.429,160.42,0.351,Aggressive
34,99720,6544.62,359215,26098,4,27,6,0.212,54.89,0.262,Balanced
56,47114,3023.08,308457,146367,1,19,3,0.23,102.03,3.107,Conservative
26,162954,5753.62,184199,25821,1,23,10,0.576,32.01,0.158,Aggressive
52,133142,4423.48,419833,42372,2,16,7,0.601,94.91,0.318,Balanced
30,168345,11917.21,461750,21833,4,8,1,0.151,38.75,0.13,Conservative
32,126206,6778.63,113917,53990,3,30,8,0.355,16.81,0.428,Aggressive
35,65647,4495.67,157055,91528,4,8,10,0.178,34.93,1.394,Balanced
68,233737,7440.3,464980,139621,3,11,7,0.618,62.49,0.597,Balanced
50,215964,11510.59,450185,87968,4,7,3,0.36,39.11,0.407,Conservative
23,62679,3377.8,150449,39498,1,21,4,0.353,44.54,0.63,Aggressive
44,20427,1401.61,456112,125829,4,34,7,0.177,325.42,6.16,Balanced
40,248024,8343.64,223811,47376,4,21,4,0.596,26.82,0.191,Aggressive
44,149669,6014.76,3588,48547,4,5,5,0.518,0.6,0.324,Conservative
51,86267,4123.53,236157,134213,4,17,1,0.426,57.27,1.556,Conservative
73,20799,1432.03,154751,142140,2,21,5,0.174,108.06,6.834,Conservative
63,75659,5462.49,48454,96878,2,6,10,0.134,8.87,1.28,Balanced
55,245481,18329.22,284655,53705,1,7,10,0.104,15.53,0.219,Balanced
31,27025,1976.33,13339,145328,1,11,4,0.122,6.75,5.378,Balanced
53,34481,1015.09,250250,116562,3,18,3,0.647,246.53,3.38,Conservative
70,45411,1423.78,184475,5830,1,38,9,0.624,129.57,0.128,Aggressive
25,247966,8909.91,326205,15868,2,12,1,0.569,36.61,0.064,Balanced
52,125928,5686.43,24125,137751,1,22,10,0.458,4.24,1.094,Balanced
36,143014,9611.2,150053,142794,3,3,5,0.194,15.61,0.998,Conservative
47,166033,11635.61,359933,13989,3,19,10,0.159,30.93,0.084,Balanced
31,172839,6521.2,20058,122850,2,23,2,0.547,3.08,0.711,Balanced
37,71690,4127.05,82807,55701,1,34,5,0.309,20.06,0.777,Balanced
66,72870,5189.25,31604,111736,3,3,5,0.145,6.09,1.533,Conservative
42,187207,9439.17,492318,14919,1,23,10,0.395,52.16,0.08,Aggressive
57,215586,7311.04,185158,113916,1,5,1,0.593,25.33,0.528,Conservative
41,106928,5362.42,44920,142108,2,29,4,0.398,8.38,1.329,Balanced
31,229870,10663.81,266705,106614,2,34,7,0.443,25.01,0.464,Aggressive
43,90765,5050.41,164813,20999,1,5,1,0.332,32.63,0.231,Balanced
55,43772,2156.73,62555,117154,4,29,10,0.409,29.0,2.676,Balanced
40,150417,4506.75,213269,41543,4,24,2,0.64,47.32,0.276,Balanced
39,38799,2899.25,333237,54560,0,39,4,0.103,114.94,1.406,Balanced
65,132051,7141.18,175745,79805,0,21,10,0.351,24.61,0.604,Balanced
74,149941,7628.21,399005,121764,0,32,2,0.39,52.31,0.812,Conservative
36,43555,3176.03,327824,60048,2,5,2,0.125,103.22,1.379,Conservative
63,112152,4072.27,238516,59115,1,18,1,0.564,58.57,0.527,Conservative
68,147219,5570.78,2721,108573,3,38,2,0.546,0.49,0.737,Conservative
20,170405,11280.93,456853,117173,1,35,3,0.206,40.5,0.688,Balanced
59,155333,6387.51,305586,108192,1,38,4,0.507,47.84,0.697,Balanced
36,139833,9200.72,284279,24324,0,16,1,0.21,30.9,0.174,Balanced
26,89002,3703.55,184335,50605,1,35,1,0.501,49.77,0.569,Balanced
45,66553,2042.36,478278,94364,0,24,7,0.632,234.18,1.418,Balanced
37,23088,1220.5,313716,94984,1,36,5,0.366,257.04,4.114,Balanced
62,65783,2511.69,269719,43261,3,5,7,0.542,107.39,0.658,Conservative
24,21115,1349.28,153950,76986,4,9,10,0.233,114.1,3.646,Balanced
31,221186,12951.54,35584,96111,4,4,9,0.297,2.75,0.435,Conservative
26,219198,15672.32,181998,56698,2,33,1,0.142,11.61,0.259,Balanced
72,92908,6044.0,341861,50502,3,27,8,0.219,56.56,0.544,Balanced
74,89109,3337.33,375901,38202,1,22,10,0.551,112.64,0.429,Aggressive
36,22978,1512.88,390392,61445,3,11,4,0.21,258.04,2.674,Balanced
64,128943,7553.43,32084,85869,1,5,9,0.297,4.25,0.666,Conservative
69,29422,1760.23,31745,140607,3,10,2,0.282,18.03,4.779,Conservative
31,194698,13105.52,190531,18679,3,3,9,0.192,14.54,0.096,Balanced
73,109233,6058.82,5483,114691,4,15,8,0.334,0.9,1.05,Conservative
55,76174,3848.7,229357,88901,3,37,6,0.394,59.59,1.167,Balanced
70,247428,14436.45,228499,131102,2,17,5,0.3,15.83,0.53,Balanced
53,57743,2472.73,31397,120640,1,20,3,0.486,12.7,2.089,Conservative
57,221533,8315.4,172174,58996,0,4,1,0.55,20.71,0.266,Conservative
34,208271,11960.37,348182,139204,3,34,6,0.311,29.11,0.668,Balanced
47,150288,5994.19,338678,82805,0,34,10,0.521,56.5,0.551,Aggressive
26,149000,4891.59,49911,56644,4,31,5,0.606,10.2,0.38,Aggressive
50,142778,4167.98,462458,124080,0,34,8,0.65,110.95,0.869,Aggressive
73,49430,2819.88,245696,126238,2,3,1,0.315,87.13,2.554,Conservative
69,48834,2234.9,78966,92091,2,28,10,0.451,35.33,1.886,Balanced
42,44435,2828.18,207428,21227,4,37,1,0.236,73.34,0.478,Balanced
31,107212,4970.59,225122,102342,2,29,7,0.444,45.29,0.955,Balanced
28,75797,3899.14,103982,92238,1,15,8,0.383,26.67,1.217,Aggressive
70,194626,9307.94,491069,149746,2,36,10,0.426,52.76,0.769,Balanced
52,74555,4397.6,169698,4596,3,35,1,0.292,38.59,0.062,Conservative
58,105350,4792.34,354932,16588,2,10,9,0.454,74.06,0.157,Aggressive
31,34716,2546.05,201615,54654,1,17,7,0.12,79.19,1.574,Balanced
47,80261,5784.68,318254,94540,4,30,7,0.135,55.02,1.178,Conservative
58,178600,12150.98,286569,12453,2,8,8,0.184,23.58,0.07,Balanced
21,21995,1569.28,429992,59552,1,23,8,0.144,274.01,2.708,Aggressive
21,42414,2110.19,155261,90117,3,19,1,0.403,73.58,2.125,Balanced
45,164916,8864.74,326586,106124,0,37,4,0.355,36.84,0.644,Balanced
25,187731,11860.7,185718,24524,0,36,9,0.242,15.66,0.131,Aggressive
19,35522,2169.45,277882,115219,4,4,3,0.267,128.09,3.244,Conservative
58,149632,10472.66,323068,31843,4,26,6,0.16,30.85,0.213,Balanced
63,94034,5829.97,156379,63140,0,27,4,0.256,26.82,0.671,Conservative
39,62322,4668.11,236630,12744,0,13,1,0.101,50.69,0.204,Balanced
58,87638,3955.97,206029,106320,4,34,3,0.458,52.08,1.213,Conservative
73,121334,8171.33,11704,38910,0,33,3,0.192,1.43,0.321,Conservative
72,159596,9757.95,366464,138554,2,26,3,0.266,37.56,0.868,Conservative
33,50846,3094.24,252128,145102,1,20,6,0.27,81.48,2.854,Balanced
46,93643,4129.73,458961,75048,4,8,9,0.471,111.14,0.801,Balanced
66,211168,13762.54,301211,27135,1,16,7,0.218,21.89,0.128,Balanced
65,134930,9503.65,167269,64273,3,5,7,0.155,17.6,0.476,Conservative
47,234876,9203.26,374833,99968,3,34,1,0.53,40.73,0.426,Balanced
29,198775,11496.21,484145,121445,2,27,9,0.306,42.11,0.611,Aggressive
52,44399,2092.95,133102,101958,3,36,4,0.434,63.6,2.296,Balanced
28,226232,16859.02,228349,13733,4,4,8,0.106,13.54,0.061,Balanced
63,243734,12458.02,286941,63832,2,7,1,0.387,23.03,0.262,Conservative
67,239739,9501.18,337482,134170,2,37,8,0.524,35.52,0.56,Aggressive
38,143182,6682.09,311550,85160,4,36,9,0.44,46.62,0.595,Aggressive
38,68591,4056.08,197823,109318,0,24,5,0.29,48.77,1.594,Balanced
22,171786,5609.52,206641,57119,1,15,7,0.608,36.84,0.333,Aggressive
65,55877,3175.59,454464,43887,4,6,10,0.318,143.11,0.785,Balanced
37,104106,7479.79,40795,145322,0,26,2,0.138,5.45,1.396,Conservative
54,98018,6679.11,52964,36382,0,26,1,0.182,7.93,0.371,Conservative
20,119854,3867.49,7723,49999,3,25,6,0.613,2.0,0.417,Balanced
61,210208,15701.91,407137,47022,2,33,9,0.104,25.93,0.224,Aggressive
50,184486,11289.0,93732,3893,2,3,1,0.266,8.3,0.021,Conservative
70,140832,5155.09,407782,101298,3,9,10,0.561,79.1,0.719,Balanced
26,106576,3169.12,284220,51594,3,37,1,0.643,89.68,0.484,Balanced
26,230015,8514.49,253287,129617,2,38,4,0.556,29.75,0.564,Aggressive
21,196540,13282.78,82621,112696,4,30,10,0.189,6.22,0.573,Aggressive
52,249913,7536.99,133712,40109,4,27,6,0.638,17.74,0.16,Balanced
34,230774,9196.94,59516,59087,4,13,9,0.522,6.47,0.256,Aggressive
51,223180,14255.96,108052,133738,4,23,2,0.233,7.58,0.599,Conservative
41,249610,13985.66,102475,107705,3,3,5,0.328,7.33,0.431,Balanced
49,112508,7317.75,435094,53513,1,23,7,0.219,59.46,0.476,Balanced
18,66835,4235.02,401086,114307,1,35,4,0.24,94.71,1.71,Balanced
25,214405,6750.73,445466,94013,2,24,6,0.622,65.99,0.438,Aggressive
62,62464,4377.07,124005,109932,1,37,6,0.159,28.33,1.76,Conservative
40,132454,5241.51,488768,16169,4,12,4,0.525,93.25,0.122,Aggressive
64,173995,9488.03,274666,17668,3,20,4,0.346,28.95,0.102,Balanced
57,136062,7986.37,321866,51810,4,18,9,0.296,40.3,0.381,Balanced
29,212927,7856.04,18828,55159,0,7,1,0.557,2.4,0.259,Conservative
71,87445,6463.11,3429,141151,3,26,5,0.113,0.53,1.614,Conservative
29,130454,6723.66,437443,118700,0,12,9,0.382,65.06,0.91,Aggressive
63,141906,4513.83,69419,18362,0,34,9,0.618,15.38,0.129,Aggressive
64,118384,8538.39,261539,143991,2,32,9,0.135,30.63,1.216,Balanced
32,218691,12254.85,53192,54648,0,30,2,0.328,4.34,0.25,Balanced
58,197218,12072.31,312189,94410,1,2,7,0.265,25.86,0.479,Conservative
36,80032,4260.68,224540,57026,1,8,10,0.361,52.7,0.713,Aggressive
43,133521,9002.72,77147,51376,0,33,8,0.191,8.57,0.385,Aggressive
69,136378,4184.8,442054,94834,2,30,1,0.632,105.63,0.695,Conservative
46,37140,1540.1,499030,14156,0,28,2,0.502,324.03,0.381,Balanced
39,22670,1149.19,60462,43039,3,13,1,0.392,52.61,1.899,Conservative
57,56519,1846.91,97935,16239,3,24,9,0.608,53.03,0.287,Aggressive
38,64512,3968.82,23661,138161,3,33,10,0.262,5.96,2.142,Balanced
68,208883,9861.28,402539,13014,3,5,5,0.433,40.82,0.062,Balanced
55,123565,5148.21,486684,50105,0,6,4,0.5,94.53,0.405,Balanced
37,165763,4860.42,33589,5917,4,4,8,0.648,6.91,0.036,Aggressive
74,125156,7779.56,323494,15350,4,34,3,0.254,41.58,0.123,Conservative
46,185334,12488.35,283697,136814,3,29,8,0.191,22.72,0.738,Balanced
68,205964,9736.47,116881,115236,2,21,3,0.433,12.0,0.559,Balanced
21,45595,2508.94,17947,80197,2,26,6,0.34,7.15,1.759,Aggressive
72,208279,8248.33,90341,107554,0,32,4,0.525,10.95,0.516,Balanced
24,184512,10643.4,3611,142815,4,22,8,0.308,0.34,0.774,Balanced
45,28630,850.97,59320,18891,0,14,7,0.643,69.71,0.66,Balanced
45,182322,9401.04,93529,28483,1,34,5,0.381,9.95,0.156,Aggressive
21,245406,14403.55,118449,31135,3,37,3,0.296,8.22,0.127,Balanced
39,249820,17799.79,208093,95093,1,1,5,0.145,11.69,0.381,Balanced
29,127461,5945.36,200194,142754,1,32,4,0.44,33.67,1.12,Aggressive
62,228590,14684.14,374383,12798,2,32,8,0.229,25.5,0.056,Aggressive
20,94191,5327.5,315607,94575,4,24,5,0.321,59.24,1.004,Balanced
39,215863,15467.6,242038,14198,3,21,10,0.14,15.65,0.066,Aggressive
61,235190,11154.04,446219,107378,0,12,10,0.431,40.01,0.457,Aggressive
19,120591,5280.91,89500,32104,3,20,5,0.474,16.95,0.266,Aggressive
41,83753,5848.25,435634,7603,0,37,2,0.162,74.49,0.091,Balanced
51,80520,2530.24,365091,38661,0,20,9,0.623,144.29,0.48,Aggressive
44,24008,850.31,203440,29340,4,2,6,0.575,239.25,1.222,Conservative
72,195536,6441.65,236323,70297,1,14,1,0.605,36.69,0.36,Conservative
58,127408,8639.44,174114,49411,0,17,3,0.186,20.15,0.388,Conservative
18,20496,607.76,237739,108004,4,24,4,0.644,391.17,5.27,Balanced
25,119767,8223.12,331356,100148,1,30,10,0.176,40.3,0.836,Aggressive
40,43212,2154.11,396132,105573,1,15,10,0.402,183.9,2.443,Aggressive
55,40637,1192.74,172008,12206,3,34,2,0.648,144.21,0.3,Balanced
23,65227,3103.2,467903,44211,3,8,10,0.429,150.78,0.678,Aggressive
39,233485,8809.01,404202,1533,3,3,4,0.547,45.89,0.007,Balanced
42,139753,8075.63,412411,71132,2,11,2,0.307,51.07,0.509,Balanced
35,140118,8449.67,1729,6358,1,27,6,0.276,0.2,0.045,Balanced
34,234418,12075.27,460782,120190,2,9,10,0.382,38.16,0.513,Aggressive
29,29884,927.12,242693,54395,3,15,9,0.628,261.77,1.82,Aggressive
23,136481,8085.03,436063,125774,4,32,1,0.289,53.93,0.922,Conservative
43,88259,5980.44,262382,92459,3,11,5,0.187,43.87,1.048,Balanced
44,69810,4340.89,101601,38941,0,3,9,0.254,23.41,0.558,Balanced
25,149926,10075.99,1863,73588,4,26,7,0.194,0.18,0.491,Balanced
36,24761,949.75,365450,86938,4,7,6,0.54,384.79,3.511,Balanced
59,224238,15675.89,82872,71240,1,28,7,0.161,5.29,0.318,Balanced
18,36375,1598.09,479540,94846,2,39,9,0.473,300.07,2.607,Aggressive
74,176290,5250.1,219488,57428,0,4,3,0.643,41.81,0.326,Conservative
46,181637,12319.01,308513,43671,4,30,8,0.186,25.04,0.24,Aggressive
62,122654,8871.99,50229,46903,2,38,1,0.132,5.66,0.382,Conservative
66,52975,3136.81,282947,11715,2,14,10,0.289,90.2,0.221,Balanced
52,178145,7085.57,335497,40583,0,36,6,0.523,47.35,0.228,Aggressive
57,220798,8987.57,3764,93497,0,31,9,0.512,0.42,0.423,Balanced
31,152955,7732.21,412031,20706,3,19,1,0.393,53.29,0.135,Balanced
52,219494,15434.22,234118,21316,3,12,5,0.156,15.17,0.097,Balanced
65,200701,7229.9,254441,59655,4,15,8,0.568,35.19,0.297,Aggressive
62,215242,14426.34,340873,2497,4,9,10,0.196,23.63,0.012,Balanced
37,94489,4017.49,82602,13562,4,27,6,0.49,20.56,0.144,Aggressive
73,28381,1879.58,323165,101783,3,20,6,0.205,171.93,3.586,Conservative
66,174310,12436.28,287455,94377,4,28,3,0.144,23.11,0.541,Conservative
30,164867,8038.94,296049,139829,4,25,8,0.415,36.83,0.848,Aggressive
55,247036,11338.5,445873,9018,3,16,1,0.449,39.32,0.037,Balanced
66,82999,5472.55,258726,42020,3,18,4,0.209,47.28,0.506,Conservative
63,69907,3735.45,322467,110005,4,36,8,0.359,86.33,1.574,Balanced
66,160710,9728.94,20356,57264,4,4,6,0.274,2.09,0.356,Conservative
25,90467,5221.12,377856,125936,2,21,9,0.307,72.37,1.392,Aggressive
60,62623,2265.33,355546,135242,1,27,1,0.566,156.95,2.16,Conservative
37,189564,12868.78,120847,93202,3,1,2,0.185,9.39,0.492,Conservative
50,177483,6769.15,440686,44944,1,5,1,0.542,65.1,0.253,Balanced
43,130724,9398.57,232246,24714,3,10,4,0.137,24.71,0.189,Balanced
56,171606,6975.99,108280,49294,2,21,9,0.512,15.52,0.287,Aggressive
38,180253,11320.41,444503,220,1,10,4,0.246,39.27,0.001,Balanced
70,123069,5195.16,239791,39769,2,26,9,0.493,46.16,0.323,Aggressive
66,39996,1749.1,76674,61949,0,16,6,0.475,43.84,1.549,Balanced
59,223161,9679.63,348996,125303,1,38,5,0.479,36.05,0.561,Balanced
60,125682,7973.9,122655,77828,1,3,10,0.239,15.38,0.619,Conservative
71,103609,5666.1,283242,16771,1,20,4,0.344,49.99,0.162,Balanced
58,223738,15580.07,43041,61182,0,5,10,0.164,2.76,0.273,Balanced
26,180477,7806.46,404368,30429,0,6,2,0.481,51.8,0.169,Balanced
41,121490,7396.67,410679,38759,2,25,8,0.269,55.52,0.319,Aggressive
54,91325,5815.28,114547,1839,0,25,3,0.236,19.7,0.02,Balanced
66,48930,1766.84,32723,128759,3,12,1,0.567,18.52,2.631,Conservative
58,134426,6388.87,31524,24940,4,1,10,0.43,4.93,0.186,Balanced
34,37529,1925.08,123038,90528,1,3,7,0.384,63.91,2.412,Balanced
41,73546,3344.06,4441,7676,2,21,8,0.454,1.33,0.104,Aggressive
38,27942,1227.5,336567,108131,2,5,7,0.473,274.19,3.87,Balanced
68,27548,1670.17,336704,83988,2,15,4,0.272,201.6,3.049,Conservative
56,135248,5282.86,364039,147972,2,4,8,0.531,68.91,1.094,Balanced
72,169368,10446.69,496738,66196,1,19,10,0.26,47.55,0.391,Balanced
58,202088,14554.96,42117,118104,2,17,4,0.136,2.89,0.584,Conservative
56,117780,6486.33,91315,90441,1,8,5,0.339,14.08,0.768,Balanced
30,20296,1160.74,317348,65913,2,37,8,0.314,273.4,3.248,Aggressive
28,87945,2842.92,26525,142546,2,24,2,0.612,9.33,1.621,Balanced
63,79980,5501.71,83672,131231,4,4,10,0.175,15.21,1.641,Conservative
36,76782,3244.02,369663,147001,3,24,8,0.493,113.95,1.915,Aggressive
28,185301,10628.22,305868,133271,0,19,5,0.312,28.78,0.719,Balanced
30,116382,8617.23,13777,12980,0,24,5,0.111,1.6,0.112,Balanced
63,73444,4146.69,442434,91336,0,21,7,0.322,106.7,1.244,Balanced
62,55036,3433.28,494442,137348,3,17,4,0.251,144.01,2.496,Conservative
18,59322,2941.02,303639,18372,1,8,3,0.405,103.24,0.31,Balanced
57,178239,5691.78,377359,121000,0,31,6,0.617,66.3,0.679,Balanced
61,71667,4710.19,401255,8168,0,19,6,0.211,85.19,0.114,Balanced
36,114527,3524.09,295497,24966,0,11,10,0.631,83.85,0.218,Aggressive
29,103337,6332.51,158383,107904,1,23,6,0.265,25.01,1.044,Balanced
25,71468,2159.57,355108,135987,3,37,7,0.637,164.43,1.903,Balanced
25,92894,6380.8,7409,48921,3,28,4,0.176,1.16,0.527,Balanced
70,204156,7429.57,94105,105439,1,23,3,0.563,12.67,0.516,Balanced
62,83138,4384.49,260675,83474,4,12,3,0.367,59.45,1.004,Conservative
29,42588,2407.76,185005,4047,2,16,3,0.322,76.84,0.095,Balanced
65,82901,4156.45,308728,16515,1,16,2,0.398,74.28,0.199,Balanced
50,168743,7557.15,234529,143999,2,14,6,0.463,31.03,0.853,Balanced
62,103038,5214.56,205141,64565,3,7,1,0.393,39.34,0.627,Conservative
43,241736,10500.98,450532,49592,2,21,6,0.479,42.9,0.205,Aggressive
56,182717,8998.31,142320,75469,0,21,8,0.409,15.82,0.413,Aggressive
45,158709,7239.8,243801,123120,2,35,6,0.453,33.68,0.776,Balanced
22,151732,8363.12,333246,96017,2,24,2,0.339,39.85,0.633,Balanced
25,127211,5097.54,194037,85311,3,1,7,0.519,38.06,0.671,Balanced
42,26922,2005.15,114700,14836,4,14,3,0.106,57.2,0.551,Conservative
44,113697,5926.25,49908,85641,2,20,9,0.375,8.42,0.753,Aggressive
63,195793,7453.01,12498,130674,3,28,8,0.543,1.68,0.667,Conservative
40,208328,10631.44,145336,89080,0,18,6,0.388,13.67,0.428,Aggressive
47,137217,9451.14,362395,147025,2,3,1,0.173,38.34,1.071,Conservative
62,89506,2700.05,176951,122393,2,27,2,0.638,65.54,1.367,Conservative
64,220015,13269.74,212966,102498,0,6,8,0.276,16.05,0.466,Balanced
40,144338,7834.93,497720,49604,1,4,6,0.349,63.53,0.344,Balanced
66,47843,1767.23,191160,3262,4,1,1,0.557,108.17,0.068,Conservative
64,160118,10669.36,381931,11213,0,21,9,0.2,35.8,0.07,Aggressive
37,240408,11076.53,364291,24129,0,35,8,0.447,32.89,0.1,Aggressive
35,215057,9168.44,214185,60606,0,28,2,0.488,23.36,0.282,Balanced
35,231155,15515.68,193970,16524,1,18,10,0.195,12.5,0.071,Aggressive
19,123064,7190.92,469509,18098,0,35,5,0.299,65.29,0.147,Aggressive
21,247997,17443.33,440926,76548,1,21,3,0.156,25.28,0.309,Balanced
47,146417,8497.51,307204,62903,4,16,1,0.304,36.15,0.43,Conservative
50,136585,8621.36,111216,69138,1,26,7,0.243,12.9,0.506,Balanced
53,50346,3398.54,123862,23059,4,39,9,0.19,36.45,0.458,Balanced
35,239356,7581.74,69701,141867,4,9,7,0.62,9.19,0.593,Balanced
54,143152,9267.03,388599,86723,4,23,3,0.223,41.93,0.606,Conservative
36,131769,7549.69,494694,83650,3,2,6,0.312,65.53,0.635,Conservative
64,122391,3959.65,109394,77156,4,3,3,0.612,27.63,0.63,Conservative
45,242456,12723.24,17234,71512,1,33,4,0.37,1.35,0.295,Balanced
57,204598,6740.68,468092,29232,3,24,1,0.605,69.44,0.143,Balanced
37,93143,5858.47,209170,144356,0,23,2,0.245,35.7,1.55,Conservative
66,56787,3078.69,466296,122499,0,6,1,0.349,151.46,2.157,Conservative
50,53583,3904.71,123607,105332,2,21,10,0.126,31.66,1.966,Balanced
29,163635,6146.19,395779,62630,4,5,2,0.549,64.39,0.383,Balanced
68,197132,11225.33,22813,102022,2,13,4,0.317,2.03,0.518,Conservative
32,141943,5516.5,385948,111558,4,13,6,0.534,69.96,0.786,Balanced
58,184762,10588.95,420803,63683,4,19,8,0.312,39.74,0.345,Aggressive
56,131233,8174.26,439495,74081,1,9,10,0.253,53.77,0.564,Balanced
19,245784,15305.53,433897,138859,1,3,9,0.253,28.35,0.565,Balanced
46,34925,2323.36,149777,88978,0,31,10,0.202,64.47,2.548,Balanced
58,237859,16242.85,251149,128308,3,39,7,0.181,15.46,0.539,Balanced
27,103184,3374.97,12964,139493,0,13,4,0.608,3.84,1.352,Balanced
19,171180,7685.94,371730,62540,4,11,7,0.461,48.36,0.365,Aggressive
68,96515,5854.58,27632,12365,3,11,1,0.272,4.72,0.128,Conservative
28,219330,11409.23,51237,117469,2,1,10,0.376,4.49,0.536,Aggressive
30,156427,5929.52,239746,146847,4,35,6,0.545,40.43,0.939,Balanced
27,66069,3600.71,496679,109591,1,35,1,0.346,137.94,1.659,Balanced
31,245407,11740.47,101084,38022,0,3,8,0.426,8.61,0.155,Aggressive
35,120854,5685.39,200857,66448,0,4,4,0.435,35.33,0.55,Balanced
68,74471,4935.97,458265,37213,2,24,8,0.205,92.84,0.5,Balanced
71,52705,2521.84,35806,58648,0,30,8,0.426,14.2,1.113,Balanced
26,194981,5923.36,26092,10715,0,32,2,0.635,4.4,0.055,Balanced
74,239678,7628.45,377775,33059,3,20,6,0.618,49.52,0.138,Balanced
56,148501,10159.13,215559,15223,4,36,10,0.179,21.22,0.103,Aggressive
45,136361,9980.83,225366,145713,3,13,4,0.122,22.58,1.069,Conservative
20,204811,12435.87,45258,54455,3,39,3,0.271,3.64,0.266,Balanced
37,227892,10452.7,258079,11391,0,4,9,0.45,24.69,0.05,Aggressive
23,107273,7743.59,254562,88512,4,28,10,0.134,32.87,0.825,Aggressive
44,43241,2574.79,232410,20709,0,7,9,0.285,90.26,0.479,Aggressive
70,178486,12113.0,361036,11655,0,9,2,0.186,29.81,0.065,Conservative
19,70818,4551.35,380722,13111,3,22,5,0.229,83.65,0.185,Aggressive
46,171967,8004.01,480873,62275,1,4,10,0.441,60.08,0.362,Balanced
55,112307,5739.69,7077,64532,1,36,10,0.387,1.23,0.575,Balanced
20,213481,8047.75,248201,149850,3,33,7,0.548,30.84,0.702,Balanced
33,206396,8782.28,85730,108553,3,6,9,0.489,9.76,0.526,Aggressive
47,86920,5635.09,139835,92704,0,3,8,0.222,24.82,1.067,Conservative
57,204627,14352.68,345385,117608,4,35,10,0.158,24.06,0.575,Balanced
19,138642,8647.25,270716,46418,0,33,4,0.252,31.31,0.335,Aggressive
34,85453,4314.28,61314,38708,0,7,3,0.394,14.21,0.453,Balanced
58,42689,1414.36,247075,106352,2,35,1,0.602,174.69,2.491,Conservative
29,215428,6845.61,254855,109444,0,3,1,0.619,37.23,0.508,Balanced
52,244083,11306.72,379030,110353,4,18,9,0.444,33.52,0.452,Aggressive
60,159324,8033.94,439022,74858,0,3,4,0.395,54.65,0.47,Conservative
18,50844,2902.41,499382,25977,3,39,8,0.315,172.06,0.511,Aggressive
72,115687,3408.61,371182,130247,4,27,4,0.646,108.9,1.126,Balanced
62,43365,3231.95,137263,59319,3,9,6,0.106,42.47,1.368,Conservative
32,157098,7202.5,481365,79702,2,17,4,0.45,66.83,0.507,Aggressive
43,118303,8049.06,133525,83670,2,5,2,0.184,16.59,0.707,Conservative
54,48523,2605.0,70999,98305,4,4,1,0.356,27.25,2.026,Conservative
38,161554,5677.84,498006,41108,1,14,8,0.578,87.71,0.254,Aggressive
66,132105,8682.17,499772,20631,1,29,6,0.211,57.56,0.156,Balanced
48,68888,4250.42,93905,89652,4,11,1,0.26,22.09,1.301,Conservative
42,133884,7141.48,258154,32421,4,22,5,0.36,36.15,0.242,Aggressive
40,126968,6697.61,339625,22419,3,5,3,0.367,50.71,0.177,Balanced
41,70110,2325.98,431475,67579,2,12,2,0.602,185.5,0.964,Balanced
74,241716,14315.97,151757,132774,4,21,3,0.289,10.6,0.549,Conservative
55,151565,10750.82,467699,43889,0,15,2,0.149,43.5,0.29,Conservative
45,207266,6931.06,35199,143834,3,24,10,0.599,5.08,0.694,Balanced
38,102001,4206.96,116299,34155,2,13,2,0.505,27.64,0.335,Balanced
71,59767,4214.92,361820,127782,3,32,1,0.154,85.84,2.138,Conservative
60,49550,2090.97,336134,144454,2,26,3,0.494,160.76,2.915,Conservative
35,164905,9752.33,316383,92192,0,26,3,0.29,32.44,0.559,Balanced
53,154042,8268.85,56131,29852,2,36,4,0.356,6.79,0.194,Aggressive
52,118315,6684.6,411661,128329,3,30,3,0.322,61.58,1.085,Conservative
62,115494,5569.54,169866,113417,2,9,8,0.421,30.5,0.982,Balanced
72,147424,6326.89,13420,48843,3,24,4,0.485,2.12,0.331,Conservative
26,133855,4201.86,227092,54978,4,38,10,0.623,54.05,0.411,Aggressive
70,102681,6497.61,185181,32130,0,18,1,0.241,28.5,0.313,Conservative
55,121489,7697.86,333740,141260,3,9,2,0.24,43.35,1.163,Conservative
47,200249,11996.57,212497,28268,1,22,7,0.281,17.71,0.141,Balanced
61,218414,12813.6,62858,93342,1,38,6,0.296,4.91,0.427,Balanced
51,150546,6072.58,417981,114629,2,21,9,0.516,68.83,0.761,Aggressive
49,222272,6710.57,238961,25826,4,7,6,0.638,35.61,0.116,Balanced
20,212573,14079.3,466967,31995,4,12,2,0.205,33.17,0.151,Balanced
20,48900,2527.01,216176,135534,1,36,8,0.38,85.55,2.772,Aggressive
45,34126,1475.27,141010,34804,2,11,9,0.481,95.58,1.02,Balanced
61,131198,4439.55,115934,49689,4,3,5,0.594,26.11,0.379,Conservative
32,221762,7105.57,71279,130090,4,27,6,0.616,10.03,0.587,Aggressive
58,238816,10784.07,422345,59496,2,7,4,0.458,39.16,0.249,Balanced
40,99303,6559.01,236702,140054,3,2,2,0.207,36.09,1.41,Conservative
57,236651,16867.26,456158,95434,1,10,5,0.145,27.04,0.403,Balanced
28,199066,13987.92,397801,72399,4,3,5,0.157,28.44,0.364,Balanced
65,87061,6210.35,235993,18332,3,17,1,0.144,38.0,0.211,Conservative
49,36978,2616.96,83426,79525,3,1,5,0.151,31.88,2.151,Conservative
74,76344,4071.51,418229,103482,3,34,1,0.36,102.72,1.355,Conservative
71,66648,2614.15,322728,86063,3,13,3,0.529,123.45,1.291,Conservative
53,21055,1384.24,86730,78483,0,14,9,0.211,62.66,3.728,Balanced
50,95582,3724.05,326249,130324,0,17,4,0.532,87.61,1.363,Balanced
41,101214,4191.64,324310,44209,2,34,9,0.503,77.37,0.437,Aggressive
56,195948,7810.0,109487,19232,1,17,6,0.522,14.02,0.098,Balanced
51,243232,12835.36,80920,122993,2,25,1,0.367,6.3,0.506,Balanced
73,127954,5619.37,331056,117031,0,30,3,0.473,58.91,0.915,Conservative
45,58725,2127.73,485459,53685,2,36,3,0.565,228.16,0.914,Conservative
54,156327,7806.52,258155,96521,2,11,4,0.401,33.07,0.617,Balanced
24,226019,15645.2,313822,16545,3,21,10,0.169,20.06,0.073,Aggressive
21,73380,4059.16,71592,57847,4,20,4,0.336,17.64,0.788,Balanced
54,73333,5091.05,479743,13347,0,29,8,0.167,94.23,0.182,Aggressive
73,62459,2382.44,38509,133706,0,4,3,0.542,16.16,2.141,Conservative
18,136518,5026.54,376854,136173,2,34,4,0.558,74.97,0.997,Aggressive
18,56163,3119.7,64476,87686,4,17,3,0.333,20.67,1.561,Balanced
64,185043,9326.64,388846,17893,2,12,7,0.395,41.69,0.097,Balanced
37,247843,14727.97,244790,18703,1,4,6,0.287,16.62,0.075,Balanced
36,216221,14181.3,163797,93362,0,14,1,0.213,11.55,0.432,Balanced
46,104730,6660.99,432153,22489,3,4,10,0.237,64.88,0.215,Balanced
27,39476,2856.23,71435,106975,3,34,1,0.132,25.01,2.71,Conservative
35,88580,4200.47,369881,110750,3,18,6,0.431,88.06,1.25,Balanced
45,125576,4850.51,145220,19733,0,13,3,0.536,29.94,0.157,Balanced
52,106593,5800.45,490139,76942,0,10,9,0.347,84.5,0.722,Balanced
60,220122,7537.5,249268,139023,3,14,2,0.589,33.07,0.632,Conservative
64,226598,9609.04,436652,121519,0,9,3,0.491,45.44,0.536,Conservative
48,129071,4994.39,433979,64417,3,20,9,0.536,86.89,0.499,Aggressive
44,134832,6383.28,48873,740,1,1,6,0.432,7.66,0.005,Balanced
28,158579,5433.57,446530,93995,1,29,1,0.589,82.18,0.593,Balanced
66,221465,6782.6,196709,109339,1,17,2,0.632,29.0,0.494,Conservative
66,163190,9672.23,481056,9727,2,8,7,0.289,49.74,0.06,Balanced
55,201601,11518.76,389324,122179,2,17,6,0.314,33.8,0.606,Balanced
22,88682,5465.75,490171,108767,4,21,1,0.26,89.68,1.226,Conservative
25,243009,14443.09,309616,103523,4,25,10,0.287,21.44,0.426,Aggressive
51,205248,7061.59,159719,65305,4,20,2,0.587,22.62,0.318,Balanced
65,111713,4748.67,19795,107594,1,25,6,0.49,4.17,0.963,Balanced
69,124060,4354.92,269541,146110,1,21,6,0.579,61.89,1.178,Balanced
73,155486,10542.4,208384,107887,1,13,6,0.186,19.77,0.694,Conservative
29,103030,6532.08,169825,75759,0,13,9,0.239,26.0,0.735,Aggressive
55,140360,5390.29,268482,49061,0,30,2,0.539,49.81,0.35,Balanced
18,105973,4748.65,214265,19208,1,13,10,0.462,45.12,0.181,Aggressive
48,213209,15664.43,199252,60640,3,7,10,0.118,12.72,0.284,Balanced
21,155009,8742.35,80442,86090,4,12,9,0.323,9.2,0.555,Aggressive
66,56731,3737.8,289058,20165,2,2,9,0.209,77.33,0.355,Balanced
62,237934,9825.19,432464,93476,4,14,10,0.504,44.02,0.393,Balanced
67,189737,7360.67,323801,133051,3,17,9,0.534,43.99,0.701,Balanced
22,225582,14684.53,29983,93809,0,13,9,0.219,2.04,0.416,Balanced
47,168572,10215.88,405229,137684,1,1,3,0.273,39.67,0.817,Conservative
73,134360,8112.41,187121,26763,0,1,10,0.275,23.07,0.199,Balanced
41,21750,1185.28,438518,137094,0,26,9,0.346,369.97,6.303,Aggressive
20,85018,4675.76,257705,59750,3,13,10,0.34,55.12,0.703,Aggressive
28,155099,9753.58,158023,73368,0,34,9,0.245,16.2,0.473,Aggressive
62,156817,6514.46,303553,124349,0,9,3,0.501,46.6,0.793,Conservative
21,212803,9647.47,310735,123859,4,19,4,0.456,32.21,0.582,Aggressive
43,106984,7394.38,315033,148711,4,23,4,0.171,42.6,1.39,Balanced
44,127983,5544.61,172535,299,3,28,4,0.48,31.12,0.002,Aggressive
63,48451,2626.33,448450,119209,1,30,7,0.35,170.75,2.46,Balanced
71,113743,6980.52,219780,128377,4,7,5,0.264,31.48,1.129,Conservative
60,91474,6860.23,340811,96190,0,14,7,0.1,49.68,1.052,Conservative
44,212608,10442.78,66009,112533,2,2,6,0.411,6.32,0.529,Balanced
59,32150,1568.52,493917,83200,4,12,7,0.415,314.89,2.588,Balanced
68,33406,2264.44,128604,144100,2,2,8,0.187,56.79,4.314,Conservative
67,170853,11290.92,294935,25437,1,28,6,0.207,26.12,0.149,Balanced
23,208489,13066.9,153389,4589,0,28,9,0.248,11.74,0.022,Aggressive
32,136047,6856.5,339612,73669,4,12,4,0.395,49.53,0.541,Balanced
70,143971,6336.72,84987,80995,1,30,5,0.472,13.41,0.563,Balanced
47,123157,7028.18,467382,63845,3,22,9,0.315,66.5,0.518,Aggressive
59,38325,2656.95,261521,72934,1,18,9,0.168,98.43,1.903,Balanced
54,219756,15311.09,251977,23092,3,14,2,0.164,16.46,0.105,Conservative
54,114415,3906.07,372647,143449,3,25,2,0.59,95.4,1.254,Conservative
59,224541,10957.46,482388,118847,4,10,9,0.414,44.02,0.529,Aggressive
54,160508,8100.26,134131,91168,2,36,6,0.394,16.56,0.568,Balanced
52,37669,2786.53,277388,46635,3,9,8,0.112,99.55,1.238,Balanced
40,147385,8878.7,424871,100604,0,11,8,0.277,47.85,0.683,Balanced
23,92010,4401.03,239406,55402,4,27,8,0.426,54.4,0.602,Aggressive
21,227836,6917.33,283665,80801,3,13,5,0.636,41.01,0.355,Aggressive
35,152915,8422.58,345176,102295,4,1,10,0.339,40.98,0.669,Balanced
26,216681,7274.01,57398,82433,0,39,4,0.597,7.89,0.38,Aggressive
66,70812,4773.6,79223,102535,4,11,3,0.191,16.6,1.448,Conservative
46,36059,2295.41,182608,8312,4,3,4,0.236,79.55,0.231,Conservative
30,106269,5342.5,315820,84767,3,2,8,0.397,59.11,0.798,Balanced
64,191840,9369.24,364082,62263,1,24,4,0.414,38.86,0.325,Balanced
69,45395,3191.03,58899,43951,4,20,8,0.156,18.46,0.968,Balanced
34,40202,1704.07,149578,108119,3,15,8,0.491,87.78,2.689,Aggressive
62,164345,6669.13,475627,104904,0,6,1,0.513,71.32,0.638,Conservative
49,199961,14439.83,52934,23393,0,20,9,0.133,3.67,0.117,Aggressive
65,249707,16544.86,489410,138238,1,22,3,0.205,29.58,0.554,Conservative
39,224120,14966.44,379942,102677,0,2,6,0.199,25.39,0.458,Balanced
21,244839,9331.56,113714,106450,3,15,3,0.543,12.19,0.435,Balanced
22,239882,8572.04,327235,67007,1,34,9,0.571,38.17,0.279,Aggressive
54,123235,3741.38,134641,74554,3,31,1,0.636,35.99,0.605,Conservative
58,65510,2622.44,6986,29616,1,30,7,0.52,2.66,0.452,Balanced
66,107945,6978.69,476891,148884,1,28,5,0.224,68.34,1.379,Conservative
30,90649,3641.23,196961,125323,3,33,3,0.518,54.09,1.383,Balanced
51,126723,7930.82,429144,54026,1,21,7,0.249,54.11,0.426,Balanced
62,22881,931.54,29300,146101,3,23,1,0.511,31.45,6.385,Conservative
39,65913,3116.65,353798,69842,0,13,6,0.433,113.52,1.06,Balanced
70,131860,9787.74,168792,13177,0,26,7,0.109,17.25,0.1,Balanced
40,104785,4231.97,124822,149773,4,19,9,0.515,29.49,1.429,Aggressive
68,216109,10031.13,187826,6688,2,27,9,0.443,18.72,0.031,Aggressive
20,82457,3542.89,274513,148462,2,7,7,0.484,77.48,1.8,Balanced
59,186415,6373.74,397892,90956,0,25,5,0.59,62.43,0.488,Balanced
51,213461,11018.89,36954,37879,4,36,7,0.381,3.35,0.177,Balanced
49,229322,10668.82,485732,89369,2,7,1,0.442,45.53,0.39,Conservative
62,159728,9745.91,388237,32492,3,20,7,0.268,39.84,0.203,Balanced
68,25741,1715.37,490752,126383,3,24,10,0.2,286.09,4.91,Balanced
66,167733,9076.28,333417,120128,1,28,4,0.351,36.74,0.716,Balanced
38,117091,3587.94,420169,101165,2,5,2,0.632,117.11,0.864,Conservative
63,48690,2801.33,319457,49790,3,36,6,0.31,114.04,1.023,Balanced
61,52833,1675.09,66826,74220,2,31,7,0.62,39.89,1.405,Balanced
38,122566,7037.29,48095,27574,1,33,7,0.311,6.83,0.225,Aggressive
61,91240,5525.85,303828,71261,0,24,8,0.273,54.98,0.781,Balanced
28,126898,4851.44,445902,142921,4,10,5,0.541,91.91,1.126,Balanced
56,97711,6519.28,342934,120283,1,38,10,0.199,52.6,1.231,Balanced
21,208213,14767.45,472319,99789,1,5,10,0.149,31.98,0.479,Aggressive
68,229304,15233.39,258684,137653,1,31,8,0.203,16.98,0.6,Balanced
18,59023,2546.89,148181,136293,4,9,4,0.482,58.18,2.309,Balanced
45,60209,3374.98,487233,123438,3,32,10,0.327,144.37,2.05,Balanced
41,113590,8075.76,120536,52900,2,5,1,0.147,14.93,0.466,Conservative
52,106612,4676.41,478815,91081,0,27,8,0.474,102.39,0.854,Aggressive
30,100522,6709.97,75039,136104,0,28,4,0.199,11.18,1.354,Balanced
64,131654,3897.08,27568,36777,4,12,5,0.645,7.07,0.279,Balanced
51,165512,4855.1,47496,122965,0,5,4,0.648,9.78,0.743,Balanced
28,139107,8901.01,455162,127852,4,8,7,0.232,51.14,0.919,Balanced
53,159032,10188.6,201331,37069,4,17,10,0.231,19.76,0.233,Balanced
68,42462,2773.96,89940,127766,2,8,3,0.216,32.42,3.009,Conservative
34,37821,2715.28,168406,131005,2,34,2,0.138,62.02,3.464,Conservative
52,208844,7219.88,152318,110549,4,23,10,0.585,21.1,0.529,Aggressive
35,178330,7097.41,359584,120097,2,18,2,0.522,50.66,0.673,Balanced
57,112889,7968.54,284051,82866,3,10,7,0.153,35.65,0.734,Conservative
39,108952,4062.82,479945,59337,1,39,10,0.553,118.13,0.545,Aggressive
74,213596,12908.78,361194,68976,0,5,6,0.275,27.98,0.323,Conservative
41,173187,9261.96,350301,1545,0,17,2,0.358,37.82,0.009,Balanced
36,138066,4553.38,26903,130867,0,11,8,0.604,5.91,0.948,Aggressive
54,197505,8342.86,274281,52659,0,19,6,0.493,32.88,0.267,Balanced
56,241576,12807.65,140184,32797,3,21,8,0.364,10.95,0.136,Aggressive
38,239339,16330.75,161982,96480,3,3,6,0.181,9.92,0.403,Conservative
25,239393,14745.53,398876,101983,1,1,4,0.261,27.05,0.426,Balanced
45,99364,5730.29,60608,57872,4,24,8,0.308,10.58,0.582,Aggressive
22,90077,4675.13,231247,65661,2,36,4,0.377,49.46,0.729,Aggressive
34,60644,2598.98,401444,37676,1,6,6,0.486,154.46,0.621,Balanced
54,82643,2862.1,201346,137714,0,10,5,0.584,70.35,1.666,Balanced
53,33311,1596.13,223872,97651,2,34,4,0.425,140.26,2.931,Balanced
71,149466,4554.79,248872,127113,1,24,7,0.634,54.64,0.85,Balanced
36,50531,1962.63,326238,90061,0,23,8,0.534,166.23,1.782,Aggressive
44,34588,1694.43,281108,107236,1,20,6,0.412,165.9,3.1,Balanced
70,69416,3356.45,425659,76719,0,38,1,0.42,126.82,1.105,Conservative
51,163452,5099.19,293482,76305,0,35,7,0.626,57.55,0.467,Balanced
28,193717,10880.17,6419,142003,3,34,4,0.326,0.59,0.733,Balanced
71,168890,9180.95,430808,149149,0,36,2,0.348,46.92,0.883,Conservative
62,181929,5957.53,270441,25895,1,16,3,0.607,45.39,0.142,Balanced
64,41711,3019.67,183459,52814,2,23,10,0.131,60.75,1.266,Balanced
29,156169,5266.29,88503,97272,3,1,4,0.595,16.81,0.623,Balanced
71,136348,9318.92,351916,80290,2,9,7,0.18,37.76,0.589,Conservative
38,179465,5236.94,468273,48793,4,12,9,0.65,89.42,0.272,Aggressive
71,42076,2928.68,396774,81754,2,37,10,0.165,135.48,1.943,Balanced
28,104274,3135.57,337221,44189,4,17,6,0.639,107.55,0.424,Aggressive
56,77609,4959.19,104138,54346,4,3,10,0.233,21.0,0.7,Conservative
45,180389,8251.74,388304,1395,3,38,5,0.451,47.06,0.008,Balanced
22,78480,4944.37,460405,3961,2,29,9,0.244,93.12,0.05,Aggressive
34,27044,1286.75,234816,35382,0,31,8,0.429,182.49,1.308,Aggressive
73,222105,7199.89,375555,88790,3,35,8,0.611,52.16,0.4,Aggressive
37,75486,4857.08,78057,17928,3,38,8,0.228,16.07,0.238,Aggressive
58,75162,2437.69,289902,12093,0,26,8,0.611,118.93,0.161,Aggressive
63,230359,16454.66,495099,91892,2,13,8,0.143,30.09,0.399,Balanced
29,49882,1571.43,115590,139058,3,19,10,0.622,73.56,2.788,Aggressive
23,74078,3788.03,150931,26726,4,32,10,0.386,39.84,0.361,Aggressive
34,78734,4905.58,92214,78196,0,27,7,0.252,18.8,0.993,Balanced
68,128730,6074.83,13414,72570,1,39,2,0.434,2.21,0.564,Conservative
36,194898,7625.03,139108,64619,3,13,2,0.531,18.24,0.332,Balanced
43,107985,6906.54,186643,144652,4,34,5,0.232,27.02,1.34,Balanced
65,64028,4169.09,121948,108464,2,19,6,0.219,29.25,1.694,Conservative
61,202403,14463.08,34248,132276,2,19,9,0.143,2.37,0.654,Conservative
61,118938,5519.62,302092,24331,0,3,1,0.443,54.73,0.205,Conservative
69,138319,7243.75,308776,134655,4,3,7,0.372,42.63,0.974,Conservative
49,52543,2407.0,76522,44099,0,26,7,0.45,31.79,0.839,Balanced
23,144279,5908.16,396100,126854,3,6,8,0.509,67.04,0.879,Aggressive
72,49362,3138.88,438028,7539,0,13,1,0.237,139.55,0.153,Conservative
53,178387,7979.97,369938,44379,1,38,10,0.463,46.36,0.249,Aggressive
55,178818,8724.56,76823,56292,0,27,4,0.415,8.81,0.315,Balanced
28,161129,7680.76,427850,124612,0,24,10,0.428,55.7,0.773,Aggressive
50,62915,3890.05,101742,139295,3,10,5,0.258,26.15,2.214,Conservative
41,172133,12261.43,476898,75696,4,16,2,0.145,38.89,0.44,Conservative
40,71370,4262.67,384991,64590,1,23,2,0.283,90.32,0.905,Conservative
32,185229,9406.09,60620,11522,0,12,4,0.391,6.44,0.062,Aggressive
44,131375,8523.64,61092,101872,3,28,3,0.221,7.17,0.775,Conservative
28,162394,9507.28,465439,28014,3,13,7,0.297,48.96,0.173,Balanced
74,89812,2869.01,205603,122894,3,18,7,0.617,71.66,1.368,Conservative
68,228914,7680.35,10385,44082,4,2,2,0.597,1.35,0.193,Conservative
67,54017,1669.37,412416,52945,0,17,5,0.629,247.05,0.98,Balanced
34,76792,3847.59,408734,127444,2,23,5,0.399,106.23,1.66,Balanced
68,178814,11983.81,129506,73492,1,23,8,0.196,10.81,0.411,Balanced
70,248208,10801.1,96464,138457,2,1,8,0.478,8.93,0.558,Balanced
31,215880,10097.57,488323,64552,4,14,4,0.439,48.36,0.299,Aggressive
44,149198,10570.83,188633,66944,0,12,10,0.15,17.84,0.449,Aggressive
35,37629,2540.89,162894,131988,2,14,1,0.19,64.11,3.508,Conservative
45,148614,8864.53,50573,65226,2,38,6,0.284,5.71,0.439,Balanced
68,159317,6594.95,335294,53583,2,16,7,0.503,50.84,0.336,Balanced
64,116950,4038.41,465826,108180,1,34,1,0.586,115.35,0.925,Conservative
64,194942,5829.29,287640,71882,0,18,8,0.641,49.34,0.369,Aggressive
21,246706,8405.6,92790,114173,3,10,9,0.591,11.04,0.463,Aggressive
24,84829,3611.79,497549,16448,0,19,8,0.489,137.76,0.194,Aggressive
62,30588,1665.73,463061,14715,2,30,3,0.347,277.99,0.481,Balanced
52,151514,4863.6,440020,25897,0,4,9,0.615,90.47,0.171,Balanced
65,125280,4436.22,345730,102328,3,7,10,0.575,77.93,0.817,Balanced
26,228411,8557.69,160821,41572,1,16,3,0.55,18.79,0.182,Balanced
25,60721,3529.86,252528,139915,0,37,4,0.302,71.54,2.304,Aggressive
69,188217,10801.84,497351,31551,0,5,6,0.311,46.04,0.168,Balanced
62,30599,1664.89,218521,99691,1,39,7,0.347,131.25,3.258,Balanced
34,92594,3763.76,126879,27442,1,33,8,0.512,33.71,0.296,Aggressive
34,233814,10796.67,201795,87099,2,35,7,0.446,18.69,0.373,Aggressive
66,228502,7677.27,235233,88399,2,34,3,0.597,30.64,0.387,Balanced
50,154011,6090.54,414839,4763,1,33,2,0.525,68.11,0.031,Balanced
49,42149,2963.56,295739,27771,3,39,2,0.156,99.79,0.659,Conservative
25,147616,10933.8,93471,97734,2,10,9,0.111,8.55,0.662,Aggressive
36,217639,12808.29,349802,86029,3,3,7,0.294,27.31,0.395,Conservative
55,161280,11481.16,338465,136607,1,29,7,0.146,29.48,0.847,Balanced
20,217170,12731.74,453901,32519,0,35,5,0.296,35.65,0.15,Aggressive
22,129034,3959.82,90963,129050,1,31,6,0.632,22.97,1.0,Aggressive
30,200564,15012.54,185456,143092,1,39,7,0.102,12.35,0.713,Balanced
64,40951,1380.13,250168,30906,4,15,9,0.596,181.26,0.755,Balanced
63,199992,12090.4,5791,86786,1,1,10,0.275,0.48,0.434,Conservative
48,66766,2721.05,434909,11297,2,19,4,0.511,159.83,0.169,Balanced
72,77014,3629.86,114344,128996,0,37,6,0.434,31.5,1.675,Balanced
33,179423,10545.05,265766,54183,3,27,1,0.295,25.2,0.302,Balanced
67,235288,11569.66,5376,46791,4,21,7,0.41,0.46,0.199,Conservative
49,200458,8148.62,478364,30086,2,7,4,0.512,58.7,0.15,Balanced
39,107122,4766.44,243582,108818,0,33,2,0.466,51.1,1.016,Balanced
46,29308,1313.61,468376,95520,3,2,4,0.462,356.56,3.259,Conservative
39,79252,5796.15,57647,83957,0,14,8,0.122,9.95,1.059,Balanced
60,226217,14878.24,133395,127233,2,3,2,0.211,8.97,0.562,Conservative
20,246103,12350.31,315296,41922,0,14,1,0.398,25.53,0.17,Balanced
71,103211,3955.57,102877,1243,1,5,1,0.54,26.01,0.012,Conservative
27,179136,11883.57,388869,123412,0,17,7,0.204,32.72,0.689,Balanced
59,204951,7454.24,189776,42829,1,39,7,0.564,25.46,0.209,Aggressive
38,146534,5687.4,444098,52282,2,1,4,0.534,78.08,0.357,Balanced
33,28720,1319.46,404103,32337,4,28,5,0.449,306.26,1.126,Balanced
29,146204,10163.51,103199,99957,1,38,5,0.166,10.15,0.684,Balanced
19,194012,6830.56,235927,7974,0,14,7,0.578,34.54,0.041,Aggressive
58,99993,3476.66,231352,140563,0,17,3,0.583,66.54,1.406,Conservative
41,219547,11374.11,444891,2304,0,15,5,0.378,39.11,0.01,Aggressive
52,67113,2807.7,19480,88840,2,7,7,0.498,6.94,1.324,Balanced
73,68926,3807.01,417940,11498,3,7,7,0.337,109.78,0.167,Balanced
47,189275,9438.52,269765,77874,0,24,9,0.402,28.58,0.411,Aggressive
74,239973,11783.22,461682,124581,0,26,4,0.411,39.18,0.519,Balanced
47,156464,5366.52,205062,134886,1,14,1,0.588,38.21,0.862,Conservative
64,45905,1635.66,391590,125710,4,19,5,0.572,239.41,2.738,Conservative
52,224580,15001.82,253203,92755,0,26,4,0.198,16.88,0.413,Balanced
36,70385,4910.74,405597,29925,2,16,3,0.163,82.59,0.425,Balanced
67,50653,2022.22,214025,78045,3,34,7,0.521,105.84,1.541,Balanced
25,111865,3844.46,83676,13365,3,2,9,0.588,21.77,0.119,Aggressive
43,235792,7454.55,51309,34726,3,1,4,0.621,6.88,0.147,Balanced
66,145813,8318.19,124532,50448,2,36,6,0.315,14.97,0.346,Balanced
57,165871,10276.32,340265,63615,3,35,1,0.257,33.11,0.384,Conservative
24,211175,9767.64,116940,120411,3,24,1,0.445,11.97,0.57,Balanced
47,35052,2114.28,485511,9224,1,5,3,0.276,229.63,0.263,Conservative
24,157116,9716.67,285741,70618,3,29,5,0.258,29.41,0.449,Balanced
20,170943,12314.14,3478,86242,1,1,6,0.136,0.28,0.505,Conservative
18,240375,7725.66,135904,29526,1,9,9,0.614,17.59,0.123,Aggressive
53,171306,6506.21,348217,19612,1,36,9,0.544,53.52,0.114,Aggressive
42,41381,1336.91,232889,83395,2,16,10,0.612,174.2,2.015,Aggressive
54,168346,11607.41,255152,125245,0,15,1,0.173,21.98,0.744,Conservative
18,238912,15647.2,277733,115623,4,10,2,0.214,17.75,0.484,Balanced
32,103108,5722.95,390194,43927,3,37,8,0.334,68.18,0.426,Aggressive
54,69892,2306.52,319448,103719,4,16,5,0.604,138.5,1.484,Balanced
30,201593,8405.11,196324,22073,0,38,3,0.5,23.36,0.109,Balanced
57,111501,4773.6,417200,125517,1,36,9,0.486,87.4,1.126,Aggressive
25,234992,12893.4,454124,86257,1,15,2,0.342,35.22,0.367,Balanced
22,103391,4238.38,473260,137644,1,3,7,0.508,111.66,1.331,Balanced
26,37920,1232.8,54518,135022,1,19,10,0.61,44.22,3.561,Aggressive
18,36702,2299.75,411864,84578,3,37,8,0.248,179.09,2.304,Aggressive
53,21894,938.69,127698,10006,0,3,2,0.486,136.04,0.457,Conservative
52,50985,2544.18,247382,47813,0,8,1,0.401,97.23,0.938,Conservative
19,179359,6280.8,266474,126491,0,24,3,0.58,42.43,0.705,Balanced
57,145702,9609.07,384032,22013,4,14,8,0.209,39.97,0.151,Balanced
40,93527,5152.11,331138,3244,1,35,4,0.339,64.27,0.035,Aggressive
26,166511,11737.25,387844,77428,2,16,5,0.154,33.04,0.465,Balanced
51,148676,7712.68,288642,41462,0,7,9,0.377,37.42,0.279,Aggressive
63,245692,17767.3,329720,20588,4,35,4,0.132,18.56,0.084,Balanced
31,62235,4359.19,162249,62182,3,8,9,0.159,37.22,0.999,Balanced
21,178731,9935.25,29601,118500,1,12,6,0.333,2.98,0.663,Balanced
47,44976,3236.93,241075,785,4,16,7,0.136,74.48,0.017,Balanced
48,102643,4513.72,382799,131299,2,4,8,0.472,84.81,1.279,Balanced
55,218937,10054.74,7553,70483,2,35,10,0.449,0.75,0.322,Balanced
28,127631,3988.61,137242,138549,3,32,10,0.625,34.41,1.086,Aggressive
52,219378,12322.84,371638,17211,0,12,1,0.326,30.16,0.078,Balanced
25,76697,4774.76,113066,79430,0,21,9,0.253,23.68,1.036,Aggressive
20,90382,5840.45,114151,10217,4,15,2,0.225,19.54,0.113,Balanced
31,36651,1320.65,141853,11556,4,35,3,0.568,107.41,0.315,Balanced
30,200116,9910.54,215230,77104,0,3,1,0.406,21.72,0.385,Conservative
62,34633,1290.87,53841,26914,0,2,10,0.553,41.71,0.777,Balanced
49,99164,5901.66,68569,38199,4,6,3,0.286,11.62,0.385,Conservative
51,20569,748.83,404472,3339,1,16,2,0.563,540.14,0.162,Balanced
62,210972,14896.21,458791,84709,2,23,7,0.153,30.8,0.402,Balanced
36,87509,3477.38,185993,98118,2,31,7,0.523,53.49,1.121,Balanced
55,143425,6098.8,453824,60534,3,30,6,0.49,74.41,0.422,Balanced
33,121126,8256.74,327967,92604,2,3,10,0.182,39.72,0.765,Balanced
19,147522,7402.62,353254,38316,4,16,4,0.398,47.72,0.26,Aggressive
57,53038,1605.27,346982,87022,1,4,3,0.637,216.15,1.641,Conservative
34,200160,10375.33,234952,56670,4,36,7,0.378,22.65,0.283,Aggressive
72,224249,7409.54,224430,61745,0,28,3,0.604,30.29,0.275,Balanced
51,225538,16763.86,246744,19046,0,28,9,0.108,14.72,0.084,Aggressive
59,223288,12531.32,410764,147657,2,3,10,0.327,32.78,0.661,Balanced
33,217865,8916.0,184178,7087,1,26,8,0.509,20.66,0.033,Aggressive
55,224858,12368.03,272520,111638,3,39,7,0.34,22.03,0.496,Balanced
19,58138,1900.52,451791,126041,4,13,2,0.608,237.72,2.168,Balanced
19,214382,14112.41,103091,41430,3,7,10,0.21,7.3,0.193,Aggressive
43,179829,12871.72,243932,40711,3,13,3,0.141,18.95,0.226,Balanced
30,221466,15335.49,15671,101660,3,4,8,0.169,1.02,0.459,Conservative
73,230099,10315.47,304848,43543,3,16,3,0.462,29.55,0.189,Conservative
64,241902,10667.32,398882,135543,4,28,8,0.471,37.39,0.56,Aggressive
48,207223,6377.26,469618,27122,0,13,4,0.631,73.64,0.131,Balanced
51,130740,7716.6,348438,68659,4,10,5,0.292,45.15,0.525,Balanced
56,131174,7041.83,306378,76869,0,5,9,0.356,43.51,0.586,Aggressive
20,69272,3478.84,257530,51459,0,36,10,0.397,74.03,0.743,Aggressive
25,157980,11179.68,472235,38771,4,19,2,0.151,42.24,0.245,Balanced
40,161916,5968.4,353895,69326,4,30,3,0.558,59.29,0.428,Balanced
31,71455,2115.76,390183,32036,4,28,1,0.645,184.42,0.448,Balanced
73,88447,2876.92,97121,55087,0,31,8,0.61,33.76,0.623,Balanced
72,225599,8889.62,257569,132673,4,36,9,0.527,28.97,0.588,Aggressive
44,97108,2980.46,256892,142860,1,1,10,0.632,86.19,1.471,Balanced
71,194138,10136.66,196013,143784,2,9,9,0.373,19.34,0.741,Balanced
46,246301,10729.48,45578,22303,2,12,3,0.477,4.25,0.091,Balanced
56,191076,7153.66,290422,46515,1,23,5,0.551,40.6,0.243,Aggressive
70,58333,3706.8,208498,147076,2,12,9,0.237,56.25,2.521,Balanced
56,141219,5442.21,152496,85698,0,9,5,0.538,28.02,0.607,Balanced
18,103029,6252.0,46332,93773,4,26,1,0.272,7.41,0.91,Conservative
34,59697,2696.79,109040,76025,4,30,1,0.458,40.43,1.274,Balanced
58,37634,1980.51,237352,120551,4,20,4,0.368,119.84,3.203,Balanced
47,145520,10472.92,66743,82099,1,16,7,0.136,6.37,0.564,Balanced
70,44561,1375.98,418764,20349,1,13,7,0.629,304.34,0.457,Balanced
30,169105,8809.6,246201,46059,0,35,7,0.375,27.95,0.272,Aggressive
38,223959,15302.61,33315,146757,1,4,6,0.18,2.18,0.655,Conservative
36,75063,4212.2,297326,102023,4,25,1,0.327,70.59,1.359,Balanced
70,45921,1922.1,17989,121018,0,13,3,0.498,9.36,2.635,Conservative
36,39340,1864.47,380512,114742,0,28,5,0.431,204.09,2.917,Balanced
74,82781,4995.46,260858,26009,4,12,4,0.276,52.22,0.314,Conservative
42,34901,2442.91,452950,122686,3,24,4,0.16,185.41,3.515,Balanced
39,30638,951.28,376338,110138,4,28,9,0.627,395.61,3.595,Aggressive
48,189668,6153.88,320345,118871,0,1,7,0.611,52.06,0.627,Conservative
34,237986,10486.82,410667,19678,3,34,9,0.471,39.16,0.083,Aggressive
72,64324,2562.39,238547,36623,4,3,7,0.522,93.1,0.569,Conservative
40,108356,4476.11,181590,13369,4,22,10,0.504,40.57,0.123,Aggressive
49,241668,9499.54,143024,99028,3,21,3,0.528,15.06,0.41,Balanced
27,52642,2007.87,291279,107749,3,27,10,0.542,145.07,2.047,Aggressive
27,45378,1595.2,229855,42256,2,21,4,0.578,144.09,0.931,Aggressive
53,70867,5100.5,99832,78893,3,22,9,0.136,19.57,1.113,Balanced
25,93686,3351.65,421649,91006,1,13,1,0.571,125.8,0.971,Balanced
71,62875,2422.9,428297,84419,3,16,3,0.538,176.77,1.343,Conservative
69,138171,5589.55,249988,132401,0,24,4,0.515,44.72,0.958,Balanced
37,240667,17311.14,431997,92586,3,17,4,0.137,24.95,0.385,Balanced
49,120061,7660.32,380858,129141,4,5,7,0.234,49.72,1.076,Conservative
67,234801,15346.88,152759,31407,1,38,4,0.216,9.95,0.134,Balanced
31,84377,2866.13,285597,119805,3,27,10,0.592,99.65,1.42,Aggressive
67,74691,5041.46,427534,78074,1,32,8,0.19,84.8,1.045,Balanced
45,244409,11701.21,418418,149906,2,26,1,0.425,35.76,0.613,Conservative
63,215375,8876.19,268922,47303,1,7,3,0.505,30.3,0.22,Conservative
69,211911,11772.76,176138,107665,4,36,10,0.333,14.96,0.508,Aggressive
70,69063,4616.86,60222,39825,2,7,10,0.198,13.04,0.577,Balanced
41,111782,7249.61,280680,77167,3,27,6,0.222,38.72,0.69,Balanced
32,98343,6879.9,113531,43327,1,38,3,0.161,16.5,0.441,Balanced
39,103071,7390.82,156155,69830,2,24,8,0.14,21.13,0.677,Aggressive
47,156564,6275.18,332888,42424,3,24,7,0.519,53.05,0.271,Balanced
21,141399,6871.07,141048,111674,3,29,5,0.417,20.53,0.79,Balanced
30,51357,1532.35,71354,83650,1,27,2,0.642,46.57,1.629,Balanced
40,222910,15485.31,95305,60638,1,34,5,0.166,6.15,0.272,Aggressive
25,52314,1896.45,432343,119309,2,21,9,0.565,227.98,2.281,Aggressive
35,199769,13714.33,439157,114952,1,1,5,0.176,32.02,0.575,Balanced
29,90283,3996.25,383947,113670,3,10,3,0.469,96.08,1.259,Balanced
72,79567,3663.22,156326,83949,4,30,7,0.448,42.67,1.055,Balanced
48,67006,2074.52,498613,58587,2,28,3,0.628,240.35,0.874,Conservative
31,211083,9319.02,458467,134838,4,30,8,0.47,49.2,0.639,Aggressive
51,161758,11304.19,282623,39824,4,28,5,0.161,25.0,0.246,Balanced
35,188521,5719.27,333090,26056,3,29,5,0.636,58.24,0.138,Aggressive
73,81606,3899.95,192733,8299,4,31,6,0.427,49.42,0.102,Balanced
51,38891,1190.29,298666,36331,0,4,10,0.633,250.92,0.934,Balanced
28,203187,9380.6,456973,127611,2,19,6,0.446,48.71,0.628,Balanced
58,121732,4513.74,4953,138921,3,10,3,0.555,1.1,1.141,Conservative
29,211791,8625.54,314219,144843,1,31,7,0.511,36.43,0.684,Aggressive
66,246536,17107.11,57760,29604,3,34,9,0.167,3.38,0.12,Balanced
32,224102,11015.12,218289,137107,1,39,1,0.41,19.82,0.612,Balanced
74,187795,7834.01,220473,73495,3,31,4,0.499,28.14,0.391,Balanced
48,49877,2801.99,92362,3196,0,11,4,0.326,32.96,0.064,Balanced
66,244589,8726.91,172277,50337,2,36,1,0.572,19.74,0.206,Balanced
46,34026,1396.95,449549,36899,4,32,6,0.507,321.81,1.084,Balanced
43,40422,2190.99,54529,93270,3,23,2,0.35,24.89,2.307,Balanced
35,160316,6421.16,397893,76687,2,39,6,0.519,61.97,0.478,Aggressive
49,53481,3224.55,331609,139866,2,3,1,0.276,102.84,2.615,Conservative
39,109180,5643.88,33452,24358,2,28,10,0.38,5.93,0.223,Aggressive
55,129384,8351.67,233009,33849,2,25,5,0.225,27.9,0.262,Balanced
34,78031,5667.23,202086,62603,2,28,6,0.128,35.66,0.802,Balanced
40,159593,5501.87,121325,119043,4,19,10,0.586,22.05,0.746,Aggressive
41,152818,6801.24,210881,89582,4,19,2,0.466,31.01,0.586,Balanced
67,103127,4518.27,389649,8389,3,29,1,0.474,86.24,0.081,Balanced
25,112254,4051.91,444800,83061,1,19,7,0.567,109.78,0.74,Balanced
58,88232,5850.27,130459,56087,3,18,1,0.204,22.3,0.636,Conservative
23,163084,10436.47,334354,131028,2,24,7,0.232,32.04,0.803,Balanced
22,100224,5148.46,22296,75781,1,38,1,0.384,4.33,0.756,Balanced
61,174529,9392.19,181920,77895,3,16,9,0.354,19.37,0.446,Balanced
74,221644,7069.51,340057,97184,1,18,5,0.617,48.1,0.438,Balanced
46,49960,2729.19,184905,135599,4,13,6,0.344,67.75,2.714,Balanced
45,107695,7047.18,280366,110971,2,4,7,0.215,39.78,1.03,Conservative
28,150066,8323.73,219663,6693,1,13,1,0.334,26.39,0.045,Balanced
74,158982,6570.18,113261,37671,0,35,8,0.504,17.24,0.237,Aggressive
18,22693,1356.19,79598,32823,2,4,6,0.283,58.69,1.446,Conservative
60,135313,6188.52,248880,78950,4,19,2,0.451,40.22,0.583,Conservative
36,166930,9037.59,334726,106786,4,24,1,0.35,37.04,0.64,Balanced
26,48810,2514.37,25758,80586,3,33,1,0.382,10.24,1.651,Balanced
44,40092,1869.78,274350,18378,0,33,4,0.44,146.73,0.458,Aggressive
51,239851,14898.4,291587,17218,1,9,3,0.255,19.57,0.072,Conservative
61,199772,13919.64,326968,145598,3,3,6,0.164,23.49,0.729,Conservative
21,78105,2296.72,284959,80278,4,3,10,0.647,124.07,1.028,Balanced
53,181577,13065.81,10852,118997,1,30,8,0.137,0.83,0.655,Conservative
35,224300,11800.67,34997,109097,4,18,1,0.369,2.97,0.486,Conservative
32,48555,2975.62,337789,99805,4,2,7,0.265,113.52,2.056,Conservative
68,91934,6286.7,176546,80831,0,32,8,0.179,28.08,0.879,Balanced
30,92788,4692.81,360966,81089,2,9,5,0.393,76.92,0.874,Balanced
36,97257,6558.65,383303,44281,1,2,8,0.191,58.44,0.455,Balanced
66,37939,1415.41,27728,86608,0,20,1,0.552,19.59,2.283,Conservative
23,162897,5939.53,377796,145777,4,27,2,0.562,63.61,0.895,Balanced
65,241859,14342.43,9382,147475,4,36,4,0.288,0.65,0.61,Conservative
73,175223,12098.84,255462,17416,0,19,1,0.171,21.11,0.099,Conservative
29,148068,10375.06,147840,41784,1,16,5,0.159,14.25,0.282,Aggressive
68,20036,1175.54,333490,112251,4,26,10,0.296,283.69,5.602,Balanced
54,113948,6067.91,243680,63376,1,14,3,0.361,40.16,0.556,Balanced
34,103707,4599.98,287107,11853,0,18,2,0.468,62.41,0.114,Balanced
40,59051,4374.7,77289,28369,4,28,7,0.111,17.67,0.48,Balanced
43,249369,10927.2,86440,747,3,19,2,0.474,7.91,0.003,Balanced
46,100738,6374.22,443030,114375,3,30,9,0.241,69.5,1.135,Balanced
50,93596,5011.99,272471,82887,4,21,6,0.357,54.36,0.886,Balanced
44,80071,4568.6,208046,127227,2,21,8,0.315,45.54,1.589,Aggressive
42,150613,7109.11,164634,84718,4,30,3,0.434,23.16,0.562,Balanced
73,93601,6869.16,91190,50956,4,37,5,0.119,13.28,0.544,Balanced
72,49873,2761.41,400956,67559,4,32,3,0.336,145.2,1.355,Conservative
27,187720,13543.74,391387,74128,0,30,9,0.134,28.9,0.395,Aggressive
64,91468,2699.64,498864,63769,4,22,1,0.646,184.79,0.697,Conservative
40,46470,2575.09,2085,31109,4,24,8,0.335,0.81,0.669,Balanced
38,216201,13412.62,315176,86352,0,10,6,0.256,23.5,0.399,Balanced
38,28328,1793.62,404257,26499,4,24,7,0.24,225.39,0.935,Balanced
60,157405,11119.84,268071,97798,3,1,2,0.152,24.11,0.621,Conservative
30,141173,4146.03,354927,101628,3,35,7,0.648,85.61,0.72,Balanced
54,66638,1944.62,482448,121851,4,16,1,0.65,248.09,1.829,Conservative
50,31268,1588.79,81656,149333,0,5,7,0.39,51.4,4.776,Balanced
41,221675,6763.15,246454,58741,4,31,8,0.634,36.44,0.265,Aggressive
61,133920,9887.68,9533,23345,4,37,2,0.114,0.96,0.174,Conservative
28,130379,5129.72,162642,141183,1,25,10,0.528,31.71,1.083,Aggressive
34,168117,8545.47,112958,147461,2,25,2,0.39,13.22,0.877,Balanced
21,191813,6132.03,391411,103837,0,3,3,0.616,63.83,0.541,Balanced
64,239378,12709.51,180676,140785,2,38,10,0.363,14.22,0.588,Aggressive
42,193842,9029.42,12699,140085,1,32,4,0.441,1.41,0.723,Balanced
47,27887,870.45,406492,119021,2,20,8,0.625,466.99,4.268,Aggressive
26,249790,11122.28,154299,121321,4,30,3,0.466,13.87,0.486,Balanced
38,248978,11728.73,3431,3093,3,2,6,0.435,0.29,0.012,Conservative
37,44918,3348.1,80879,98057,0,5,10,0.106,24.16,2.183,Balanced
36,55497,2147.44,187765,100854,0,19,8,0.536,87.44,1.817,Aggressive
36,113562,6147.76,268343,59530,4,20,10,0.35,43.65,0.524,Aggressive
29,212081,15782.78,451505,33993,2,22,2,0.107,28.61,0.16,Balanced
54,31929,2090.31,254531,27132,0,11,4,0.214,121.77,0.85,Conservative
59,122201,9127.93,480476,56552,1,18,1,0.104,52.64,0.463,Conservative
34,212834,15653.3,158893,70092,1,27,8,0.117,10.15,0.329,Aggressive
54,230171,11877.72,323676,133789,2,31,1,0.381,27.25,0.581,Balanced
71,136566,8341.98,8136,101696,1,35,9,0.267,0.98,0.745,Conservative
65,48546,1661.66,330040,38890,3,21,6,0.589,198.62,0.801,Balanced
56,229496,11333.89,120749,39407,4,20,3,0.407,10.65,0.172,Balanced
45,188410,12481.54,378262,23402,0,9,8,0.205,30.31,0.124,Balanced
58,185355,9699.23,277633,111749,4,31,2,0.372,28.62,0.603,Conservative
52,102494,6290.44,51586,70286,2,9,3,0.264,8.2,0.686,Conservative
64,229242,14521.78,245113,13820,4,7,7,0.24,16.88,0.06,Conservative
65,235859,9619.27,234243,100958,0,33,1,0.511,24.35,0.428,Balanced
35,66566,4613.22,494191,35837,0,1,9,0.168,107.13,0.538,Balanced
31,105464,5298.71,298706,144785,2,19,10,0.397,56.37,1.373,Aggressive
52,148279,5753.25,210909,40431,0,3,9,0.534,36.66,0.273,Balanced
61,101991,7020.2,455841,31207,1,39,3,0.174,64.93,0.306,Conservative
58,112680,5444.33,30898,6142,4,12,4,0.42,5.68,0.055,Balanced
24,48013,3051.51,332927,3755,3,30,2,0.237,109.1,0.078,Balanced
58,72132,3915.67,365340,66366,3,16,10,0.349,93.3,0.92,Balanced
30,238484,11129.84,71274,111929,3,13,1,0.44,6.4,0.469,Balanced
35,243570,16145.28,265478,79229,2,24,8,0.205,16.44,0.325,Aggressive
54,179156,10024.65,310847,6121,3,17,9,0.329,31.01,0.034,Aggressive
30,127855,6017.81,308320,48294,4,27,9,0.435,51.23,0.378,Aggressive
53,172215,5888.01,26730,87994,0,29,10,0.59,4.54,0.511,Aggressive
48,111627,7837.1,335296,64902,1,14,5,0.158,42.78,0.581,Balanced
19,142772,4396.29,331108,43704,3,5,5,0.63,75.32,0.306,Balanced
33,165251,11357.61,94215,34612,3,38,5,0.175,8.3,0.209,Balanced
26,249415,11389.51,415850,115149,3,6,6,0.452,36.51,0.462,Balanced
26,209798,12266.82,498514,96081,1,24,4,0.298,40.64,0.458,Aggressive
55,161294,11521.9,231548,117679,4,33,2,0.143,20.1,0.73,Conservative
28,211037,7622.63,270834,58922,3,9,2,0.567,35.53,0.279,Balanced
71,84068,4636.51,89864,65736,0,3,6,0.338,19.38,0.782,Conservative
73,175021,11236.9,135922,82435,2,23,5,0.23,12.1,0.471,Balanced
39,36116,2307.42,296699,29546,1,21,4,0.233,128.58,0.818,Balanced
50,202124,10764.75,175258,88410,4,22,6,0.361,16.28,0.437,Balanced
53,71369,4125.17,344216,3696,0,8,4,0.306,83.44,0.052,Balanced
62,199889,12770.24,160272,52445,1,20,10,0.233,12.55,0.262,Aggressive
40,123100,8335.56,72646,88921,1,14,4,0.187,8.72,0.722,Balanced
62,234275,15013.07,108054,149085,2,30,6,0.231,7.2,0.636,Conservative
62,225383,10230.56,423136,122251,2,8,4,0.455,41.36,0.542,Balanced
51,49655,3716.67,259865,67552,4,19,9,0.102,69.92,1.36,Balanced
26,208874,10251.82,287821,62417,3,38,7,0.411,28.08,0.299,Aggressive
41,67632,2048.44,356030,41126,2,36,6,0.637,173.81,0.608,Balanced
25,165265,7566.92,433367,33743,4,6,3,0.451,57.27,0.204,Balanced
24,231284,8100.35,208278,86467,1,34,4,0.58,25.71,0.374,Aggressive
53,181848,6316.09,54839,40073,3,10,2,0.583,8.68,0.22,Balanced
35,194297,8174.14,311926,17243,0,31,3,0.495,38.16,0.089,Balanced
20,211082,6672.94,237920,20328,1,11,1,0.621,35.65,0.096,Balanced
45,233807,14197.57,172642,209,4,35,9,0.271,12.16,0.001,Aggressive
23,216523,7049.52,355327,9800,0,11,10,0.609,50.4,0.045,Aggressive
61,199884,7692.36,192275,65749,1,32,3,0.538,25.0,0.329,Balanced
61,231674,7743.6,363682,87817,2,26,8,0.599,46.97,0.379,Aggressive
38,38895,1247.05,156978,28007,4,22,4,0.615,125.88,0.72,Balanced
45,216854,8986.13,320653,38550,0,1,8,0.503,35.68,0.178,Balanced
57,172281,9540.7,1566,128396,2,29,7,0.335,0.16,0.745,Conservative
71,233408,17127.81,202078,65839,0,39,4,0.119,11.8,0.282,Balanced
71,212879,14751.74,315584,121964,3,22,7,0.168,21.39,0.573,Balanced
18,43086,2986.45,262303,90094,3,32,8,0.168,87.83,2.091,Aggressive
53,105637,3933.54,50969,50012,4,25,10,0.553,12.96,0.473,Aggressive
38,233099,9628.91,377616,71495,0,29,3,0.504,39.22,0.307,Balanced
60,178279,5824.02,154922,97489,3,37,5,0.608,26.6,0.547,Balanced
52,127334,8257.16,226343,100681,1,32,3,0.222,27.41,0.791,Conservative
30,171969,5566.05,499814,26326,1,30,7,0.612,89.8,0.153,Aggressive
74,83083,4543.14,397830,130194,3,18,6,0.344,87.57,1.567,Conservative
66,115028,4661.81,487406,85331,3,3,1,0.514,104.55,0.742,Conservative
71,86957,3506.51,373782,53811,4,12,10,0.516,106.6,0.619,Balanced
71,117551,8766.35,180771,53537,4,20,5,0.105,20.62,0.455,Balanced
27,98506,6289.85,125148,57829,1,8,4,0.234,19.9,0.587,Balanced
70,158355,10693.14,236014,9552,2,31,2,0.19,22.07,0.06,Conservative
61,114024,6314.94,488142,15485,0,24,1,0.335,77.3,0.136,Balanced
64,101481,7011.14,65633,77505,2,13,7,0.171,9.36,0.764,Conservative
70,20255,1190.01,21745,50984,4,8,7,0.295,18.27,2.517,Conservative
27,227627,16510.46,109074,138677,2,14,6,0.13,6.61,0.609,Balanced
63,35487,1492.63,43766,99603,4,15,5,0.495,29.32,2.807,Conservative
30,39346,2221.17,352406,81389,2,21,9,0.323,158.66,2.069,Aggressive
54,55050,3346.91,233291,124142,1,15,2,0.27,69.7,2.255,Conservative
55,28744,1356.04,406311,44865,4,26,3,0.434,299.63,1.561,Conservative
41,175828,12217.69,93754,62811,1,38,9,0.166,7.67,0.357,Aggressive
19,81596,6044.17,39718,8337,2,38,2,0.111,6.57,0.102,Balanced
39,234469,12144.97,418859,77670,3,33,3,0.378,34.49,0.331,Balanced
34,176218,8294.76,177750,132911,3,10,6,0.435,21.43,0.754,Balanced
53,139640,7093.31,203272,53102,0,19,10,0.39,28.66,0.38,Aggressive
31,75032,5120.97,491892,17702,3,11,7,0.181,96.05,0.236,Balanced
27,62687,3682.9,8287,16359,0,3,2,0.295,2.25,0.261,Conservative
52,197175,6155.55,475176,88038,2,23,8,0.625,77.19,0.446,Aggressive
42,173048,9347.38,458233,32514,0,6,9,0.352,49.02,0.188,Aggressive
20,82863,2482.54,45786,134012,0,29,1,0.64,18.44,1.617,Balanced
64,151663,9835.28,479701,23953,0,4,6,0.222,48.77,0.158,Conservative
55,26277,1161.82,262725,38226,1,3,4,0.469,226.13,1.455,Conservative
34,81860,4158.52,3505,2052,0,20,10,0.39,0.84,0.025,Aggressive
29,153332,10085.07,74444,137377,4,8,10,0.211,7.38,0.896,Balanced
71,216955,6789.73,131906,139479,2,6,5,0.624,19.43,0.643,Conservative
69,44741,1630.06,123938,785,1,5,6,0.563,76.03,0.018,Balanced
41,139720,6623.64,77139,122026,4,8,6,0.431,11.65,0.873,Balanced
46,57211,2271.56,58717,145344,2,8,7,0.524,25.85,2.54,Balanced
60,192614,8600.95,107748,10491,1,35,9,0.464,12.53,0.054,Aggressive
42,26869,2012.93,110757,77480,2,19,4,0.101,55.02,2.884,Balanced
53,244690,16393.78,25669,134181,3,10,9,0.196,1.57,0.548,Conservative
43,107616,7498.56,227602,143587,2,35,1,0.164,30.35,1.334,Conservative
55,215804,15562.71,109747,120741,3,9,9,0.135,7.05,0.559,Balanced
18,114515,5129.46,155024,72981,3,8,8,0.462,30.22,0.637,Aggressive
37,170494,7294.19,419970,33052,2,8,2,0.487,57.58,0.194,Balanced
72,186685,7447.71,201005,44541,3,8,7,0.521,26.99,0.239,Balanced
45,208088,13986.36,319754,129672,1,20,7,0.193,22.86,0.623,Balanced
33,80110,4831.66,57753,133485,3,7,2,0.276,11.95,1.666,Conservative
64,239601,9581.94,463900,149099,0,22,8,0.52,48.41,0.622,Balanced
34,228994,10635.75,75710,140391,1,17,6,0.443,7.12,0.613,Balanced
57,54033,2830.84,345346,71871,1,5,6,0.371,121.99,1.33,Balanced
45,65213,3480.62,92746,49795,1,34,5,0.36,26.65,0.764,Balanced
29,213065,14893.25,151542,121999,0,25,8,0.161,10.18,0.573,Aggressive
44,32938,1535.22,397510,64394,0,15,10,0.441,258.93,1.955,Aggressive
71,150842,10680.72,29684,92890,0,31,9,0.15,2.78,0.616,Conservative
70,227767,11250.78,222667,108541,0,19,5,0.407,19.79,0.477,Balanced
59,22274,1411.62,474596,102241,0,31,1,0.239,336.21,4.59,Conservative
64,104390,7495.55,373822,70343,4,12,6,0.138,49.87,0.674,Conservative
47,182887,12941.79,38865,146022,4,23,1,0.151,3.0,0.798,Conservative
58,227090,7216.24,31717,71872,0,23,5,0.619,4.4,0.316,Balanced
51,170033,6562.39,499070,137596,1,36,6,0.537,76.05,0.809,Balanced
54,40044,2043.24,5551,38490,3,11,3,0.388,2.72,0.961,Conservative
23,119372,5842.81,83162,50220,3,22,1,0.413,14.23,0.421,Balanced
24,173047,10130.32,463796,15265,4,30,2,0.298,45.78,0.088,Balanced
49,34706,2515.0,144447,93759,0,5,3,0.13,57.43,2.702,Conservative
49,157046,5389.59,332535,29830,2,37,3,0.588,61.7,0.19,Balanced
70,96464,4811.32,413708,79138,3,20,2,0.401,85.99,0.82,Conservative
42,41213,1565.5,118459,141589,3,10,6,0.544,75.67,3.436,Balanced
50,21950,1539.72,183234,139167,1,22,7,0.158,119.0,6.34,Balanced
72,236085,17323.11,258462,47385,3,30,5,0.119,14.92,0.201,Balanced
24,30411,1554.22,369233,50295,4,30,7,0.387,237.57,1.654,Balanced
69,148603,5042.67,247635,22277,0,22,3,0.593,49.11,0.15,Balanced
74,238303,15527.67,58975,89261,0,38,5,0.218,3.8,0.375,Balanced
29,197228,12054.37,293718,96714,3,38,3,0.267,24.37,0.49,Balanced
33,82744,3758.43,68552,101048,2,38,4,0.455,18.24,1.221,Balanced
33,168843,11791.91,23122,53822,4,7,6,0.162,1.96,0.319,Conservative
60,220882,16321.48,243031,1920,3,36,4,0.113,14.89,0.009,Balanced
70,55053,3013.32,377422,140948,4,14,4,0.343,125.25,2.56,Conservative
53,203148,11192.61,114207,137491,2,11,7,0.339,10.2,0.677,Balanced
30,158117,6767.83,198587,9160,4,7,6,0.486,29.34,0.058,Balanced
24,77623,4343.51,214446,31706,4,32,1,0.329,49.37,0.408,Balanced
53,49714,2451.74,93043,38698,4,18,8,0.408,37.95,0.778,Balanced
64,185458,7977.86,41482,22879,0,34,1,0.484,5.2,0.123,Balanced
68,129283,4168.86,190641,78570,2,2,9,0.613,45.73,0.608,Balanced
26,28562,1163.88,176650,3884,0,7,4,0.511,151.78,0.136,Aggressive
49,75048,2869.46,118493,99036,1,31,7,0.541,41.29,1.32,Balanced
28,113295,6119.09,444589,31803,3,18,5,0.352,72.66,0.281,Aggressive
25,32026,1817.26,326442,20236,0,20,10,0.319,179.63,0.632,Aggressive
50,126147,7197.89,190356,102003,4,7,3,0.315,26.45,0.809,Conservative
40,51589,2422.53,153408,70717,1,22,8,0.437,63.33,1.371,Aggressive
42,128199,6214.19,226354,122001,2,37,10,0.418,36.43,0.952,Aggressive
73,117274,7904.57,68583,18484,2,34,2,0.191,8.68,0.158,Conservative
25,46844,2388.76,103727,108388,0,39,10,0.388,43.42,2.314,Aggressive
62,174519,12991.13,290774,13280,4,16,3,0.107,22.38,0.076,Conservative
39,110415,5445.2,246448,2754,4,14,5,0.408,45.26,0.025,Aggressive
21,228574,13471.95,442691,50258,2,32,5,0.293,32.86,0.22,Aggressive
57,234340,7375.84,328639,43386,4,38,5,0.622,44.56,0.185,Balanced
20,74708,4416.1,330416,31365,3,39,7,0.291,74.82,0.42,Balanced
46,214997,14660.73,414546,81353,0,26,8,0.182,28.28,0.378,Aggressive
58,90825,6572.34,328760,1803,0,30,8,0.132,50.02,0.02,Aggressive
46,71574,5359.26,146011,124907,4,39,3,0.101,27.24,1.745,Conservative
51,105548,4443.56,136287,139344,2,9,8,0.495,30.67,1.32,Balanced
51,169884,9434.98,157679,121345,3,32,10,0.334,16.71,0.714,Balanced
45,206381,10282.85,223052,105210,3,7,2,0.402,21.69,0.51,Conservative
30,84230,4633.35,491016,27117,3,12,4,0.34,105.97,0.322,Balanced
32,192700,7011.05,43894,7204,1,23,2,0.563,6.26,0.037,Balanced
40,60581,4144.16,355747,62519,4,17,5,0.179,85.84,1.032,Balanced
61,197700,14008.08,301309,50386,3,21,3,0.15,21.51,0.255,Conservative
43,239700,11931.35,249162,16486,4,12,10,0.403,20.88,0.069,Aggressive
21,45105,1895.3,163997,145846,2,22,10,0.496,86.53,3.233,Aggressive
43,99830,3556.1,453590,103216,2,23,3,0.573,127.55,1.034,Balanced
57,89157,5394.52,435148,145445,2,5,5,0.274,80.66,1.631,Conservative
26,183514,7978.69,131253,3691,1,18,4,0.478,16.45,0.02,Aggressive
72,107235,7598.01,214350,44445,2,37,6,0.15,28.21,0.414,Balanced
22,22347,1339.06,437665,101368,4,37,5,0.281,326.84,4.536,Balanced
73,246094,14460.63,347004,54564,0,7,10,0.295,24.0,0.222,Balanced
49,67650,3707.62,471150,87071,0,3,5,0.342,127.08,1.287,Conservative
37,168182,5258.17,231588,137098,4,1,3,0.625,44.04,0.815,Conservative
67,213242,15327.79,499375,14073,0,6,4,0.137,32.58,0.066,Balanced
28,155995,9039.46,371533,138256,3,7,3,0.305,41.1,0.886,Conservative
32,202873,15160.26,214867,1789,0,27,3,0.103,14.17,0.009,Balanced
49,213843,11503.79,351248,30353,1,31,10,0.354,30.53,0.142,Aggressive
45,144926,8943.88,397385,26340,2,8,9,0.259,44.43,0.182,Balanced
39,101147,3210.7,80418,47343,0,14,10,0.619,25.05,0.468,Aggressive
58,68135,3960.09,409152,144758,0,15,6,0.303,103.32,2.125,Balanced
34,39199,2517.09,215882,125877,1,7,10,0.229,85.77,3.211,Balanced
43,160138,10384.72,167602,33027,1,7,2,0.222,16.14,0.206,Balanced
61,121583,7837.66,5138,149374,0,33,1,0.226,0.66,1.229,Conservative
24,203208,8034.43,199974,121192,3,7,3,0.526,24.89,0.596,Balanced
59,112290,8295.14,57500,90095,0,20,3,0.114,6.93,0.802,Conservative
74,187647,14032.09,9751,130563,3,7,4,0.103,0.69,0.696,Conservative
43,240868,7859.88,402664,113570,2,14,4,0.608,51.23,0.472,Aggressive
42,140787,10148.93,315291,26362,4,15,5,0.135,31.07,0.187,Balanced
27,197805,8393.48,351058,7252,2,18,4,0.491,41.83,0.037,Aggressive
62,134427,8167.63,459439,121918,0,10,2,0.271,56.25,0.907,Conservative
36,168063,7506.27,491522,15090,0,35,1,0.464,65.48,0.09,Balanced
28,173625,12765.27,240449,35110,3,27,10,0.118,18.84,0.202,Aggressive
30,240782,8142.99,480214,73627,1,1,7,0.594,58.97,0.306,Balanced
70,107493,5587.49,227019,52385,3,28,9,0.376,40.63,0.487,Aggressive
25,151706,7401.06,259729,5024,1,34,9,0.415,35.09,0.033,Aggressive
57,246489,10872.48,319889,11441,1,3,1,0.471,29.42,0.046,Conservative
21,32771,1925.42,412814,67825,1,3,9,0.295,214.4,2.07,Balanced
64,145607,5121.49,401124,116053,1,11,1,0.578,78.32,0.797,Conservative
48,169370,10503.26,475931,76890,0,4,1,0.256,45.31,0.454,Conservative
45,99876,7401.86,331713,142363,4,30,2,0.111,44.81,1.425,Conservative
28,249964,16508.19,70176,127434,4,39,10,0.207,4.25,0.51,Aggressive
60,187071,12830.1,326626,116096,2,32,6,0.177,25.46,0.621,Conservative
18,222959,10178.08,364990,9702,2,16,9,0.452,35.86,0.044,Aggressive
66,79648,3509.08,354798,98523,2,17,5,0.471,101.11,1.237,Balanced
64,213740,11299.3,348834,104711,3,11,9,0.366,30.87,0.49,Balanced
69,220446,6891.69,52703,111895,2,36,9,0.625,7.65,0.508,Aggressive
55,218581,15846.16,55117,27762,2,32,8,0.13,3.48,0.127,Aggressive
41,95783,3424.9,358955,134311,2,35,7,0.571,104.81,1.402,Balanced
71,64440,4546.55,368681,12567,0,27,3,0.153,81.09,0.195,Conservative
74,51655,1704.49,80712,85737,2,34,10,0.604,47.35,1.66,Balanced
64,63039,4215.44,256252,6857,4,5,3,0.198,60.79,0.109,Conservative
48,75255,2719.08,268649,65603,0,25,4,0.566,98.8,0.872,Balanced
58,92219,2850.89,202978,75399,1,28,9,0.629,71.2,0.818,Aggressive
63,206061,12805.3,463156,58086,3,18,3,0.254,36.17,0.282,Conservative
67,31244,1312.63,179807,89145,0,3,8,0.496,136.98,2.853,Balanced
43,114594,7095.02,274617,32270,0,28,8,0.257,38.71,0.282,Aggressive
66,78595,4291.92,309620,120071,4,2,6,0.345,72.14,1.528,Conservative
67,190623,6510.48,461513,2012,2,34,2,0.59,70.89,0.011,Balanced
22,214302,15406.02,452582,59049,1,22,6,0.137,29.38,0.276,Aggressive
37,123898,6182.23,18304,84989,4,22,4,0.401,2.96,0.686,Conservative
69,48371,3039.09,89113,89586,4,30,7,0.246,29.32,1.852,Conservative
58,220430,11491.04,455652,39080,0,34,1,0.374,39.65,0.177,Balanced
28,179950,10233.14,309920,56879,1,1,3,0.318,30.29,0.316,Balanced
73,187229,8059.05,25180,65888,4,29,8,0.483,3.12,0.352,Balanced
71,25914,993.8,323611,115951,3,19,1,0.54,325.63,4.474,Conservative
50,234772,12685.78,17362,149282,3,19,10,0.352,1.37,0.636,Conservative
67,47180,2328.02,87938,37146,4,29,3,0.408,37.77,0.787,Conservative
55,154760,7280.97,236453,116293,0,33,3,0.435,32.48,0.751,Conservative
44,100219,6012.4,171125,93948,3,17,8,0.28,28.46,0.937,Balanced
51,98616,5997.32,402600,36166,0,38,1,0.27,67.13,0.367,Conservative
32,247561,7741.56,200146,119239,2,1,10,0.625,25.85,0.482,Aggressive
49,160988,7194.95,60813,134078,2,33,5,0.464,8.45,0.833,Balanced
38,207435,9965.01,164533,132076,0,36,7,0.424,16.51,0.637,Balanced
63,115213,3872.03,294206,137039,4,22,4,0.597,75.98,1.189,Balanced
22,178432,7133.5,157637,18879,2,18,10,0.52,22.1,0.106,Aggressive
23,57805,1822.8,163656,2261,2,17,3,0.622,89.78,0.039,Balanced
55,164525,12311.04,377390,32323,3,32,10,0.102,30.65,0.196,Aggressive
39,146599,9224.82,313682,35864,4,20,6,0.245,34.0,0.245,Balanced
35,173775,5764.95,471053,7927,0,23,5,0.602,81.71,0.046,Aggressive
31,210093,6322.7,414673,82256,2,28,2,0.639,65.58,0.392,Balanced
27,94176,5851.53,251482,84903,4,26,6,0.254,42.98,0.902,Balanced
63,114799,5659.17,68616,121686,2,7,3,0.408,12.12,1.06,Conservative
30,118385,7722.04,92580,54150,3,20,9,0.217,11.99,0.457,Aggressive
48,232686,16635.34,62778,107167,4,11,3,0.142,3.77,0.461,Conservative
47,108919,6168.58,111049,13056,1,7,9,0.32,18.0,0.12,Aggressive
20,232144,8761.69,426170,141934,3,38,6,0.547,48.64,0.611,Balanced
47,158482,10304.06,112437,10798,0,27,8,0.22,10.91,0.068,Aggressive
23,101462,7404.16,316440,106491,4,9,9,0.124,42.74,1.05,Balanced
46,199340,11115.32,142849,51747,2,4,8,0.331,12.85,0.26,Balanced
25,185320,11197.94,237499,35738,4,38,2,0.275,21.21,0.193,Balanced
61,51159,2283.44,361168,17227,0,29,3,0.464,158.17,0.337,Balanced
62,62039,2894.33,66911,83800,4,26,8,0.44,23.12,1.351,Balanced
60,67800,4260.44,208762,126531,2,25,5,0.246,49.0,1.866,Conservative
61,60761,4355.93,191641,59461,3,14,10,0.14,44.0,0.979,Balanced
50,114626,6647.77,67232,57848,3,37,4,0.304,10.11,0.505,Balanced
34,237175,15503.66,183433,24685,2,28,6,0.216,11.83,0.104,Aggressive
65,138368,5124.22,261700,91517,1,8,6,0.556,51.07,0.661,Conservative
28,194735,7571.58,443203,119180,1,11,7,0.533,58.54,0.612,Balanced
30,100903,5403.52,434900,3480,3,35,5,0.357,80.48,0.034,Aggressive
67,191484,7134.45,286042,15860,0,31,1,0.553,40.09,0.083,Balanced
28,138998,8099.5,80406,68578,4,34,8,0.301,9.93,0.493,Aggressive
48,186439,7930.02,29017,57230,2,36,1,0.49,3.66,0.307,Balanced
45,156885,10267.38,357039,57026,0,17,4,0.215,34.77,0.363,Balanced
61,79894,5289.39,198355,6564,4,21,3,0.206,37.5,0.082,Conservative
23,71444,3602.46,287208,20012,3,26,3,0.395,79.73,0.28,Balanced
58,185341,6941.73,388214,54169,2,28,6,0.551,55.92,0.292,Aggressive
33,81748,4807.64,250217,26341,0,22,8,0.294,52.05,0.322,Aggressive
21,61190,4569.02,374198,46841,4,3,5,0.104,81.9,0.766,Conservative
52,60318,3480.47,7611,92584,3,28,6,0.308,2.19,1.535,Conservative
65,188090,5794.36,414689,43335,3,36,6,0.63,71.57,0.23,Balanced
73,144078,4316.48,100690,55155,4,2,1,0.64,23.33,0.383,Conservative
43,59759,2620.43,131882,98314,1,20,7,0.474,50.33,1.645,Balanced
74,36498,1392.04,470012,29527,1,36,1,0.542,337.64,0.809,Conservative
29,45989,3055.12,149560,95466,4,8,7,0.203,48.95,2.076,Balanced
28,176640,11991.55,153615,50653,4,39,8,0.185,12.81,0.287,Aggressive
54,137035,5621.18,446850,101907,4,25,4,0.508,79.49,0.744,Balanced
42,86577,3817.36,353124,33057,3,15,8,0.471,92.5,0.382,Aggressive
35,125231,5008.57,102350,103992,2,30,6,0.52,20.43,0.83,Balanced
36,181171,12827.06,449042,7393,3,34,6,0.15,35.01,0.041,Balanced
40,109900,5737.3,393518,75404,3,4,9,0.374,68.59,0.686,Balanced
72,191711,11356.89,235227,91956,1,22,6,0.289,20.71,0.48,Balanced
55,124679,6010.72,90437,84613,4,25,5,0.421,15.05,0.679,Balanced
71,43482,2525.79,148953,59171,3,9,10,0.303,58.97,1.361,Balanced
35,89212,4179.73,295908,29336,3,23,10,0.438,70.8,0.329,Aggressive
43,206333,9230.36,153641,144057,4,39,6,0.463,16.65,0.698,Balanced
23,238389,13885.44,174536,12014,2,12,8,0.301,12.57,0.05,Aggressive
21,50048,2815.55,198306,139446,1,14,9,0.325,70.43,2.786,Aggressive
61,154137,6569.32,109341,91513,0,7,10,0.489,16.64,0.594,Balanced
68,153108,5513.7,268554,136656,3,31,10,0.568,48.71,0.893,Balanced
46,55814,2570.78,71520,144037,2,6,8,0.447,27.82,2.581,Balanced
51,210766,10158.2,439881,84769,0,23,8,0.422,43.3,0.402,Aggressive
34,167996,9740.64,197684,126092,4,19,7,0.304,20.29,0.751,Balanced
60,149493,10626.35,249420,28782,0,21,1,0.147,23.47,0.193,Conservative
60,80204,2472.3,295465,110463,4,19,4,0.63,119.51,1.377,Conservative
70,52844,2131.43,376937,85847,2,19,4,0.516,176.85,1.625,Balanced
33,101943,3878.45,438108,88434,0,34,3,0.543,112.96,0.867,Balanced
19,41518,2166.76,442319,60773,1,13,4,0.374,204.14,1.464,Balanced
51,168131,8215.1,131565,14110,2,36,2,0.414,16.02,0.084,Balanced
72,43052,2694.23,295640,88512,0,25,3,0.249,109.73,2.056,Conservative
25,89803,3617.03,353534,5825,3,33,3,0.517,97.74,0.065,Balanced
30,91524,5163.28,96265,134560,0,21,10,0.323,18.64,1.47,Aggressive
59,244582,17041.69,262569,67431,0,34,1,0.164,15.41,0.276,Balanced
25,109572,7769.32,209130,68444,1,25,7,0.149,26.92,0.625,Balanced
47,159752,11679.62,198092,66947,2,18,4,0.123,16.96,0.419,Balanced
49,87021,5622.24,471912,136529,3,11,8,0.225,83.94,1.569,Balanced
53,231321,16352.34,25544,38216,2,19,9,0.152,1.56,0.165,Balanced
64,40043,1598.36,478103,93230,2,34,2,0.521,299.12,2.328,Conservative
47,22419,856.91,305453,8847,3,2,2,0.541,356.46,0.395,Conservative
18,207964,6127.46,164871,14658,3,30,2,0.646,26.91,0.07,Balanced
60,141831,8731.64,341891,126878,1,38,8,0.261,39.16,0.895,Balanced
56,121799,8785.84,208335,148599,4,15,2,0.134,23.71,1.22,Conservative
34,168212,6347.4,194219,29676,1,11,6,0.547,30.6,0.176,Aggressive
37,194556,11354.27,205136,147853,3,24,5,0.3,18.07,0.76,Balanced
41,214941,13622.83,345125,645,0,4,10,0.239,25.33,0.003,Balanced
67,196282,14069.95,295501,97476,0,19,9,0.14,21.0,0.497,Balanced
39,77600,4564.0,39003,78236,2,29,2,0.294,8.55,1.008,Conservative
46,136467,10049.22,196789,18618,2,14,1,0.116,19.58,0.136,Conservative
39,98497,4428.84,157554,61859,4,17,2,0.46,35.57,0.628,Conservative
61,128611,5813.87,258916,58827,4,8,10,0.458,44.53,0.457,Balanced
26,157559,8516.81,364093,97389,4,13,5,0.351,42.75,0.618,Balanced
54,80692,3771.85,460544,125114,4,23,8,0.439,122.1,1.551,Balanced
27,82112,2400.3,315906,96726,0,29,8,0.649,131.61,1.178,Aggressive
53,182182,11423.94,417596,128077,3,11,2,0.248,36.55,0.703,Conservative
54,36360,2313.24,360718,133034,4,16,5,0.237,155.94,3.659,Conservative
45,200482,12711.16,270203,128373,1,23,2,0.239,21.26,0.64,Conservative
45,241490,10862.25,37049,126076,4,12,7,0.46,3.41,0.522,Balanced
59,103038,5471.83,119255,62397,0,38,10,0.363,21.79,0.606,Aggressive
60,224239,10239.98,380837,69951,2,24,8,0.452,37.19,0.312,Aggressive
38,23017,688.25,297803,55770,1,31,5,0.641,432.7,2.423,Balanced
41,106261,5838.57,181942,31545,4,38,1,0.341,31.16,0.297,Balanced
59,211196,7357.86,59789,8705,0,36,7,0.582,8.13,0.041,Aggressive
57,241370,7925.44,218647,10704,2,1,3,0.606,27.59,0.044,Conservative
19,202021,12887.67,79240,28671,4,26,2,0.234,6.15,0.142,Balanced
72,209340,6196.96,264896,21203,0,17,6,0.645,42.75,0.101,Balanced
25,86320,6311.82,233767,81927,0,36,2,0.123,37.04,0.949,Balanced
65,244628,12912.09,141438,120503,3,17,10,0.367,10.95,0.493,Balanced
44,232373,17247.09,378107,92115,0,37,8,0.109,21.92,0.396,Aggressive
39,51127,1627.11,259628,12451,4,27,3,0.618,159.56,0.244,Balanced
54,154268,8625.4,169569,111372,0,25,2,0.329,19.66,0.722,Conservative
44,95088,4295.84,128161,120102,1,30,8,0.458,29.83,1.263,Aggressive
74,192372,13047.88,258019,96613,0,25,6,0.186,19.77,0.502,Balanced
46,200786,9180.48,126145,75856,0,38,4,0.451,13.74,0.378,Balanced
20,51921,2134.25,484052,58642,1,32,5,0.507,226.8,1.129,Aggressive
61,24746,1694.39,8053,87656,4,12,10,0.178,4.75,3.542,Conservative
30,88535,4102.56,164403,34612,2,21,7,0.444,40.07,0.391,Aggressive
62,85350,2555.22,67823,118299,3,34,4,0.641,26.54,1.386,Balanced
27,201417,9477.66,253351,129848,2,1,7,0.435,26.73,0.645,Balanced
53,200292,11850.4,382388,87606,4,13,6,0.29,32.27,0.437,Balanced
26,101131,4128.65,45310,98983,4,21,5,0.51,10.97,0.979,Balanced
71,42063,2059.66,369017,7190,1,1,3,0.412,179.16,0.171,Conservative
73,137116,4355.64,59219,142633,2,13,1,0.619,13.6,1.04,Conservative
72,222808,12504.19,405442,29617,0,31,8,0.327,32.42,0.133,Aggressive
44,108913,6951.94,463167,144643,1,23,7,0.234,66.62,1.328,Balanced
51,98946,4760.31,441139,109319,1,3,6,0.423,92.67,1.105,Conservative
68,197043,9542.27,242520,96931,3,11,4,0.419,25.42,0.492,Balanced
18,154670,5137.05,393808,9,1,29,5,0.601,76.66,0.0,Aggressive
49,30564,1174.34,208042,114291,2,18,5,0.539,177.16,3.739,Balanced
42,247506,8973.57,292639,80739,4,25,2,0.565,32.61,0.326,Balanced
46,69725,3572.99,229577,53368,3,34,6,0.385,64.25,0.765,Balanced
24,106134,5670.13,194529,75914,0,18,5,0.359,34.31,0.715,Balanced
66,125940,9150.77,133249,48847,2,1,1,0.128,14.56,0.388,Conservative
20,211012,6862.77,356422,75755,0,28,9,0.61,51.94,0.359,Aggressive
37,82085,4650.99,284536,95491,1,4,7,0.32,61.18,1.163,Balanced
37,37862,2017.96,415830,98347,2,21,2,0.36,206.06,2.598,Balanced
70,30265,1598.82,430348,40094,3,6,6,0.366,269.17,1.325,Conservative
47,160777,11123.59,27557,127791,3,21,1,0.17,2.48,0.795,Conservative
52,206351,7962.5,194137,126489,0,37,2,0.537,24.38,0.613,Conservative
52,82471,2559.52,251196,141158,4,30,7,0.628,98.14,1.712,Balanced
66,111080,6662.48,116589,93893,3,20,3,0.28,17.5,0.845,Conservative
56,230906,10387.63,373096,40544,0,32,7,0.46,35.92,0.176,Aggressive
44,214051,6415.72,61253,92398,4,31,6,0.64,9.55,0.432,Aggressive
43,75828,3085.29,175603,47660,2,36,5,0.512,56.92,0.629,Balanced
31,249278,10804.74,443765,73736,3,25,10,0.48,41.07,0.296,Aggressive
34,136884,7862.4,322919,71168,3,5,9,0.311,41.07,0.52,Aggressive
35,128007,4746.1,179453,34630,0,8,10,0.555,37.81,0.271,Aggressive
62,66104,3179.49,496607,4711,3,17,5,0.423,156.19,0.071,Balanced
69,60934,3124.7,184437,2457,0,15,5,0.385,59.03,0.04,Balanced
46,134420,6749.91,118319,76732,3,20,8,0.397,17.53,0.571,Aggressive
37,26050,1922.64,228640,78375,0,29,7,0.114,118.92,3.009,Balanced
70,195024,6094.94,182256,39467,3,36,1,0.625,29.9,0.202,Balanced
44,237642,17289.1,449403,144239,2,28,10,0.127,25.99,0.607,Aggressive
35,28484,1590.51,76205,7157,2,8,2,0.33,47.91,0.251,Balanced
21,82648,5424.81,56938,110357,0,14,4,0.212,10.5,1.335,Balanced
18,79945,3908.75,362746,2714,2,33,9,0.413,92.8,0.034,Aggressive
67,204750,10230.86,57814,27217,0,34,7,0.4,5.65,0.133,Balanced
18,51323,3565.36,444219,40132,0,29,2,0.166,124.59,0.782,Balanced
43,106332,7467.73,293384,96653,1,22,8,0.157,39.29,0.909,Aggressive
62,114605,4596.41,439892,80792,2,3,1,0.519,95.7,0.705,Conservative
37,238435,9131.72,403746,56371,1,23,8,0.54,44.21,0.236,Aggressive
69,186433,9677.88,207860,56788,1,3,5,0.377,21.48,0.305,Conservative
40,30315,2135.07,400767,9583,3,6,1,0.155,187.71,0.316,Conservative
27,67968,2986.6,56510,42042,0,23,3,0.473,18.92,0.619,Balanced
28,177591,10486.87,126371,90405,4,12,7,0.291,12.05,0.509,Balanced
58,29107,1793.68,108659,77807,1,5,7,0.261,60.58,2.673,Conservative
58,75781,4914.85,273233,68371,3,5,8,0.222,55.59,0.902,Balanced
22,23869,1313.11,274039,139085,2,3,4,0.34,208.69,5.827,Balanced
18,100983,4808.06,144405,78775,4,4,6,0.429,30.03,0.78,Balanced
34,178442,13113.39,328778,36973,0,24,7,0.118,25.07,0.207,Aggressive
39,213767,12224.48,211475,67690,3,5,8,0.314,17.3,0.317,Aggressive
51,211494,13230.9,150000,69459,4,31,3,0.249,11.34,0.328,Conservative
73,27971,1258.09,410358,31558,0,35,5,0.46,326.18,1.128,Balanced
62,116805,6993.43,86991,108350,0,19,8,0.282,12.44,0.928,Balanced
58,45651,1870.89,434487,40030,4,8,6,0.508,232.24,0.877,Conservative
46,76974,3109.77,122156,36636,3,28,1,0.515,39.28,0.476,Balanced
21,43446,2690.38,403813,109528,4,38,2,0.257,150.09,2.521,Conservative
22,189180,10038.63,257471,63566,1,23,3,0.363,25.65,0.336,Balanced
28,226251,13684.45,472459,51159,0,7,7,0.274,34.53,0.226,Balanced
73,23823,989.03,350740,56025,2,38,10,0.502,354.63,2.352,Balanced
68,164526,9313.51,286070,109463,4,13,3,0.321,30.72,0.665,Conservative
38,155004,7674.81,385911,12434,4,21,9,0.406,50.28,0.08,Aggressive
52,161292,9117.41,256313,46096,0,37,9,0.322,28.11,0.286,Aggressive
29,225162,9569.08,110628,47471,0,6,8,0.49,11.56,0.211,Aggressive
43,87965,5450.15,197905,56004,4,10,9,0.257,36.31,0.637,Balanced
68,179280,11851.32,306107,10487,2,27,8,0.207,25.83,0.058,Aggressive
36,224052,9203.95,333893,75925,0,26,9,0.507,36.28,0.339,Aggressive
62,30510,1310.26,40579,96925,0,28,4,0.485,30.97,3.177,Balanced
24,195117,11603.52,151976,113500,1,16,4,0.286,13.1,0.582,Balanced
64,161609,9865.85,125305,9610,3,28,5,0.267,12.7,0.059,Balanced
72,223755,13747.04,334091,53551,1,3,7,0.263,24.3,0.239,Conservative
24,125935,7613.65,135526,13869,2,1,9,0.275,17.8,0.11,Aggressive
43,89134,4204.48,370767,88466,3,3,4,0.434,88.18,0.993,Conservative
57,92254,4360.3,391891,22979,4,30,7,0.433,89.88,0.249,Balanced
22,164854,6733.59,463564,11492,2,19,6,0.51,68.84,0.07,Aggressive
38,134780,4899.91,96911,115381,2,33,9,0.564,19.78,0.856,Aggressive
31,145544,8865.06,238856,60920,1,8,9,0.269,26.94,0.419,Aggressive
21,85587,2861.84,251899,112784,3,19,9,0.599,88.02,1.318,Aggressive
40,102238,7376.35,317975,94257,2,36,5,0.134,43.11,0.922,Balanced
59,95720,6418.64,449647,23409,3,37,3,0.195,70.05,0.245,Conservative
37,98004,6710.24,18940,116443,4,5,6,0.178,2.82,1.188,Conservative
32,42072,2975.43,58907,60428,3,34,2,0.151,19.8,1.436,Conservative
67,101015,4838.05,212936,26455,1,38,7,0.425,44.01,0.262,Balanced
69,245075,16658.67,293542,131919,1,27,7,0.184,17.62,0.538,Balanced
62,240010,8739.04,178292,76699,2,39,2,0.563,20.4,0.32,Balanced
46,92746,2797.09,236978,53213,3,24,6,0.638,84.72,0.574,Balanced
25,196774,12818.03,383976,115883,1,31,4,0.218,29.96,0.589,Aggressive
58,122260,3985.05,45928,140776,0,22,7,0.609,11.53,1.151,Balanced
65,157129,11702.03,278071,31849,1,23,8,0.106,23.76,0.203,Aggressive
36,148259,8909.6,488893,71868,4,24,10,0.279,54.87,0.485,Aggressive
65,50916,3243.34,153741,122842,0,32,1,0.236,47.4,2.413,Conservative
56,47268,1911.17,362395,136720,3,33,5,0.515,189.62,2.892,Balanced
63,195050,11713.17,45919,31793,2,28,9,0.279,3.92,0.163,Balanced
45,43259,1347.41,444781,85240,0,17,2,0.626,330.1,1.97,Conservative
63,204655,13827.93,244988,84377,1,26,4,0.189,17.72,0.412,Balanced
74,99400,3671.95,199059,3450,2,18,8,0.557,54.21,0.035,Aggressive
44,54293,3318.87,350134,8418,2,15,5,0.266,105.5,0.155,Balanced
21,131581,5191.58,342007,34575,2,38,8,0.527,65.88,0.263,Aggressive
32,27043,873.6,337145,130576,2,22,10,0.612,385.93,4.828,Aggressive
52,201502,10323.98,99132,97260,3,18,10,0.385,9.6,0.483,Aggressive
54,127009,4689.89,271629,114009,3,21,1,0.557,57.92,0.898,Conservative
18,58893,3686.67,164213,33186,3,19,7,0.249,44.54,0.563,Balanced
20,191714,7679.12,154469,26451,1,2,6,0.519,20.12,0.138,Balanced
64,229137,10279.85,177224,3155,3,30,2,0.462,17.24,0.014,Balanced
41,181940,10038.41,137545,140182,2,25,7,0.338,13.7,0.77,Balanced
44,46309,1955.52,477046,29448,0,26,3,0.493,243.95,0.636,Balanced
57,43284,2012.32,466966,126934,0,39,4,0.442,232.05,2.933,Balanced
53,146801,9769.51,329317,128529,0,17,6,0.201,33.71,0.876,Conservative
51,133259,4981.28,448025,129244,0,16,3,0.551,89.94,0.97,Conservative
46,120804,3978.59,103276,45231,0,27,1,0.605,25.96,0.374,Balanced
41,89000,3935.26,57218,35399,4,3,10,0.469,14.54,0.398,Balanced
41,104179,5064.9,102078,72404,0,38,1,0.417,20.15,0.695,Balanced
59,213179,11519.88,69309,48698,0,29,6,0.352,6.02,0.228,Aggressive
21,85049,3932.33,285271,45379,0,2,4,0.445,72.54,0.534,Balanced
20,49265,3220.5,53121,97275,1,14,7,0.216,16.49,1.975,Balanced
51,232562,7202.17,360373,134884,4,12,9,0.628,50.04,0.58,Aggressive
74,43880,2148.19,186656,148342,0,24,8,0.413,86.89,3.381,Balanced
66,104579,4882.45,15651,23978,3,28,3,0.44,3.21,0.229,Conservative
40,151327,8905.19,76191,11531,1,39,7,0.294,8.56,0.076,Aggressive
70,152574,11207.22,420457,28783,4,18,1,0.119,37.52,0.189,Conservative
73,221264,11629.39,351128,13236,3,25,2,0.369,30.19,0.06,Balanced
69,85424,6355.42,431846,117485,3,37,9,0.107,67.95,1.375,Balanced
40,226910,9761.61,70672,69683,1,6,10,0.484,7.24,0.307,Aggressive
62,90966,2781.87,235222,149587,3,30,8,0.633,84.56,1.644,Balanced
22,192438,7073.94,454632,93806,2,31,7,0.559,64.27,0.487,Aggressive
48,178497,8438.72,190791,133831,1,34,10,0.433,22.61,0.75,Aggressive
70,203400,8881.52,247496,13332,1,19,2,0.476,27.87,0.066,Balanced
58,87396,2937.81,97685,53902,2,28,2,0.597,33.25,0.617,Conservative
74,91694,4492.72,109742,9198,1,8,7,0.412,24.43,0.1,Balanced
74,156878,7006.74,496228,103307,3,11,7,0.464,70.82,0.659,Conservative
71,237346,8256.49,37736,146804,3,16,6,0.583,4.57,0.619,Conservative
23,37106,1585.86,199454,106209,3,26,10,0.487,125.77,2.862,Aggressive
54,76731,5355.44,407700,86023,2,1,5,0.162,76.13,1.121,Conservative
74,95010,4086.43,263686,132853,3,31,6,0.484,64.53,1.398,Balanced
27,233605,14457.73,406779,78948,2,27,9,0.257,28.14,0.338,Aggressive
57,52599,3009.65,185490,50141,2,9,4,0.313,61.63,0.953,Balanced
24,91326,4451.76,152062,109660,2,26,10,0.415,34.16,1.201,Aggressive
56,95706,3839.92,434683,31485,1,6,1,0.519,113.2,0.329,Conservative
55,29004,1336.5,450188,54351,4,7,9,0.447,336.84,1.874,Balanced
38,135018,7602.18,258148,26654,2,13,8,0.324,33.96,0.197,Aggressive
37,202436,9158.78,364679,51529,3,10,2,0.457,39.82,0.255,Balanced
20,45792,1786.62,370713,104349,2,31,4,0.532,207.49,2.279,Aggressive
68,246824,8516.55,335482,16665,0,37,3,0.586,39.39,0.068,Balanced
39,215984,15008.58,415592,62475,1,18,3,0.166,27.69,0.289,Balanced
64,74645,3683.56,115648,47802,3,11,6,0.408,31.4,0.64,Conservative
21,27232,1574.61,213402,77892,1,10,7,0.306,135.53,2.86,Balanced
45,229282,11841.0,323294,36362,1,28,8,0.38,27.3,0.159,Aggressive
29,74766,5170.76,133874,39338,0,21,7,0.17,25.89,0.526,Aggressive
55,140601,7625.43,412733,93004,2,25,9,0.349,54.13,0.661,Aggressive
68,101588,5201.56,42811,96464,3,6,2,0.386,8.23,0.95,Conservative
53,199614,14281.23,394077,2120,4,11,10,0.141,27.59,0.011,Balanced
64,25913,1610.56,300905,110289,1,33,4,0.254,186.83,4.256,Conservative
58,132406,4538.79,122334,785,4,5,2,0.589,26.95,0.006,Conservative
22,133693,4988.28,17671,56925,4,34,3,0.552,3.54,0.426,Balanced
30,113449,7401.77,303870,66473,2,32,10,0.217,41.05,0.586,Aggressive
40,30567,2062.55,291971,108185,4,24,1,0.19,141.56,3.539,Conservative
67,58379,3161.49,333272,29969,3,13,8,0.35,105.42,0.513,Balanced
47,226040,12337.08,82973,65236,2,6,5,0.345,6.73,0.289,Balanced
54,20319,1181.15,64723,101416,4,34,5,0.302,54.8,4.991,Balanced
42,110005,5422.46,237901,16297,2,25,8,0.408,43.87,0.148,Aggressive
65,130990,7904.26,210925,105741,3,23,9,0.276,26.68,0.807,Balanced
44,243098,8299.06,75815,140601,1,13,9,0.59,9.14,0.578,Aggressive
68,237192,17368.46,463768,30089,0,28,10,0.121,26.7,0.127,Aggressive
31,24791,1575.44,105255,6171,2,13,9,0.237,66.81,0.249,Aggressive
74,248344,14427.66,326268,17874,0,7,2,0.303,22.61,0.072,Conservative
65,151401,6610.89,358294,59024,1,17,7,0.476,54.2,0.39,Balanced
64,225459,8239.13,408246,21153,3,9,7,0.561,49.55,0.094,Balanced
71,81032,3883.72,403026,104693,1,14,4,0.425,103.77,1.292,Balanced
53,195150,11609.27,34781,57753,0,30,5,0.286,3.0,0.296,Balanced
56,108662,6325.4,321914,137713,3,38,6,0.301,50.89,1.267,Balanced
33,41300,1928.89,351989,89075,4,30,7,0.44,182.48,2.157,Balanced
73,95700,5481.28,177676,4677,4,33,2,0.313,32.42,0.049,Balanced
39,202017,13426.75,22235,5139,2,25,10,0.202,1.66,0.025,Balanced
38,75609,2296.35,372543,57766,4,31,2,0.636,162.23,0.764,Balanced
71,211634,10543.63,466001,86049,0,23,2,0.402,44.2,0.407,Balanced
38,110045,7035.59,93673,76693,4,27,5,0.233,13.31,0.697,Balanced
25,81901,4438.89,138577,57414,2,33,6,0.35,31.22,0.701,Aggressive
66,25703,1517.14,320208,143904,3,20,6,0.292,211.06,5.599,Conservative
33,243717,12879.88,314140,129807,4,28,3,0.366,24.39,0.533,Balanced
72,83115,6202.67,292542,73741,2,8,4,0.104,47.16,0.887,Conservative
48,239162,7574.3,482790,136497,4,22,7,0.62,63.74,0.571,Balanced
59,47676,2463.56,379303,3900,4,35,7,0.38,153.97,0.082,Balanced
27,212782,7097.68,103242,77347,0,31,6,0.6,14.55,0.364,Aggressive
49,211149,7704.86,111684,126004,2,24,1,0.562,14.5,0.597,Balanced
51,141332,6603.4,415424,124463,2,15,10,0.439,62.91,0.881,Balanced
26,240412,8725.89,307668,29134,1,31,6,0.564,35.26,0.121,Aggressive
34,196512,14411.34,240052,2817,1,5,1,0.12,16.66,0.014,Balanced
28,187995,13641.14,484719,70486,2,22,5,0.129,35.53,0.375,Aggressive
49,49802,2219.76,246235,138763,0,17,6,0.465,110.93,2.786,Balanced
27,110331,6453.09,145984,65978,4,28,7,0.298,22.62,0.598,Balanced
39,213976,11475.61,448537,57154,3,3,8,0.356,39.09,0.267,Aggressive
74,211234,14057.14,292022,92195,4,19,9,0.201,20.77,0.436,Balanced
34,144786,8386.67,375235,48788,3,38,6,0.305,44.74,0.337,Aggressive
21,85169,2485.08,120349,93039,0,27,7,0.65,48.43,1.092,Aggressive
65,88147,5654.23,94138,9413,1,17,4,0.23,16.65,0.107,Balanced
69,42075,2667.44,341224,114113,2,32,10,0.239,127.92,2.712,Balanced
64,102015,5358.74,255670,43400,0,37,7,0.37,47.71,0.425,Balanced
42,225788,15929.45,162881,29899,3,21,10,0.153,10.23,0.132,Aggressive
38,29304,2074.83,477491,112683,2,37,1,0.15,230.13,3.845,Conservative
54,149851,7968.97,134007,45463,3,11,3,0.362,16.82,0.303,Conservative
55,140729,8026.17,109970,894,4,1,1,0.316,13.7,0.006,Conservative
66,79622,5958.96,482416,110398,4,30,8,0.102,80.96,1.387,Balanced
18,74215,3181.05,260736,129611,4,26,3,0.486,81.97,1.746,Balanced
42,231218,10183.99,232974,88777,2,36,7,0.471,22.88,0.384,Aggressive
68,93973,3528.1,134958,46442,1,26,2,0.549,38.25,0.494,Balanced
53,128654,9035.01,202548,119681,1,27,5,0.157,22.42,0.93,Balanced
34,163593,10353.65,46003,43520,3,26,3,0.241,4.44,0.266,Balanced
58,44028,1497.33,108812,103137,1,18,10,0.592,72.67,2.343,Balanced
41,59328,4400.02,465688,29899,1,33,3,0.11,105.84,0.504,Balanced
19,47301,2964.31,116965,78107,3,36,5,0.248,39.46,1.651,Balanced
57,58015,3953.66,73439,131443,3,37,8,0.182,18.57,2.266,Balanced
32,238348,7477.83,482494,30193,3,34,2,0.624,64.52,0.127,Balanced
49,56845,2973.6,175036,105302,2,26,4,0.372,58.86,1.852,Balanced
56,106818,6535.74,331119,14464,3,22,4,0.266,50.66,0.135,Balanced
23,96394,5210.26,83258,83323,2,24,5,0.351,15.98,0.864,Aggressive
18,195231,11659.46,158849,49025,2,12,6,0.283,13.62,0.251,Aggressive
64,63714,4246.7,383057,94187,2,11,9,0.2,90.2,1.478,Balanced
40,100722,4665.82,349323,111710,3,21,5,0.444,74.87,1.109,Balanced
56,247802,16866.39,54512,76248,1,16,10,0.183,3.23,0.308,Balanced
74,45230,1656.94,134710,82927,1,36,8,0.56,81.3,1.833,Balanced
34,112554,4680.25,443043,667,3,7,5,0.501,94.66,0.006,Balanced
51,69262,2157.74,480241,147397,1,28,3,0.626,222.57,2.128,Conservative
58,241273,11067.09,258138,15890,3,24,6,0.45,23.32,0.066,Balanced
46,61722,2874.96,200270,101333,2,13,4,0.441,69.66,1.642,Balanced
26,197431,13045.23,3252,41000,4,14,5,0.207,0.25,0.208,Balanced
30,82796,4893.39,26265,144097,0,31,8,0.291,5.37,1.74,Balanced
23,191231,9405.34,111693,120580,3,8,4,0.41,11.88,0.631,Balanced
23,107052,6321.98,1337,29940,2,1,7,0.291,0.21,0.28,Conservative
37,120808,3815.83,94510,121878,4,17,3,0.621,24.77,1.009,Conservative
69,241281,9030.93,128477,119492,2,13,4,0.551,14.23,0.495,Balanced
70,156311,9050.68,471295,24701,0,27,8,0.305,52.07,0.158,Aggressive
20,111951,6556.15,244262,82697,1,13,8,0.297,37.26,0.739,Aggressive
34,70886,4582.63,57497,41795,1,27,9,0.224,12.55,0.59,Aggressive
66,123424,5879.61,167073,90990,2,32,4,0.428,28.42,0.737,Balanced
29,178267,11103.13,438486,13115,0,12,10,0.253,39.49,0.074,Aggressive
65,124697,7546.13,244477,130845,2,13,4,0.274,32.4,1.049,Conservative
64,245931,18032.2,352252,56433,1,16,5,0.12,19.53,0.229,Balanced
62,116299,4538.78,104010,46999,2,34,5,0.532,22.92,0.404,Balanced
72,185746,10114.24,199761,74564,4,6,3,0.347,19.75,0.401,Conservative
18,169177,9600.38,481776,107747,0,18,1,0.319,50.18,0.637,Balanced
34,180811,13549.62,122407,138760,1,17,10,0.101,9.03,0.767,Balanced
20,183041,7026.51,61094,23255,2,39,1,0.539,8.69,0.127,Aggressive
43,34497,1833.43,85769,79747,0,14,8,0.362,46.78,2.312,Aggressive
32,152888,6885.08,364258,77049,2,7,4,0.46,52.91,0.504,Balanced
53,138915,7400.02,37948,66057,1,6,10,0.361,5.13,0.476,Balanced
49,112019,4459.02,215878,26293,0,12,2,0.522,48.41,0.235,Balanced
49,210326,6593.49,169531,30607,1,34,6,0.624,25.71,0.146,Aggressive
21,129017,7148.74,443241,143865,4,1,9,0.335,62.0,1.115,Balanced
35,238767,10639.46,365623,90413,4,29,5,0.465,34.36,0.379,Aggressive
66,89385,3352.44,78840,107148,3,28,3,0.55,23.52,1.199,Conservative
36,238220,10484.95,344390,36069,0,5,4,0.472,32.85,0.151,Aggressive
60,125153,3932.98,427745,86079,4,21,2,0.623,108.76,0.688,Conservative
69,53826,3914.69,204741,149735,3,39,7,0.127,52.3,2.782,Conservative
52,130034,7256.24,139884,42582,0,38,4,0.33,19.28,0.327,Balanced
57,214437,14262.25,432016,94526,1,34,4,0.202,30.29,0.441,Balanced
31,104242,5061.95,317638,13116,2,21,8,0.417,62.75,0.126,Aggressive
50,143066,10095.97,86265,98395,2,24,10,0.153,8.54,0.688,Balanced
31,70100,3597.44,265528,3706,1,13,5,0.384,73.81,0.053,Aggressive
51,241171,13378.36,371757,16147,4,23,3,0.334,27.79,0.067,Balanced
72,145170,7506.34,21022,99147,2,32,6,0.38,2.8,0.683,Conservative
21,155431,9757.22,6123,8895,1,8,8,0.247,0.63,0.057,Balanced
41,116205,6407.36,274104,62058,3,11,10,0.338,42.78,0.534,Aggressive
46,32809,1365.34,10734,13251,3,13,1,0.501,7.86,0.404,Conservative
36,84450,3026.45,477755,110533,1,20,9,0.57,157.86,1.309,Aggressive
23,58428,3327.32,195150,5109,0,1,4,0.317,58.65,0.087,Balanced
74,246062,12693.7,221208,24632,4,2,5,0.381,17.43,0.1,Conservative
50,92790,3114.55,476126,143223,4,11,10,0.597,152.87,1.544,Balanced
66,131126,6202.15,309549,55276,1,30,3,0.432,49.91,0.422,Balanced
57,110321,5820.6,160992,6325,2,5,9,0.367,27.66,0.057,Aggressive
36,22093,1481.69,167385,94964,4,7,6,0.195,112.97,4.298,Conservative
70,64498,2106.16,394098,1912,4,24,1,0.608,187.12,0.03,Balanced
18,136251,6150.28,115992,7374,3,31,9,0.458,18.86,0.054,Aggressive
22,60985,4078.17,38853,33034,3,30,5,0.198,9.53,0.542,Balanced
44,52009,3062.61,403085,85402,3,15,3,0.293,131.61,1.642,Conservative
33,233166,9899.39,35485,91792,4,36,4,0.491,3.58,0.394,Balanced
23,148515,10085.83,304899,93305,4,10,5,0.185,30.23,0.628,Balanced
57,37718,1952.89,451977,50683,4,1,1,0.379,231.44,1.344,Conservative
30,36705,1908.95,351841,141270,2,7,10,0.376,184.31,3.849,Aggressive
65,107618,7955.87,62090,94817,2,26,3,0.113,7.8,0.881,Conservative
52,82598,5994.65,439202,127776,2,30,7,0.129,73.27,1.547,Balanced
36,97878,4463.18,121782,138227,0,1,9,0.453,27.29,1.412,Balanced
29,32239,1148.03,310527,47952,4,15,6,0.573,270.49,1.487,Balanced
33,66622,2937.57,186890,123899,4,20,4,0.471,63.62,1.86,Balanced
60,66665,2037.54,52066,11388,1,22,4,0.633,25.55,0.171,Balanced
27,52274,1574.42,1150,74178,1,25,9,0.639,0.73,1.419,Balanced
42,162491,7684.97,172509,26457,0,36,1,0.432,22.45,0.163,Balanced
37,128368,9280.59,21799,149199,1,37,6,0.132,2.35,1.162,Conservative
48,166075,11476.43,27362,11752,2,27,4,0.171,2.38,0.071,Conservative
21,181938,9571.36,490405,51832,0,19,3,0.369,51.24,0.285,Balanced
61,173060,9530.91,278956,4237,0,19,1,0.339,29.27,0.024,Balanced
40,206966,6092.79,273587,134123,0,16,5,0.647,44.9,0.648,Balanced
19,128563,5019.59,331378,43311,3,21,4,0.531,66.02,0.337,Aggressive
73,241516,7318.45,411041,19088,1,33,10,0.636,56.17,0.079,Aggressive
39,156746,9992.51,467984,5675,4,31,4,0.235,46.83,0.036,Balanced
68,221610,7942.97,126060,2640,3,34,8,0.57,15.87,0.012,Aggressive
74,113103,7803.88,465057,63328,2,15,2,0.172,59.59,0.56,Conservative
54,86446,5070.26,53379,12317,3,36,10,0.296,10.53,0.142,Aggressive
25,49072,1947.26,478165,106442,2,26,10,0.524,245.56,2.169,Aggressive
24,53717,1955.06,198310,103666,4,30,4,0.563,101.43,1.93,Balanced
31,238417,13812.16,120152,33462,4,31,1,0.305,8.7,0.14,Balanced
73,177723,12521.48,195582,75921,1,25,2,0.155,15.62,0.427,Conservative
72,137202,8519.08,476286,15201,3,4,10,0.255,55.91,0.111,Balanced
20,195363,8819.02,396722,34536,4,12,10,0.458,44.98,0.177,Aggressive
67,142389,7986.37,324520,35517,2,19,3,0.327,40.63,0.249,Balanced
33,129525,5622.67,456944,115308,4,9,1,0.479,81.27,0.89,Conservative
72,214422,16073.29,445772,112911,1,25,2,0.1,27.73,0.527,Conservative
36,233092,14798.65,271149,37982,2,7,7,0.238,18.32,0.163,Balanced
68,24646,1412.85,283142,32844,0,27,10,0.312,200.4,1.333,Balanced
35,59713,2900.02,108179,84118,1,6,10,0.417,37.3,1.409,Aggressive
69,87936,5056.2,148077,135309,1,35,6,0.31,29.29,1.539,Balanced
33,195403,8758.76,260667,123110,0,32,2,0.462,29.76,0.63,Balanced
25,42185,1286.21,194090,6027,4,14,1,0.634,150.9,0.143,Balanced
50,104263,4929.02,400319,141439,1,6,10,0.433,81.22,1.357,Balanced
66,249728,17933.89,287388,80567,0,18,9,0.138,16.02,0.323,Balanced
29,72107,4172.99,462934,100848,0,31,1,0.306,110.94,1.399,Balanced
70,217626,7184.84,407176,93724,1,16,10,0.604,56.67,0.431,Aggressive
28,37563,2619.23,315917,114675,3,3,5,0.163,120.61,3.053,Conservative
22,90729,3764.36,341739,71810,1,31,9,0.502,90.78,0.791,Aggressive
44,35701,1440.16,29044,125545,3,38,9,0.516,20.17,3.517,Aggressive
29,220144,9418.49,7364,52892,4,17,6,0.487,0.78,0.24,Balanced
34,199289,11084.81,351958,107457,0,5,3,0.333,31.75,0.539,Balanced
23,195682,10592.57,342414,77059,2,16,2,0.35,32.33,0.394,Balanced
50,235494,12172.64,29093,1074,1,17,3,0.38,2.39,0.005,Conservative
22,201203,12485.41,438373,145062,2,31,1,0.255,35.11,0.721,Balanced
74,148331,6478.3,264373,82567,4,16,3,0.476,40.81,0.557,Conservative
45,180482,11733.37,45015,45793,1,21,2,0.22,3.84,0.254,Conservative
31,119280,4437.48,481588,38071,2,39,8,0.554,108.53,0.319,Aggressive
22,209787,13643.87,447997,19546,4,37,10,0.22,32.84,0.093,Aggressive
71,58665,3495.92,297580,46515,3,10,7,0.285,85.12,0.793,Conservative
73,35957,2174.69,12913,148358,4,32,1,0.274,5.94,4.126,Conservative
50,199199,10206.53,310296,129212,1,25,1,0.385,30.4,0.649,Conservative
67,214661,12823.33,30264,140767,1,33,5,0.283,2.36,0.656,Conservative
65,66008,2166.65,64284,11054,1,39,4,0.606,29.67,0.167,Balanced
58,81920,5586.62,177313,2897,4,37,8,0.182,31.74,0.035,Aggressive
36,183947,5833.43,204776,9537,1,38,8,0.619,35.1,0.052,Aggressive
39,133828,4815.66,341440,57325,4,38,3,0.568,70.9,0.428,Balanced
22,143852,7998.58,77344,139753,0,28,5,0.333,9.67,0.972,Aggressive
19,152698,9628.58,128110,119940,0,15,7,0.243,13.31,0.785,Balanced
47,110815,3619.39,191345,73387,0,8,8,0.608,52.87,0.662,Balanced
64,214894,15336.64,125387,90537,2,1,3,0.144,8.18,0.421,Conservative
56,222837,16443.22,74932,80121,0,10,8,0.115,4.56,0.36,Balanced
21,223485,12725.1,367588,105532,0,35,10,0.317,28.89,0.472,Aggressive
50,184714,9461.73,150855,47038,4,33,9,0.385,15.94,0.255,Aggressive
30,58311,3682.18,216699,54833,4,16,3,0.242,58.85,0.94,Conservative
37,52356,2314.99,25782,48123,1,14,2,0.469,11.14,0.919,Balanced
71,23809,1232.7,458276,30117,1,5,2,0.379,371.77,1.265,Conservative
24,194443,13835.97,473171,71131,1,16,5,0.146,34.2,0.366,Balanced
32,54875,4004.09,335854,43691,4,21,10,0.124,83.88,0.796,Balanced
40,29465,2111.38,489951,144379,4,11,1,0.14,232.05,4.9,Conservative
31,217167,8946.31,227948,27531,0,7,6,0.506,25.48,0.127,Aggressive
40,93844,3737.01,315628,42174,3,8,7,0.522,84.46,0.449,Balanced
36,216322,9260.66,412108,128755,4,17,5,0.486,44.5,0.595,Balanced
71,106889,5279.61,360140,14414,3,30,8,0.407,68.21,0.135,Aggressive
46,35250,1535.7,267365,94572,4,14,6,0.477,174.1,2.683,Balanced
73,66023,3058.06,291841,10261,4,33,1,0.444,95.43,0.155,Balanced
37,121350,6991.28,157745,67913,2,24,9,0.309,22.56,0.56,Aggressive
46,197696,12675.43,263710,1271,3,7,5,0.231,20.8,0.006,Balanced
41,36427,2290.52,371086,103324,2,38,5,0.245,162.01,2.836,Balanced
35,184348,12258.11,486627,33202,0,15,1,0.202,39.7,0.18,Balanced
27,91643,2808.11,254547,69307,2,25,5,0.632,90.65,0.756,Aggressive
58,230084,7214.16,59918,107030,2,17,3,0.624,8.31,0.465,Balanced
74,154511,10096.79,259383,84070,0,33,10,0.216,25.69,0.544,Balanced
25,236920,12698.78,67954,36892,3,2,3,0.357,5.35,0.156,Conservative
43,238403,13270.65,468709,136674,1,39,10,0.332,35.32,0.573,Aggressive
46,98672,3115.76,338906,126008,4,10,8,0.621,108.77,1.277,Balanced
27,230775,9431.44,145854,80957,3,14,9,0.51,15.46,0.351,Aggressive
34,37300,2179.24,156387,97210,0,12,6,0.299,71.76,2.606,Balanced
19,80289,5503.48,247587,136239,2,17,3,0.177,44.99,1.697,Conservative
23,168254,11978.86,416310,53201,1,14,8,0.146,34.75,0.316,Aggressive
22,221579,11544.83,204556,49698,2,10,3,0.375,17.72,0.224,Balanced
45,201984,10940.98,188083,63753,4,39,7,0.35,17.19,0.316,Balanced
58,177981,11986.68,329322,75479,0,29,2,0.192,27.47,0.424,Conservative
22,39659,2133.96,118411,64687,1,6,6,0.354,55.49,1.631,Balanced
35,182475,9644.9,86268,131290,3,31,8,0.366,8.94,0.719,Aggressive
43,184658,13046.03,329595,32893,3,37,3,0.152,25.26,0.178,Balanced
37,30360,1984.69,6874,13169,0,9,9,0.216,3.46,0.434,Balanced
58,41424,2934.17,27474,46458,0,33,9,0.15,9.36,1.122,Balanced
66,118035,4623.39,230636,74951,2,7,3,0.53,49.88,0.635,Conservative
44,68791,3659.72,200750,4180,1,38,3,0.362,54.85,0.061,Balanced
66,154137,10447.4,215044,9766,4,8,5,0.187,20.58,0.063,Conservative
29,219867,7532.85,32414,1942,0,34,9,0.589,4.3,0.009,Aggressive
24,32300,2118.51,50514,142604,1,17,1,0.213,23.84,4.415,Conservative
20,53370,2004.2,455095,43374,0,17,1,0.549,227.07,0.813,Balanced
27,220903,14624.98,9847,66790,0,30,1,0.206,0.67,0.302,Conservative
51,47209,2701.14,353112,33755,3,18,4,0.313,130.73,0.715,Balanced
42,40927,1556.18,190587,121925,1,39,7,0.544,122.47,2.979,Balanced
52,54579,2776.0,351773,59192,3,15,2,0.39,126.72,1.085,Conservative
33,29032,1754.13,198436,80459,3,20,3,0.275,113.12,2.771,Conservative
19,113254,6593.45,443897,97218,1,25,4,0.301,67.32,0.858,Aggressive
41,98413,4797.52,150332,47592,3,14,1,0.415,31.34,0.484,Balanced
27,191803,13500.56,216733,120041,2,27,2,0.155,16.05,0.626,Balanced
55,133528,7072.48,92603,110397,4,35,2,0.364,13.09,0.827,Conservative
39,243274,12735.94,78099,13118,4,28,6,0.372,6.13,0.054,Aggressive
43,204839,6558.91,228738,113305,2,6,4,0.616,34.87,0.553,Balanced
60,143916,10279.99,486213,64610,0,31,7,0.143,47.3,0.449,Balanced
72,92302,3441.43,393418,78699,3,14,8,0.553,114.32,0.853,Balanced
56,201026,10731.26,396856,8104,4,16,2,0.359,36.98,0.04,Balanced
44,239437,15802.09,214373,79722,1,36,2,0.208,13.57,0.333,Balanced
46,105757,4128.92,74766,8549,0,5,5,0.532,18.11,0.081,Balanced
64,176174,9396.76,455892,126081,4,32,4,0.36,48.52,0.716,Balanced
55,185505,7456.94,125237,95614,3,11,10,0.518,16.79,0.515,Aggressive
37,35932,2299.15,260078,57240,4,22,2,0.232,113.12,1.593,Conservative
44,45714,2515.75,276701,32831,3,28,9,0.34,109.99,0.718,Aggressive
58,77803,5321.64,462809,97462,0,6,9,0.179,86.97,1.253,Balanced
71,190815,13388.96,291758,69474,2,39,10,0.158,21.79,0.364,Balanced
37,153624,9048.5,472463,88233,3,6,4,0.293,52.21,0.574,Balanced
61,76627,4782.58,187787,143681,3,20,2,0.251,39.26,1.875,Conservative
36,197059,10708.04,244262,141595,0,38,3,0.348,22.81,0.719,Balanced
37,99810,4669.74,19080,104700,0,4,8,0.439,4.09,1.049,Balanced
52,65380,3849.06,215442,71772,1,25,8,0.294,55.97,1.098,Balanced
64,180322,12766.18,10302,40577,0,13,7,0.15,0.81,0.225,Conservative
19,219416,10590.01,350501,134177,4,12,4,0.421,33.1,0.612,Balanced
47,84686,3690.37,101967,101856,3,9,1,0.477,27.63,1.203,Conservative
70,140321,6590.88,365411,85395,2,3,10,0.436,55.44,0.609,Balanced
51,65028,3194.33,463259,132910,0,32,9,0.411,145.03,2.044,Aggressive
39,166367,5413.29,136247,24437,3,11,7,0.61,25.17,0.147,Aggressive
20,133141,6924.92,145630,71449,2,5,1,0.376,21.03,0.537,Balanced
23,75248,3899.56,180573,118099,1,35,5,0.378,46.31,1.569,Aggressive
32,231277,12983.2,169091,114176,4,24,3,0.326,13.02,0.494,Balanced
44,30523,1397.83,203327,43003,1,6,2,0.45,145.46,1.409,Conservative
27,65530,3752.73,147017,14646,0,18,3,0.313,39.18,0.224,Balanced
26,33769,2344.18,467670,50560,4,38,6,0.167,199.5,1.497,Balanced
50,214114,15621.56,352094,118560,1,6,7,0.124,22.54,0.554,Balanced
49,132035,7382.81,226738,86597,3,22,10,0.329,30.71,0.656,Balanced
65,195717,6090.47,106539,58679,0,14,9,0.627,17.49,0.3,Aggressive
23,241815,17795.16,238659,22873,1,12,10,0.117,13.41,0.095,Aggressive
58,213214,13116.64,291339,134530,4,25,7,0.262,22.21,0.631,Conservative
53,176629,7871.47,358614,37165,4,20,1,0.465,45.56,0.21,Balanced
19,99782,3583.31,182799,87803,2,18,7,0.569,51.01,0.88,Balanced
46,98382,3516.17,211564,63994,4,24,1,0.571,60.17,0.65,Conservative
21,188157,6934.52,292829,145654,4,15,8,0.558,42.23,0.774,Aggressive
18,201780,6306.72,352336,97925,0,31,2,0.625,55.87,0.485,Balanced
36,202429,14274.36,308552,14823,4,1,2,0.154,21.62,0.073,Conservative
43,130939,7064.4,175203,130803,2,15,1,0.353,24.8,0.999,Balanced
42,164542,10077.89,441709,40856,4,34,9,0.265,43.83,0.248,Aggressive
27,98712,6625.71,379354,7406,2,2,8,0.195,57.25,0.075,Aggressive
70,138643,9073.58,2578,30619,3,36,9,0.215,0.28,0.221,Balanced
32,127417,8870.7,358530,138143,2,23,8,0.165,40.42,1.084,Aggressive
39,230154,16916.13,242018,107871,0,24,4,0.118,14.31,0.469,Balanced
68,157877,7781.87,471325,108029,1,32,9,0.409,60.57,0.684,Balanced
65,233396,16973.42,155350,141216,1,13,8,0.127,9.15,0.605,Balanced
38,148256,9238.94,154969,142255,3,33,1,0.252,16.77,0.96,Conservative
73,245956,7970.36,462573,21074,0,14,10,0.611,58.04,0.086,Aggressive
39,213100,12874.45,143909,12349,3,17,5,0.275,11.18,0.058,Balanced
53,201844,12240.06,244937,118160,3,16,9,0.272,20.01,0.585,Balanced
51,203176,14361.55,268655,27493,4,32,8,0.152,18.71,0.135,Aggressive
47,224688,10393.93,379768,89146,4,15,1,0.445,36.54,0.397,Conservative
42,121422,6796.61,171427,140429,0,31,6,0.328,25.22,1.157,Balanced
62,109300,3248.97,338176,4561,1,12,6,0.643,104.09,0.042,Balanced
45,26630,1182.02,231606,73150,2,33,2,0.467,195.94,2.747,Conservative
18,144474,4625.99,47345,64685,4,3,2,0.616,10.23,0.448,Conservative
66,118869,6310.26,151618,2358,0,11,1,0.363,24.03,0.02,Balanced
62,35701,2378.87,349674,142502,0,5,6,0.2,146.99,3.992,Conservative
21,165931,6409.69,7118,16041,1,27,9,0.536,1.11,0.097,Aggressive
24,172255,9188.26,335079,111407,0,16,8,0.36,36.47,0.647,Aggressive
66,191510,7376.4,425038,92262,0,35,5,0.538,57.62,0.482,Balanced
26,117285,4069.58,427513,10267,1,16,8,0.584,105.05,0.088,Aggressive
53,137556,7233.71,408844,77395,4,16,2,0.369,56.52,0.563,Conservative
36,248495,8149.22,164751,90170,1,22,6,0.606,20.22,0.363,Aggressive
18,193316,10842.53,199089,108454,3,4,2,0.327,18.36,0.561,Conservative
27,225384,6897.42,255113,106680,4,32,8,0.633,36.99,0.473,Aggressive
53,35021,1192.74,239415,19003,3,27,2,0.591,200.73,0.543,Balanced
26,220935,12013.32,118658,30169,0,15,5,0.348,9.88,0.137,Aggressive
62,206637,11628.05,427789,47271,3,19,7,0.325,36.79,0.229,Balanced
63,199115,6072.06,78514,16961,1,26,7,0.634,12.93,0.085,Balanced
59,224222,12432.31,388357,143218,1,15,4,0.335,31.24,0.639,Balanced
49,84361,5702.64,112050,62676,2,10,8,0.189,19.65,0.743,Balanced
49,152317,9485.21,354609,41030,0,34,7,0.253,37.39,0.269,Balanced
23,192083,6757.35,168935,66091,1,38,10,0.578,25.0,0.344,Aggressive
65,30355,1709.65,259127,42178,4,26,5,0.324,151.57,1.389,Balanced
55,118841,7127.87,116003,3640,1,8,4,0.28,16.27,0.031,Balanced
34,199764,6167.33,143269,128291,4,16,2,0.63,23.23,0.642,Conservative
27,200076,13679.22,146994,67448,0,29,2,0.18,10.75,0.337,Balanced
67,180786,12782.28,301024,84650,2,32,4,0.152,23.55,0.468,Balanced
44,37198,2534.88,358521,23922,2,21,8,0.182,141.43,0.643,Aggressive
71,86951,5822.44,61357,113746,3,32,6,0.196,10.54,1.308,Conservative
67,152724,9669.09,199145,145501,1,12,9,0.24,20.6,0.953,Balanced
52,194697,11331.16,206630,114954,0,39,2,0.302,18.24,0.59,Balanced
69,237054,14287.34,283903,144759,3,10,7,0.277,19.87,0.611,Conservative
38,38740,2561.74,471250,89248,0,6,1,0.206,183.96,2.304,Conservative
42,23810,1417.44,73122,127589,0,37,2,0.286,51.59,5.359,Conservative
45,143743,6351.64,394865,14837,3,18,9,0.47,62.17,0.103,Aggressive
64,167641,7778.24,23292,143937,0,31,8,0.443,2.99,0.859,Balanced
32,119855,8423.63,147962,44653,3,35,9,0.157,17.57,0.373,Aggressive
21,230192,6894.58,165776,35569,1,3,7,0.641,24.04,0.155,Balanced
46,46783,2862.93,429734,48787,3,5,10,0.266,150.1,1.043,Balanced
26,141701,10333.87,356295,51186,1,34,9,0.125,34.48,0.361,Aggressive
44,98047,6033.37,352227,111837,2,33,4,0.262,58.38,1.141,Balanced
43,29471,2202.1,345258,15297,3,36,3,0.103,156.79,0.519,Balanced
36,130771,7935.07,153043,56605,2,10,4,0.272,19.29,0.433,Balanced
73,26163,804.29,260014,82904,3,3,5,0.631,323.28,3.169,Conservative
45,214159,14363.92,276907,86019,0,11,10,0.195,19.28,0.402,Balanced
34,82071,3464.4,322953,6463,2,3,4,0.493,93.22,0.079,Balanced
60,36065,1789.22,315095,144704,4,28,4,0.405,176.11,4.012,Balanced
74,142323,6186.91,333023,115763,4,28,7,0.478,53.83,0.813,Balanced
58,137969,5722.32,78469,82943,4,9,4,0.502,13.71,0.601,Conservative
59,103456,5063.08,385069,46221,2,26,4,0.413,76.05,0.447,Balanced
67,199420,9278.24,143131,118585,1,29,9,0.442,15.43,0.595,Aggressive
37,39154,2278.55,326372,111370,3,10,9,0.302,143.24,2.844,Aggressive
62,125703,8351.22,5452,106775,0,27,5,0.203,0.65,0.849,Conservative
57,40229,1721.13,324370,25759,0,32,9,0.487,188.46,0.64,Aggressive
56,72587,2828.15,382379,87000,2,18,2,0.532,135.2,1.199,Conservative
66,69713,4164.15,303254,60943,4,18,5,0.283,72.83,0.874,Conservative
70,178069,10664.49,229901,85862,0,22,7,0.281,21.56,0.482,Balanced
40,41101,2896.33,86967,110475,0,17,8,0.154,30.03,2.688,Balanced
64,60391,1805.54,133725,76069,1,25,5,0.641,74.06,1.26,Balanced
49,226935,15491.57,94947,143230,0,26,9,0.181,6.13,0.631,Balanced
69,92723,4918.58,401735,128979,0,5,3,0.363,81.68,1.391,Conservative
64,246293,14197.07,479125,106446,3,9,8,0.308,33.75,0.432,Balanced
50,210477,7020.36,369471,37711,0,24,9,0.6,52.63,0.179,Aggressive
74,186020,9114.02,97667,82688,3,7,7,0.412,10.72,0.445,Balanced
63,120264,4760.61,391534,30772,4,20,5,0.525,82.24,0.256,Balanced
22,204103,8331.21,300573,27307,1,8,9,0.51,36.08,0.134,Aggressive
60,57921,3027.59,410744,136238,0,19,8,0.373,135.67,2.352,Balanced
65,223643,14850.84,297264,123890,1,35,8,0.203,20.02,0.554,Balanced
51,228079,14427.51,237599,7589,1,25,6,0.241,16.47,0.033,Balanced
57,48460,2726.08,119318,131536,1,17,2,0.325,43.77,2.714,Conservative
28,172143,9276.79,126303,2600,2,39,4,0.353,13.61,0.015,Aggressive
67,217190,10588.34,442190,131988,3,25,1,0.415,41.76,0.608,Conservative
20,199354,14702.2,11123,137198,1,35,10,0.115,0.76,0.688,Balanced
50,111725,6127.24,86004,138223,4,39,5,0.342,14.04,1.237,Balanced
28,78445,3201.09,4309,77196,0,39,10,0.51,1.35,0.984,Balanced
33,232139,9218.82,124190,131137,1,2,1,0.523,13.47,0.565,Conservative
35,102208,5844.97,493331,91837,1,16,6,0.314,84.4,0.899,Balanced
47,205888,10938.75,93407,78424,0,14,10,0.362,8.54,0.381,Aggressive
65,126283,3727.81,182618,138265,4,29,8,0.646,48.99,1.095,Balanced
72,105779,7109.55,110002,119259,1,39,10,0.193,15.47,1.127,Balanced
27,23060,1416.78,325140,76537,1,2,1,0.263,229.49,3.319,Conservative
35,145806,8675.53,236114,61434,4,10,6,0.286,27.22,0.421,Balanced
55,33731,1090.16,163311,140150,1,2,4,0.612,149.81,4.155,Conservative
36,97830,4476.79,447168,56125,4,27,9,0.451,99.89,0.574,Aggressive
53,135871,9787.92,204896,52960,1,13,8,0.136,20.93,0.39,Balanced
30,40719,2797.48,400693,61521,0,2,4,0.176,143.23,1.511,Conservative
73,198114,8371.12,252433,89485,4,14,2,0.493,30.16,0.452,Conservative
63,69116,2513.42,236285,24245,0,17,6,0.564,94.01,0.351,Balanced
20,46325,2304.66,166410,32811,0,38,3,0.403,72.21,0.708,Balanced
27,173669,7897.69,461908,135777,1,36,1,0.454,58.49,0.782,Balanced
55,218511,13205.79,135706,149344,4,34,7,0.275,10.28,0.683,Conservative
18,34551,2538.17,184992,31834,2,29,4,0.118,72.88,0.921,Balanced
72,113287,5189.02,292075,81548,0,23,9,0.45,56.29,0.72,Balanced
73,44278,1417.72,252270,61236,0,23,10,0.616,177.94,1.383,Balanced
44,242261,17032.72,200592,48937,0,16,10,0.156,11.78,0.202,Aggressive
63,35141,1086.07,50065,6842,1,7,3,0.629,46.1,0.195,Conservative
25,87913,6403.15,450709,139373,1,1,10,0.126,70.39,1.585,Balanced
68,53615,3196.88,451751,102862,0,19,10,0.284,141.31,1.919,Balanced
63,142058,10274.69,309956,25090,1,33,10,0.132,30.17,0.177,Aggressive
59,213823,8193.21,111113,122408,1,34,1,0.54,13.56,0.572,Balanced
34,132684,4117.46,301560,8828,1,1,2,0.628,73.24,0.067,Balanced
26,47452,2445.82,486526,52480,3,12,4,0.381,198.92,1.106,Balanced
23,173797,8658.61,152265,103616,4,25,7,0.402,17.59,0.596,Aggressive
60,70391,3122.55,170131,98373,1,23,8,0.468,54.48,1.398,Balanced
42,140288,10249.34,345483,145504,3,25,4,0.123,33.71,1.037,Balanced
56,226132,15121.09,312702,93911,3,31,3,0.198,20.68,0.415,Conservative
66,133535,7943.89,216702,10042,1,24,10,0.286,27.28,0.075,Aggressive
45,162770,5962.43,216211,11070,3,10,9,0.56,36.26,0.068,Aggressive
50,106711,6703.92,405574,77080,2,2,8,0.246,60.5,0.722,Conservative
71,97850,6114.46,474254,118665,3,33,6,0.25,77.56,1.213,Conservative
54,129733,6311.38,464147,122188,4,37,9,0.416,73.54,0.942,Balanced
26,22365,1600.28,43824,73595,3,23,8,0.141,27.39,3.291,Aggressive
35,248625,9154.33,443660,18018,1,2,7,0.558,48.46,0.072,Balanced
73,117662,4873.52,91187,14093,0,4,6,0.503,18.71,0.12,Balanced
38,63372,2031.99,469171,109972,2,23,10,0.615,230.89,1.735,Aggressive
19,64134,4208.78,175759,68079,3,38,3,0.213,41.76,1.062,Conservative
60,57823,3334.3,481179,16118,2,23,6,0.308,144.31,0.279,Balanced
55,91158,3974.62,28647,72889,4,12,4,0.477,7.21,0.8,Balanced
57,116076,4257.06,78414,13349,3,24,5,0.56,18.42,0.115,Balanced
53,153021,4744.69,495745,66304,3,29,7,0.628,104.48,0.433,Balanced
67,69396,2554.41,385523,14163,2,28,7,0.558,150.92,0.204,Balanced
60,128336,6409.38,480797,15095,3,15,9,0.401,75.01,0.118,Aggressive
54,51912,2102.21,259308,120452,3,10,9,0.514,123.35,2.32,Balanced
32,76947,3157.65,341237,66527,0,34,6,0.508,108.07,0.865,Balanced
45,248769,17239.01,395076,42988,2,29,6,0.168,22.92,0.173,Balanced
35,64387,3398.16,2548,58873,1,31,2,0.367,0.75,0.914,Conservative
51,215037,13459.32,432736,135224,1,23,8,0.249,32.15,0.629,Balanced
39,36508,1124.57,44435,49663,4,18,3,0.63,39.51,1.36,Conservative
28,65592,3010.89,154054,93431,0,7,1,0.449,51.17,1.424,Balanced
74,129249,6608.32,118384,92263,2,27,4,0.386,17.91,0.714,Balanced
30,21919,826.58,353843,66270,2,9,5,0.547,428.08,3.023,Balanced
21,62595,2170.51,164545,71214,0,20,3,0.584,75.81,1.138,Balanced
39,160689,11096.47,110482,94317,0,21,7,0.171,9.96,0.587,Balanced
24,226340,16347.17,408901,13060,4,28,5,0.133,25.01,0.058,Aggressive
60,53298,1747.04,413415,75558,1,3,10,0.607,236.64,1.418,Balanced
71,158001,7135.86,56385,83779,2,10,5,0.458,7.9,0.53,Balanced
41,34456,2518.32,435298,916,0,17,6,0.123,172.85,0.027,Balanced
21,129599,4273.95,280705,109130,2,35,6,0.604,65.68,0.842,Aggressive
45,106676,6258.35,77515,58581,1,21,9,0.296,12.39,0.549,Aggressive
32,103721,7647.02,110008,92272,2,9,3,0.115,14.39,0.89,Conservative
18,57924,4286.49,118200,1335,2,17,8,0.112,27.58,0.023,Aggressive
72,44240,2245.82,176169,92728,0,32,7,0.391,78.44,2.096,Balanced
20,107381,3932.94,142464,125823,0,38,9,0.56,36.22,1.172,Aggressive
31,29228,1123.2,286575,62564,0,28,5,0.539,255.14,2.141,Balanced
55,41686,2915.52,100675,10892,1,18,7,0.161,34.53,0.261,Balanced
67,31920,2264.79,287298,25524,3,6,8,0.149,126.85,0.8,Conservative
74,27432,1564.39,88978,65837,1,6,9,0.316,56.88,2.4,Balanced
18,214647,13798.17,190392,145975,0,17,8,0.229,13.8,0.68,Aggressive
55,130507,8232.41,259720,92700,4,10,2,0.243,31.55,0.71,Conservative
55,150509,8955.31,54386,101005,2,2,6,0.286,6.07,0.671,Conservative
38,91725,6153.24,383121,120902,2,33,4,0.195,62.26,1.318,Balanced
65,244647,14820.99,335114,71180,2,25,4,0.273,22.61,0.291,Balanced
46,184982,9922.76,488985,5520,2,38,9,0.356,49.28,0.03,Aggressive
22,141764,5674.41,216720,33436,4,1,7,0.52,38.19,0.236,Balanced
66,181298,11469.19,494355,2128,0,16,6,0.241,43.1,0.012,Balanced
27,224222,11405.25,491107,82137,3,26,2,0.39,43.06,0.366,Balanced
45,79099,3375.78,362673,60275,2,12,1,0.488,107.43,0.762,Conservative
38,132557,8738.49,206414,140012,3,9,10,0.209,23.62,1.056,Balanced
67,106760,6522.97,235861,102524,1,13,4,0.267,36.16,0.96,Conservative
24,38013,2741.8,327968,84541,1,7,9,0.134,119.62,2.224,Balanced
20,41446,1523.12,368164,97238,2,1,4,0.559,241.72,2.346,Balanced
62,125209,7377.46,475796,107447,0,31,2,0.293,64.49,0.858,Conservative
64,221447,8937.82,65527,100185,4,35,8,0.516,7.33,0.452,Aggressive
37,213581,15074.74,1925,116120,2,24,6,0.153,0.13,0.544,Balanced
36,122261,4123.5,133305,9968,1,3,1,0.595,32.33,0.082,Balanced
52,115739,6856.47,176947,80634,1,19,4,0.289,25.81,0.697,Conservative
21,20557,1344.94,64911,121865,3,4,10,0.215,48.26,5.928,Balanced
22,181738,8257.04,273247,74426,4,28,5,0.455,33.09,0.41,Aggressive
18,188461,13738.43,274796,125848,2,30,1,0.125,20.0,0.668,Balanced
21,198772,13548.0,409517,147915,0,36,2,0.182,30.23,0.744,Balanced
29,150878,6437.97,478158,91196,3,4,9,0.488,74.27,0.604,Balanced
44,119143,3516.18,318962,24875,4,23,1,0.646,90.71,0.209,Balanced
73,44578,1906.31,488689,59888,3,11,8,0.487,256.35,1.343,Balanced
59,94779,3986.41,410701,24525,0,4,9,0.495,103.03,0.259,Balanced
40,160668,11239.8,224043,103679,1,11,2,0.161,19.93,0.645,Conservative
42,77500,5695.71,108551,52604,2,24,2,0.118,19.06,0.679,Conservative
38,92534,2997.65,283712,136997,2,20,7,0.611,94.64,1.481,Balanced
69,30129,1529.58,276175,24789,0,17,10,0.391,180.56,0.823,Balanced
41,214466,11645.19,374933,147987,2,13,9,0.348,32.2,0.69,Aggressive
42,217118,7257.19,296932,2917,2,17,10,0.599,40.92,0.013,Aggressive
62,31596,1468.22,101194,128575,3,15,9,0.442,68.92,4.069,Balanced
72,85355,3729.98,222589,101923,0,4,3,0.476,59.68,1.194,Conservative
63,32974,1771.89,354406,59328,3,18,7,0.355,200.02,1.799,Conservative
49,217745,12949.57,460369,59602,2,9,6,0.286,35.55,0.274,Balanced
72,132004,8106.33,98697,10410,4,3,8,0.263,12.18,0.079,Balanced
49,146794,5201.59,433784,13574,4,27,8,0.575,83.39,0.092,Aggressive
22,244505,16241.68,239592,97057,3,18,8,0.203,14.75,0.397,Aggressive
53,90202,5436.16,144031,59453,1,17,8,0.277,26.49,0.659,Balanced
63,94442,6603.0,218213,101364,1,10,10,0.161,33.05,1.073,Balanced
59,172890,8603.22,104945,124488,0,37,6,0.403,12.2,0.72,Balanced
66,194318,13628.81,478716,145898,4,29,9,0.158,35.13,0.751,Balanced
59,75598,5204.77,426270,113535,4,5,5,0.174,81.9,1.502,Conservative
56,153726,7572.61,106743,30779,3,6,4,0.409,14.1,0.2,Balanced
33,53758,2507.04,70813,12607,2,35,7,0.44,28.25,0.235,Aggressive
50,44204,3179.18,259892,45883,0,5,3,0.137,81.75,1.038,Conservative
66,147309,9125.06,253525,1100,3,15,8,0.257,27.78,0.007,Balanced
38,186000,13338.29,208540,8310,1,27,8,0.139,15.63,0.045,Aggressive
26,204681,13446.45,407987,38069,2,39,5,0.212,30.34,0.186,Aggressive
23,50552,2886.16,389930,47740,0,33,10,0.315,135.1,0.944,Aggressive
68,161408,5564.8,266445,116888,2,24,8,0.586,47.88,0.724,Balanced
62,67037,2850.83,335237,9233,1,21,3,0.49,117.59,0.138,Balanced
52,167278,12306.97,420227,131568,3,2,3,0.117,34.15,0.787,Conservative
56,54831,2401.97,204618,95979,3,19,4,0.474,85.19,1.75,Balanced
39,63563,2125.6,336279,135246,4,18,9,0.599,158.2,2.128,Aggressive
58,38361,2362.89,81229,146170,3,10,5,0.261,34.38,3.81,Conservative
71,61335,3852.36,317877,56121,4,37,6,0.246,82.51,0.915,Conservative
22,94469,3991.33,282655,109628,3,23,4,0.493,70.82,1.16,Balanced
59,45816,1961.38,194535,34421,0,1,9,0.486,99.18,0.751,Balanced
40,166691,8444.17,311544,124586,1,6,4,0.392,36.89,0.747,Balanced
34,112479,3392.97,414480,46567,2,1,3,0.638,122.16,0.414,Conservative
29,46819,3059.34,251639,82163,1,18,2,0.216,82.25,1.755,Conservative
40,162813,7114.91,183266,149711,1,27,3,0.476,25.76,0.92,Balanced
33,142330,9720.78,463702,72535,4,38,1,0.18,47.7,0.51,Balanced
20,28798,1899.34,80585,6073,4,17,8,0.209,42.43,0.211,Aggressive
47,176215,10481.43,400676,106534,0,26,1,0.286,38.23,0.605,Conservative
74,69695,3070.54,17083,88541,2,13,6,0.471,5.56,1.27,Conservative
39,183819,9711.37,130783,83535,3,10,2,0.366,13.47,0.454,Balanced
26,149544,7410.6,335176,19,3,38,3,0.405,45.23,0.0,Balanced
46,172254,7699.54,215675,14160,1,26,9,0.464,28.01,0.082,Aggressive
64,29415,2001.38,276845,32398,0,31,9,0.184,138.33,1.101,Balanced
54,162157,8323.1,202151,61651,2,23,6,0.384,24.29,0.38,Balanced
40,166080,11182.69,322663,128171,3,20,7,0.192,28.85,0.772,Balanced
30,107638,3658.53,283064,115194,1,23,5,0.592,77.37,1.07,Balanced
49,38452,1370.06,41102,90980,0,27,7,0.572,30.0,2.366,Balanced
63,215147,15912.38,446361,113866,2,15,6,0.112,28.05,0.529,Balanced
69,159192,8931.64,184696,28566,1,38,5,0.327,20.68,0.179,Balanced
64,215457,11318.2,100656,42129,1,11,3,0.37,8.89,0.196,Balanced
65,224428,11927.15,311675,103661,0,8,2,0.362,26.13,0.462,Conservative
40,130205,5082.31,275273,49891,0,14,5,0.532,54.16,0.383,Aggressive
62,38170,2370.63,451447,9982,0,13,8,0.255,190.43,0.262,Balanced
34,36259,1198.45,29175,101359,0,22,5,0.603,24.34,2.795,Balanced
72,42099,2334.14,390296,119075,2,34,3,0.335,167.21,2.828,Conservative
57,160721,8892.2,133234,149659,0,1,10,0.336,14.98,0.931,Balanced
38,149394,10616.98,342914,53074,0,37,3,0.147,32.3,0.355,Balanced
19,246863,13153.69,8089,125277,0,32,5,0.361,0.61,0.507,Balanced
54,79258,2809.59,371598,32185,2,11,9,0.575,132.26,0.406,Aggressive
23,192109,10646.27,443080,67325,3,10,8,0.335,41.62,0.35,Aggressive
61,31805,1060.78,5155,121089,1,30,7,0.6,4.86,3.807,Balanced
35,63147,2431.62,336929,584,4,12,5,0.538,138.56,0.009,Aggressive
47,94280,2884.26,142369,117888,1,34,9,0.633,49.36,1.25,Aggressive
39,197125,10387.03,229038,130747,2,25,2,0.368,22.05,0.663,Balanced
71,126777,4188.85,7145,47323,0,36,6,0.604,1.71,0.373,Conservative
50,117841,5972.25,471147,127276,2,4,7,0.392,78.89,1.08,Conservative
47,242465,17439.69,380023,113700,3,21,7,0.137,21.79,0.469,Balanced
34,144726,8995.55,428478,109318,4,30,4,0.254,47.63,0.755,Balanced
60,148359,4853.52,310278,142957,3,38,2,0.607,63.93,0.964,Conservative
49,96215,3795.0,153004,14469,0,12,1,0.527,40.32,0.15,Balanced
59,132909,7980.24,441606,81340,2,39,1,0.279,55.34,0.612,Conservative
68,115365,8095.6,476110,103060,2,25,3,0.158,58.81,0.893,Conservative
31,30985,950.48,452827,138527,0,19,7,0.632,476.42,4.471,Balanced
27,244895,16262.01,467485,141569,0,2,5,0.203,28.75,0.578,Balanced
64,32391,1778.8,175183,66598,4,22,7,0.341,98.48,2.056,Balanced
68,24861,1347.36,491256,60698,3,30,9,0.35,364.61,2.441,Balanced
53,214654,15684.0,420387,119190,0,36,8,0.123,26.8,0.555,Aggressive
51,203000,12877.04,37260,71602,0,3,1,0.239,2.89,0.353,Conservative
26,54364,3703.84,225549,103988,3,23,4,0.182,60.9,1.913,Balanced
59,102399,4648.04,28733,131031,0,4,5,0.455,6.18,1.28,Conservative
45,248107,13540.44,431307,10914,4,28,7,0.345,31.85,0.044,Balanced
28,244402,14022.02,233393,39606,4,14,8,0.312,16.64,0.162,Aggressive
31,62923,2762.69,199376,130596,3,6,8,0.473,72.17,2.075,Balanced
56,158991,8792.69,485472,69603,1,6,4,0.336,55.21,0.438,Balanced
72,206968,8281.49,245882,119756,4,37,7,0.52,29.69,0.579,Balanced
64,105818,3781.73,312735,143387,2,7,2,0.571,82.7,1.355,Conservative
71,198468,9190.45,136010,113462,2,13,9,0.444,14.8,0.572,Aggressive
36,185912,11721.9,241377,139949,1,1,6,0.243,20.59,0.753,Conservative
71,193327,13756.87,367246,122494,4,24,4,0.146,26.7,0.634,Conservative
32,91160,4571.24,347549,23038,0,34,6,0.398,76.03,0.253,Aggressive
45,148165,8686.83,177468,125429,1,10,7,0.296,20.43,0.847,Conservative
41,159248,5396.79,354783,12869,0,6,10,0.593,65.74,0.081,Aggressive
25,53529,3780.29,11819,12058,2,4,8,0.153,3.13,0.225,Balanced
60,207478,11458.53,342902,142089,1,8,4,0.337,29.93,0.685,Conservative
26,164013,10649.72,365937,88724,4,15,9,0.221,34.36,0.541,Aggressive
64,21669,1421.02,399744,3500,2,12,6,0.213,281.31,0.162,Balanced
50,236854,9692.55,112430,124541,4,39,1,0.509,11.6,0.526,Balanced
50,137373,7338.53,111129,92162,0,6,3,0.359,15.14,0.671,Conservative
36,64859,4746.94,26440,129798,4,21,1,0.122,5.57,2.001,Conservative
20,75786,2521.77,255302,68797,1,32,6,0.601,101.24,0.908,Aggressive
27,202155,12224.94,228556,110633,0,32,6,0.274,18.7,0.547,Aggressive
57,191148,14005.5,402138,52995,1,27,7,0.121,28.71,0.277,Balanced
64,40323,1731.6,314295,133053,0,11,1,0.485,181.51,3.3,Conservative
59,26021,1786.33,253880,82567,1,22,1,0.176,142.12,3.173,Conservative
18,59807,4303.67,453364,53075,2,36,5,0.136,105.34,0.887,Balanced
46,148305,9403.74,175013,15876,1,23,5,0.239,18.61,0.107,Balanced
67,70355,2797.96,21188,133054,2,37,1,0.523,7.57,1.891,Conservative
51,133415,5933.64,439996,70791,3,23,7,0.466,74.15,0.531,Balanced
68,195804,6032.32,14972,76285,4,27,7,0.63,2.48,0.39,Conservative
30,28711,1931.53,80936,30214,0,34,6,0.193,41.9,1.052,Balanced
71,214151,14585.22,36171,94244,4,20,7,0.183,2.48,0.44,Conservative
18,27904,1623.06,192381,2019,2,15,6,0.302,118.53,0.072,Aggressive
51,84033,3808.73,335943,102978,2,4,10,0.456,88.2,1.225,Balanced
46,106478,3480.46,273604,72516,2,29,2,0.608,78.61,0.681,Conservative
65,140035,8917.68,208192,43524,1,11,5,0.236,23.35,0.311,Balanced
64,240859,15045.45,385296,140284,4,7,7,0.25,25.61,0.582,Conservative
30,206168,14636.75,124618,113518,2,11,2,0.148,8.51,0.551,Balanced
65,241666,15140.23,395790,89022,3,33,5,0.248,26.14,0.368,Balanced
66,23093,1550.66,204933,108518,2,30,3,0.194,132.16,4.699,Conservative
70,44918,2845.84,297477,20592,4,32,9,0.24,104.53,0.458,Balanced
46,223815,12997.64,222313,91931,2,37,10,0.303,17.1,0.411,Aggressive
56,213708,10415.26,36476,53848,2,13,1,0.415,3.5,0.252,Balanced
41,209878,14799.28,201782,102841,0,7,7,0.154,13.63,0.49,Balanced
43,160466,9467.93,238970,44610,2,24,10,0.292,25.24,0.278,Aggressive
34,144501,6852.9,108049,29817,4,11,4,0.431,15.77,0.206,Aggressive
24,112510,3711.97,130620,85348,0,31,5,0.604,35.19,0.759,Aggressive
30,113708,4831.53,66158,87524,0,14,1,0.49,13.69,0.77,Balanced
22,117819,6372.53,50608,142180,2,26,5,0.351,7.94,1.207,Aggressive
43,164352,6869.91,153052,140291,2,1,8,0.498,22.28,0.854,Balanced
66,56303,2213.08,312782,118237,3,6,6,0.528,141.33,2.1,Conservative
20,47453,2531.09,9943,3881,4,31,2,0.36,3.93,0.082,Balanced
24,128886,4762.35,332613,42202,4,12,2,0.557,69.84,0.327,Balanced
66,80695,5313.94,132562,56623,1,1,9,0.21,24.95,0.702,Conservative
56,219521,11276.11,254185,59434,1,6,1,0.384,22.54,0.271,Balanced
70,176837,9808.92,464808,142181,4,29,2,0.334,47.39,0.804,Conservative
18,153412,5510.82,386425,88979,2,30,8,0.569,70.12,0.58,Aggressive
66,242787,10693.09,354842,71185,0,13,6,0.471,33.18,0.293,Balanced
34,244481,11725.91,323980,59056,3,30,3,0.424,27.63,0.242,Balanced
60,58057,3843.94,253085,57937,2,12,3,0.205,65.84,0.998,Conservative
42,151669,9777.44,291741,76567,0,10,9,0.226,29.84,0.505,Aggressive
20,209060,8234.13,201817,5508,4,39,2,0.527,24.51,0.026,Balanced
32,114655,6582.14,483609,61155,2,10,10,0.311,73.47,0.533,Aggressive
46,35025,1412.39,495600,73658,3,18,5,0.516,350.9,2.103,Balanced
70,27145,2021.25,412902,24509,1,6,7,0.106,204.28,0.903,Conservative
60,121206,8824.48,314000,25497,0,8,6,0.126,35.58,0.21,Balanced
49,206869,11374.27,492891,145490,2,20,1,0.34,43.33,0.703,Conservative
43,61723,3777.43,347388,59383,3,16,10,0.266,91.96,0.962,Balanced
33,93230,6143.75,244468,130053,2,2,3,0.209,39.79,1.395,Conservative
42,155902,9699.04,88515,43159,4,11,5,0.253,9.13,0.277,Balanced
71,175002,10717.5,260441,46814,0,24,3,0.265,24.3,0.268,Conservative
45,174824,12779.7,224586,106246,4,19,3,0.123,17.57,0.608,Conservative
26,128138,7240.34,406638,7945,4,4,5,0.322,56.16,0.062,Balanced
73,227097,13246.69,224187,117926,1,3,8,0.3,16.92,0.519,Balanced
73,249300,16975.21,162338,132565,4,15,10,0.183,9.56,0.532,Balanced
18,232376,13912.35,151359,116265,3,4,8,0.282,10.88,0.5,Balanced
46,82040,5148.78,416253,11187,0,17,8,0.247,80.84,0.136,Aggressive
74,128668,5133.78,338563,16696,1,9,6,0.521,65.95,0.13,Balanced
39,218768,10103.38,366498,39454,2,25,9,0.446,36.27,0.18,Aggressive
33,215720,7748.23,53534,118763,4,1,5,0.569,6.91,0.551,Balanced
58,75030,3927.64,97931,143452,2,2,10,0.372,24.93,1.912,Balanced
68,76815,3844.91,439258,21602,1,33,7,0.399,114.24,0.281,Balanced
61,236741,17724.79,396923,17619,2,22,1,0.102,22.39,0.074,Conservative
68,132789,7592.93,290878,73298,3,12,4,0.314,38.31,0.552,Balanced
71,186762,12179.13,31068,142297,1,27,1,0.217,2.55,0.762,Conservative
58,239478,10650.95,69133,131027,0,11,10,0.466,6.49,0.547,Aggressive
24,241104,16221.27,380410,45628,0,14,2,0.193,23.45,0.189,Balanced
31,77923,4469.51,478274,35171,0,14,6,0.312,107.01,0.451,Aggressive
46,187644,11467.33,110082,38789,0,22,1,0.267,9.6,0.207,Balanced
36,205102,8749.94,317347,56572,1,9,9,0.488,36.27,0.276,Aggressive
36,87904,4774.29,118134,78019,1,15,6,0.348,24.74,0.888,Balanced
19,180275,10496.82,446339,90373,1,33,8,0.301,42.52,0.501,Aggressive
58,97088,5453.13,185026,67905,4,19,10,0.326,33.93,0.699,Balanced
62,25608,1821.06,362572,133539,1,31,10,0.147,199.1,5.215,Balanced
32,65667,4618.85,213076,32241,1,18,8,0.156,46.13,0.491,Aggressive
20,75547,5565.56,470401,119115,1,12,2,0.116,84.52,1.577,Conservative
28,173557,10371.27,192203,79143,0,37,2,0.283,18.53,0.456,Balanced
70,160934,11862.88,337897,34822,3,1,3,0.115,28.48,0.216,Conservative
63,148391,9989.97,116670,147989,0,34,8,0.192,11.68,0.997,Balanced
47,95948,3989.5,17142,17907,3,7,8,0.501,4.3,0.187,Balanced
74,237962,11602.42,79676,39512,3,2,5,0.415,6.87,0.166,Conservative
57,91880,3683.74,82873,85656,3,22,2,0.519,22.5,0.932,Conservative
35,77560,2277.09,271634,5357,0,4,4,0.648,119.29,0.069,Balanced
68,135063,5103.43,447338,126292,4,20,4,0.547,87.65,0.935,Balanced
65,234601,6886.19,183235,141050,2,3,7,0.648,26.61,0.601,Conservative
19,114218,7099.71,4670,13616,4,9,4,0.254,0.66,0.119,Conservative
49,134462,6544.31,156389,74759,0,18,10,0.416,23.9,0.556,Aggressive
25,179487,7806.43,398852,98273,3,16,6,0.478,51.09,0.548,Aggressive
39,215595,13815.08,133284,116694,2,9,2,0.231,9.65,0.541,Conservative
23,170395,11471.39,253686,9422,4,19,2,0.192,22.11,0.055,Balanced
29,204286,15090.18,488046,139674,1,6,5,0.114,32.34,0.684,Balanced
64,37997,2226.33,494022,10497,4,15,1,0.297,221.9,0.276,Conservative
74,141266,7108.52,336331,121482,0,6,2,0.396,47.31,0.86,Conservative
57,208075,8980.09,498274,47229,2,5,3,0.482,55.49,0.227,Balanced
53,23679,931.92,184051,68628,1,29,9,0.528,197.5,2.898,Aggressive
32,246097,9579.52,404189,68127,2,27,9,0.533,42.19,0.277,Aggressive
45,60308,2890.03,212411,100806,2,26,7,0.425,73.5,1.672,Balanced
69,226096,16872.08,386020,19476,4,28,5,0.105,22.88,0.086,Balanced
74,190914,5575.8,254295,72597,3,32,2,0.65,45.61,0.38,Conservative
66,216480,8270.68,347675,81697,4,25,2,0.542,42.04,0.377,Conservative
62,220604,8339.13,22125,67209,1,7,8,0.546,2.65,0.305,Balanced
35,205010,12717.72,145333,91200,0,30,3,0.256,11.43,0.445,Balanced
19,25695,1164.55,337098,63575,4,31,7,0.456,289.47,2.474,Balanced
30,246812,12371.32,493851,7308,3,12,6,0.399,39.92,0.03,Aggressive
62,78499,2824.28,264465,109941,3,9,6,0.568,93.64,1.401,Conservative
71,43382,2070.58,100620,33267,4,34,3,0.427,48.6,0.767,Conservative
32,34235,1160.45,180218,98629,1,3,6,0.593,155.3,2.881,Balanced
37,213295,11432.15,246351,29224,3,37,4,0.357,21.55,0.137,Aggressive
46,153438,5164.03,36700,120721,3,28,1,0.596,7.11,0.787,Conservative
59,178539,11676.15,346533,66423,1,22,8,0.215,29.68,0.372,Aggressive
46,210388,11599.93,179822,107491,1,26,9,0.338,15.5,0.511,Aggressive
20,132468,8259.18,346948,76768,1,19,3,0.252,42.01,0.58,Balanced
36,26764,1294.0,299091,33696,1,21,1,0.42,231.14,1.259,Balanced
20,241968,11288.21,160756,60312,4,37,1,0.44,14.24,0.249,Balanced
71,133831,4505.81,443470,69939,4,10,1,0.596,98.42,0.523,Conservative
31,81836,4351.77,410527,14992,2,16,9,0.362,94.34,0.183,Aggressive
57,51923,2738.84,158167,139062,2,24,10,0.367,57.75,2.678,Aggressive
72,115711,5857.45,92068,44215,2,25,5,0.393,15.72,0.382,Balanced
21,36292,2290.28,369146,82544,3,26,3,0.243,161.18,2.274,Conservative
69,144913,9756.0,105067,4344,1,1,10,0.192,10.77,0.03,Balanced
28,152686,9707.45,280401,51523,4,4,9,0.237,28.89,0.337,Balanced
48,40939,1464.0,107636,136188,4,37,10,0.571,73.52,3.327,Balanced
60,38800,2237.9,405670,59660,1,14,9,0.308,181.27,1.538,Balanced
49,76440,2510.91,226901,107773,2,24,6,0.606,90.37,1.41,Balanced
44,174318,10634.01,192921,41646,3,27,5,0.268,18.14,0.239,Balanced
47,147521,6884.45,169502,4610,4,27,1,0.44,24.62,0.031,Balanced
60,203877,7184.53,92842,60519,0,24,6,0.577,12.92,0.297,Balanced
19,141327,9705.96,89260,37265,3,1,5,0.176,9.2,0.264,Balanced
66,69648,3991.44,488488,134924,3,39,9,0.312,122.38,1.937,Balanced
26,135192,6141.08,135383,97222,2,13,7,0.455,22.05,0.719,Balanced
45,207923,6357.24,161940,19788,1,20,3,0.633,25.47,0.095,Balanced
48,182760,9831.28,495326,7724,0,38,5,0.354,50.38,0.042,Aggressive
51,113498,8112.97,426435,49725,2,36,6,0.142,52.56,0.438,Balanced
73,49764,2811.7,402353,46026,1,12,2,0.322,143.1,0.925,Conservative
32,52470,3867.07,274777,141069,0,5,7,0.116,71.06,2.689,Balanced
65,189573,6714.8,47486,49588,4,5,9,0.575,7.07,0.262,Balanced
42,77207,4262.91,422587,10695,0,17,10,0.337,99.13,0.139,Aggressive
53,82157,5401.61,224679,43422,2,38,9,0.211,41.59,0.529,Aggressive
25,154288,8216.45,435188,63442,0,10,5,0.361,52.97,0.411,Aggressive
26,173144,5772.71,452049,132470,0,16,8,0.6,78.31,0.765,Aggressive
54,113778,6358.17,56008,108050,0,24,9,0.329,8.81,0.95,Aggressive
65,150016,8581.61,264045,73227,4,29,6,0.314,30.77,0.488,Balanced
62,144288,9027.5,141576,76479,1,14,4,0.249,15.68,0.53,Balanced
56,188204,12055.51,230421,79462,0,10,4,0.231,19.11,0.422,Balanced
49,130573,8421.14,166873,60273,3,29,3,0.226,19.82,0.462,Conservative
69,140730,8383.92,362957,45817,2,28,9,0.285,43.29,0.326,Balanced
34,168933,6598.19,487260,61171,3,17,10,0.531,73.85,0.362,Aggressive
52,84186,4015.18,137473,143185,1,5,6,0.428,34.24,1.701,Balanced
54,24960,1615.89,332265,134338,2,2,8,0.223,205.62,5.382,Conservative
36,38781,2825.79,461467,137480,1,36,2,0.126,163.31,3.545,Conservative
61,51126,1676.17,382317,14842,2,39,4,0.607,228.09,0.29,Balanced
46,173650,9327.11,259478,142208,3,9,2,0.355,27.82,0.819,Conservative
24,126034,5481.29,180381,134569,3,36,3,0.478,32.91,1.068,Balanced
45,37883,1496.27,127045,61415,4,5,2,0.526,84.91,1.621,Conservative
26,49782,2606.07,343943,21340,1,15,9,0.372,131.98,0.429,Aggressive
45,76387,4349.92,58671,107362,3,9,9,0.317,13.49,1.406,Balanced
23,168051,4976.76,461436,95330,2,25,6,0.645,92.72,0.567,Aggressive
46,53746,3489.52,458460,68070,0,28,7,0.221,131.38,1.267,Balanced
34,86266,5757.79,272998,56725,0,27,5,0.199,47.41,0.658,Balanced
33,20056,1472.5,231151,47018,0,33,10,0.119,156.98,2.344,Aggressive
40,51457,1926.87,59360,122907,4,33,1,0.551,30.81,2.389,Balanced
48,153315,8649.57,272148,35985,3,38,4,0.323,31.46,0.235,Balanced
20,206103,10041.41,185892,60341,1,8,4,0.415,18.51,0.293,Aggressive
38,152773,6800.38,135095,89249,1,4,8,0.466,19.87,0.584,Aggressive
43,207453,11428.9,336887,79712,4,36,5,0.339,29.48,0.384,Aggressive
53,201510,13103.37,391534,19075,2,31,3,0.22,29.88,0.095,Balanced
59,93839,2836.12,349347,121229,3,10,1,0.637,123.18,1.292,Conservative
54,100636,7406.56,427503,1555,3,8,1,0.117,57.72,0.015,Conservative
70,127697,8464.55,354051,147731,2,30,5,0.205,41.83,1.157,Conservative
39,86483,5499.85,24482,126562,2,14,8,0.237,4.45,1.463,Balanced
59,40505,2593.04,263693,68625,3,35,9,0.232,101.69,1.694,Balanced
29,157625,7408.16,276025,73114,3,3,10,0.436,37.26,0.464,Aggressive
59,53525,3405.04,461592,122656,0,29,10,0.237,135.56,2.292,Balanced
30,231474,10854.66,239325,116292,1,16,2,0.437,22.05,0.502,Balanced
28,116008,8162.02,248538,23185,0,10,5,0.156,30.45,0.2,Aggressive
71,64348,2399.5,48890,128877,0,4,4,0.553,20.38,2.003,Conservative
33,222259,9460.66,232861,34594,1,4,3,0.489,24.61,0.156,Balanced
25,27273,1484.64,274705,123126,4,2,8,0.347,185.03,4.515,Balanced
57,84236,3689.3,71741,17754,4,11,2,0.474,19.45,0.211,Balanced
74,226641,11017.22,312940,44507,4,15,2,0.417,28.4,0.196,Conservative
57,154607,7998.75,417730,21512,4,11,5,0.379,52.22,0.139,Balanced
62,169749,11613.58,259065,136883,2,23,10,0.179,22.31,0.806,Balanced
19,234096,12441.34,65035,34459,0,38,10,0.362,5.23,0.147,Aggressive
47,127157,5821.17,361653,64757,2,30,10,0.451,62.13,0.509,Aggressive
47,20908,847.22,327835,101694,2,1,1,0.514,386.95,4.864,Conservative
29,221225,10596.16,52076,9862,1,33,7,0.425,4.91,0.045,Aggressive
27,128352,6777.57,28647,98340,4,37,9,0.366,4.23,0.766,Aggressive
61,115967,7348.09,117122,109912,3,23,2,0.24,15.94,0.948,Conservative
28,108989,3783.52,330664,35107,4,18,10,0.583,87.4,0.322,Aggressive
32,55079,2165.91,449864,88080,0,10,1,0.528,207.7,1.599,Balanced
33,232628,10832.9,395461,145497,2,17,9,0.441,36.51,0.625,Aggressive
34,131889,6025.34,415864,34139,0,7,2,0.452,69.02,0.259,Balanced
43,69323,3266.62,409932,33444,2,15,9,0.435,125.49,0.482,Aggressive
19,196392,12870.82,229655,128443,2,27,8,0.214,17.84,0.654,Aggressive
67,243170,10705.25,42429,131324,2,9,7,0.472,3.96,0.54,Balanced
29,109909,5733.99,63137,101168,3,21,1,0.374,11.01,0.92,Balanced
68,66105,3818.38,453707,116304,4,37,4,0.307,118.82,1.759,Balanced
43,181236,7214.68,393504,10208,2,29,7,0.522,54.54,0.056,Aggressive
40,152957,9499.68,153584,84151,1,33,6,0.255,16.17,0.55,Balanced
35,208891,11330.79,328957,55585,2,6,1,0.349,29.03,0.266,Balanced
49,21049,1044.96,10025,82680,4,25,7,0.404,9.59,3.928,Balanced
66,73281,4857.19,129728,85206,4,35,2,0.205,26.71,1.163,Conservative
55,63271,2551.52,43848,39069,3,17,8,0.516,17.19,0.617,Balanced
74,86697,6038.06,60947,56218,2,27,2,0.164,10.09,0.648,Conservative
64,217423,11932.48,462366,25006,1,25,4,0.341,38.75,0.115,Balanced
20,56534,3227.37,111209,126610,3,12,6,0.315,34.46,2.24,Balanced
55,113034,7830.26,232812,39916,3,37,8,0.169,29.73,0.353,Balanced
20,78097,5204.32,86530,25667,2,38,3,0.2,16.63,0.329,Balanced
47,204885,11624.82,198453,76427,2,25,6,0.319,17.07,0.373,Balanced
18,45037,2868.31,395757,47688,3,2,6,0.236,137.98,1.059,Conservative
47,187079,9171.95,80366,14414,3,1,1,0.412,8.76,0.077,Conservative
62,230550,12508.45,472450,124668,3,3,6,0.349,37.77,0.541,Conservative
49,47278,1513.44,52326,18564,0,29,1,0.616,34.57,0.393,Balanced
45,159344,5303.79,368452,5316,3,14,9,0.601,69.47,0.033,Aggressive
38,208255,13990.99,206855,44056,4,34,4,0.194,14.78,0.212,Balanced
63,119173,3801.81,410789,88353,1,22,5,0.617,108.05,0.741,Balanced
30,58294,2152.84,390393,42239,1,36,1,0.557,181.34,0.725,Balanced
44,93277,6122.92,96322,72909,2,15,1,0.212,15.73,0.782,Conservative
53,213581,6240.66,290672,62938,3,37,9,0.649,46.58,0.295,Aggressive
24,24694,1039.87,485362,36054,1,10,6,0.495,466.75,1.46,Balanced
39,246914,13811.16,417156,102821,1,9,10,0.329,30.2,0.416,Aggressive
27,78150,4412.2,33387,129581,4,35,10,0.323,7.57,1.658,Aggressive
56,87470,5666.85,432653,19012,4,17,6,0.223,76.35,0.217,Balanced
70,41556,2175.66,65545,82458,0,18,5,0.372,30.13,1.984,Balanced
32,215543,11319.08,104636,18164,0,25,6,0.37,9.24,0.084,Aggressive
32,200927,12539.87,455219,6605,1,35,8,0.251,36.3,0.033,Aggressive
21,69086,3593.87,259007,77254,2,16,7,0.376,72.07,1.118,Balanced
49,169979,9698.29,260297,147217,1,25,7,0.315,26.84,0.866,Balanced
40,222767,15663.78,471498,16120,2,16,9,0.156,30.1,0.072,Aggressive
72,199559,9492.32,27928,116648,1,24,9,0.429,2.94,0.585,Balanced
23,180230,8438.05,133185,147434,4,12,9,0.438,15.78,0.818,Aggressive
41,171365,5026.02,310987,114140,3,35,1,0.648,61.88,0.666,Balanced
37,196833,11275.0,73659,39865,1,9,6,0.313,6.53,0.203,Aggressive
54,119468,3647.5,101837,85482,0,37,5,0.634,27.92,0.716,Balanced
37,53387,2790.72,453843,70437,2,32,8,0.373,162.63,1.319,Aggressive
29,191822,12665.5,314732,108996,2,19,10,0.208,24.85,0.568,Aggressive
50,88602,4817.41,202767,133557,1,22,8,0.348,42.09,1.507,Aggressive
45,172328,7155.92,176595,59789,2,34,8,0.502,24.68,0.347,Aggressive
25,156666,10214.53,30153,122863,0,19,5,0.218,2.95,0.784,Conservative
18,22460,932.73,471332,98952,4,12,10,0.502,505.32,4.406,Aggressive
54,92356,5796.63,78012,10461,3,18,10,0.247,13.46,0.113,Balanced
39,74698,4268.01,109622,57042,3,5,1,0.314,25.68,0.764,Conservative
23,121746,4499.51,257996,79548,2,26,4,0.557,57.34,0.653,Aggressive
38,36191,2556.97,16218,52967,1,27,7,0.152,6.34,1.464,Balanced
49,104631,4013.94,75377,104583,2,20,2,0.54,18.78,1.0,Conservative
52,30529,2275.1,54719,140815,0,8,7,0.106,24.05,4.612,Conservative
32,52175,1539.25,376144,124182,1,16,5,0.646,244.37,2.38,Balanced
22,37675,1553.83,185526,2632,4,2,6,0.505,119.4,0.07,Balanced
73,194230,7444.24,410012,27108,0,1,6,0.54,55.08,0.14,Balanced
63,66798,1991.12,26785,99572,4,5,5,0.642,13.45,1.491,Conservative
67,90910,5703.11,314954,44049,1,31,10,0.247,55.23,0.485,Balanced
65,150400,9166.68,386890,72556,4,23,7,0.269,42.21,0.482,Balanced
23,177048,11593.59,407850,36395,0,21,4,0.214,35.18,0.206,Aggressive
42,214188,8767.15,111045,149596,0,12,1,0.509,12.67,0.698,Balanced
73,98678,4887.72,447358,38270,2,4,9,0.406,91.53,0.388,Balanced
63,82821,4917.58,259031,39190,1,37,7,0.287,52.67,0.473,Balanced
73,32204,1588.39,357517,5846,3,11,9,0.408,225.08,0.182,Aggressive
57,206737,12637.3,132027,85440,3,9,9,0.266,10.45,0.413,Balanced
46,27394,1594.98,73679,110150,4,26,7,0.301,46.19,4.021,Balanced
24,84814,2919.41,127685,139884,3,39,2,0.587,43.74,1.649,Balanced
57,53593,3481.64,201728,70943,3,27,2,0.22,57.94,1.324,Conservative
30,193036,12006.39,271511,117211,0,29,4,0.254,22.61,0.607,Balanced
55,228260,13518.87,288221,135839,0,25,9,0.289,21.32,0.595,Aggressive
35,135064,4899.46,160219,149875,0,18,7,0.565,32.7,1.11,Balanced
19,73365,3040.97,442610,10971,3,30,9,0.503,145.55,0.15,Aggressive
25,151515,7149.58,91507,99242,4,8,4,0.434,12.8,0.655,Balanced
28,240511,10100.69,202207,86850,1,2,9,0.496,20.02,0.361,Aggressive
50,179252,7099.81,145459,64481,2,22,7,0.525,20.49,0.36,Balanced
71,199863,13206.73,43814,63486,4,21,8,0.207,3.32,0.318,Balanced
55,237727,13887.77,179775,64840,0,39,1,0.299,12.94,0.273,Balanced
65,226971,12502.5,486921,79208,4,26,9,0.339,38.95,0.349,Aggressive
44,194737,7696.56,559,42991,1,29,8,0.526,0.07,0.221,Aggressive
37,123700,8813.03,406389,31088,0,5,1,0.145,46.11,0.251,Balanced
29,117077,4440.64,449067,3177,1,14,8,0.545,101.13,0.027,Aggressive
60,154537,10137.92,88731,146756,2,35,5,0.213,8.75,0.95,Conservative
48,88247,6483.73,464783,21735,4,6,3,0.118,71.68,0.246,Conservative
44,202631,12662.77,199872,5100,2,23,8,0.25,15.78,0.025,Aggressive
49,176270,13162.56,384340,42691,3,17,3,0.104,29.2,0.242,Conservative
27,74740,4410.15,264438,79164,4,24,8,0.292,59.96,1.059,Aggressive
20,173560,6792.03,262641,137479,3,29,5,0.53,38.67,0.792,Balanced
62,189587,7300.69,388786,24054,1,30,8,0.538,53.25,0.127,Aggressive
44,240216,10579.72,273365,95120,3,24,3,0.471,25.84,0.396,Balanced
52,47898,1412.68,190858,83611,1,35,10,0.646,135.1,1.746,Aggressive
48,152991,9242.37,268330,140521,2,37,6,0.275,29.03,0.918,Balanced
32,201142,8343.49,441159,123311,0,2,6,0.502,52.87,0.613,Balanced
33,82613,5496.18,357647,134977,2,21,4,0.202,65.07,1.634,Balanced
30,116707,5325.19,234863,121502,3,5,5,0.452,44.1,1.041,Balanced
66,131777,6742.33,195835,72220,1,35,7,0.386,29.05,0.548,Balanced
52,237207,17417.5,63222,140448,3,35,1,0.119,3.63,0.592,Conservative
69,233573,9405.1,184145,47881,0,19,8,0.517,19.58,0.205,Aggressive
28,67003,4169.2,144460,86245,4,16,3,0.253,34.65,1.287,Conservative
38,68478,4367.27,301992,144190,4,25,7,0.235,69.15,2.106,Balanced
68,165506,6503.68,276177,29888,4,16,9,0.528,42.46,0.181,Aggressive
71,197318,10285.99,153488,94827,3,31,2,0.374,14.92,0.481,Conservative
28,187721,8488.29,61922,47460,4,33,10,0.457,7.29,0.253,Aggressive
47,79030,5101.05,444241,111873,1,17,10,0.225,87.09,1.416,Balanced
65,204133,11777.89,397269,41594,0,21,7,0.308,33.73,0.204,Balanced
70,153071,7803.95,381004,27588,2,35,1,0.388,48.82,0.18,Balanced
52,165921,10766.2,270788,55013,1,23,5,0.221,25.15,0.332,Balanced
39,227511,9087.84,370222,58172,0,16,7,0.521,40.74,0.256,Aggressive
55,72800,4637.92,242315,56615,2,38,5,0.236,52.25,0.778,Balanced
48,25445,1751.37,91545,71358,4,14,5,0.174,52.27,2.804,Conservative
31,169112,11742.6,453647,25112,2,33,6,0.167,38.63,0.148,Aggressive
41,215387,14018.47,195284,91514,3,21,10,0.219,13.93,0.425,Aggressive
67,20246,969.12,399153,16037,3,17,10,0.426,411.87,0.792,Balanced
66,51153,3793.82,352727,8996,4,4,6,0.11,92.97,0.176,Conservative
49,25212,1173.99,261158,23066,4,16,10,0.441,222.45,0.915,Balanced
53,154411,9023.32,164090,90963,1,30,2,0.299,18.19,0.589,Conservative
49,239750,8762.68,24330,125105,1,34,10,0.561,2.78,0.522,Balanced
72,76238,5649.53,373225,40865,3,22,10,0.111,66.06,0.536,Balanced
32,170466,10472.18,336929,126023,0,29,9,0.263,32.17,0.739,Aggressive
60,73871,4705.32,309197,139139,1,5,3,0.236,65.71,1.884,Conservative
52,120672,3883.4,219457,130555,0,1,1,0.614,56.51,1.082,Conservative
20,228794,14678.66,488541,136413,3,25,1,0.23,33.28,0.596,Balanced
33,54607,3531.7,399631,26440,1,6,9,0.224,113.16,0.484,Aggressive
22,72055,4320.15,291339,81163,0,23,6,0.281,67.44,1.126,Balanced
38,124509,5297.34,468986,88738,0,33,7,0.489,88.53,0.713,Balanced
27,155467,8023.78,277347,79877,1,14,2,0.381,34.57,0.514,Balanced
36,147378,5044.49,481751,19314,4,36,1,0.589,95.5,0.131,Balanced
42,166362,8448.04,153050,90365,2,18,2,0.391,18.12,0.543,Balanced
21,107687,4344.3,68418,134592,4,10,3,0.516,15.75,1.25,Balanced
46,85078,3842.71,292772,5110,2,39,3,0.458,76.19,0.06,Balanced
36,154763,5667.29,53750,100011,0,12,8,0.561,9.48,0.646,Aggressive
60,158542,6295.83,222691,84213,1,38,4,0.523,35.37,0.531,Balanced
19,154913,5061.95,108277,35252,3,23,1,0.608,21.39,0.228,Balanced
27,122652,8748.62,299770,51887,1,7,2,0.144,34.26,0.423,Balanced
60,83197,4449.14,107116,76251,4,25,9,0.358,24.08,0.917,Balanced
42,75773,3587.9,47299,85375,2,13,2,0.432,13.18,1.127,Balanced
37,168848,9065.25,225800,115625,1,38,9,0.356,24.91,0.685,Aggressive
65,222668,12906.6,451964,33645,2,19,5,0.304,35.02,0.151,Balanced
36,138943,9923.23,295551,43664,4,22,4,0.143,29.78,0.314,Balanced
40,47584,1777.58,8144,74274,4,11,4,0.552,4.58,1.561,Balanced
41,155372,6636.38,297227,126083,1,3,3,0.487,44.79,0.811,Conservative
28,23338,1724.45,55060,37261,3,19,2,0.113,31.93,1.597,Conservative
63,82601,3814.49,496321,97432,3,27,8,0.446,130.11,1.18,Balanced
51,156559,4728.2,373278,24365,2,7,6,0.638,78.95,0.156,Balanced
72,56282,2022.42,408901,110127,1,37,9,0.569,202.18,1.957,Balanced
45,246137,7476.13,106089,48817,0,27,2,0.636,14.19,0.198,Balanced
22,135447,10095.97,304632,148883,4,34,1,0.106,30.17,1.099,Conservative
22,115798,4857.52,404162,104591,2,11,8,0.497,83.2,0.903,Aggressive
68,150963,10793.21,285806,149155,4,38,8,0.142,26.48,0.988,Balanced
38,227888,17048.63,145722,46610,2,5,5,0.102,8.55,0.205,Balanced
29,128611,7287.02,435020,143233,1,7,2,0.32,59.7,1.114,Balanced
67,179876,5520.06,95873,145475,2,36,10,0.632,17.37,0.809,Balanced
21,160987,5297.48,36503,116833,2,5,5,0.605,6.89,0.726,Balanced
71,31158,1596.52,52246,72494,0,5,8,0.385,32.72,2.327,Balanced
66,225229,10762.09,67423,25805,2,27,4,0.427,6.26,0.115,Balanced
59,30547,1739.65,471461,94506,3,29,2,0.317,271.01,3.094,Conservative
37,108713,5357.43,132555,10468,2,27,3,0.409,24.74,0.096,Balanced
55,22459,1616.57,389954,11135,2,32,3,0.136,241.22,0.496,Conservative
42,179840,9653.01,47614,127056,1,25,9,0.356,4.93,0.706,Aggressive
31,83146,5068.78,98187,63135,2,34,3,0.268,19.37,0.759,Conservative
28,123577,8681.97,51774,64699,0,15,1,0.157,5.96,0.524,Balanced
49,201942,7249.37,218911,66036,1,34,7,0.569,30.2,0.327,Balanced
28,127761,5071.62,282022,129729,4,35,1,0.524,55.61,1.015,Balanced
35,123727,4217.29,253316,21990,3,20,6,0.591,60.07,0.178,Aggressive
44,70460,2506.03,270192,19134,3,24,10,0.573,107.82,0.272,Aggressive
72,102970,5422.41,40121,50464,4,34,4,0.368,7.4,0.49,Balanced
71,211889,9299.25,249160,84073,2,34,7,0.473,26.79,0.397,Balanced
35,189319,9193.73,197883,131680,0,27,7,0.417,21.52,0.696,Balanced
73,35419,2628.0,258370,149119,0,21,7,0.11,98.31,4.21,Conservative
40,55577,2020.17,87401,134366,0,33,6,0.564,43.26,2.418,Balanced
28,22921,1236.68,227815,116685,0,39,7,0.353,184.22,5.091,Aggressive
38,155748,5248.44,115923,92541,2,36,8,0.596,22.09,0.594,Aggressive
61,237033,10373.61,253037,80709,4,25,3,0.475,24.39,0.34,Conservative
22,200756,10709.32,90173,85105,4,7,5,0.36,8.42,0.424,Balanced
40,164535,11937.66,415247,47043,3,10,10,0.129,34.78,0.286,Aggressive
58,176546,8314.96,280514,56536,4,10,9,0.435,33.74,0.32,Aggressive
42,60935,1958.55,443263,3706,0,38,8,0.614,226.32,0.061,Aggressive
58,145534,6833.9,46238,142338,2,24,6,0.437,6.77,0.978,Balanced
71,218077,7817.29,68037,86422,1,10,9,0.57,8.7,0.396,Aggressive
27,209668,8325.47,241515,123555,1,26,10,0.524,29.01,0.589,Aggressive
39,92828,5337.22,408472,75382,0,30,5,0.31,76.53,0.812,Balanced
36,143649,4633.68,320351,78255,3,27,2,0.613,69.14,0.545,Balanced
18,242017,12213.75,434546,86924,1,19,9,0.394,35.58,0.359,Aggressive
24,109062,6227.48,224971,45116,0,1,5,0.315,36.13,0.414,Balanced
21,75152,3645.01,141618,85464,2,33,8,0.418,38.85,1.137,Aggressive
18,240073,7212.58,155224,69354,1,11,8,0.639,21.52,0.289,Aggressive
32,116491,8659.51,317673,8087,0,34,4,0.108,36.68,0.069,Aggressive
57,243393,11194.33,299600,121770,1,38,4,0.448,26.76,0.5,Balanced
29,106569,6911.15,276530,101747,2,16,1,0.222,40.01,0.955,Conservative
39,92467,4077.07,348925,87629,4,1,5,0.471,85.58,0.948,Conservative
39,203648,10373.48,367297,66583,4,28,9,0.389,35.41,0.327,Aggressive
67,217699,10225.59,425539,43413,2,15,5,0.436,41.62,0.199,Balanced
64,176844,7934.35,170520,84580,2,16,5,0.462,21.49,0.478,Balanced
34,167435,5051.21,407038,81530,4,32,6,0.638,80.58,0.487,Aggressive
46,179562,8200.17,204902,130393,2,39,6,0.452,24.99,0.726,Balanced
63,210076,14691.66,112205,39034,2,1,8,0.161,7.64,0.186,Balanced
31,142537,8667.63,115931,90875,2,9,1,0.27,13.38,0.638,Conservative
67,73806,2644.61,268806,141631,4,29,5,0.57,101.64,1.919,Balanced
37,151332,8514.13,376871,134480,4,25,9,0.325,44.26,0.889,Aggressive
67,95992,6725.26,82793,23878,1,11,3,0.159,12.31,0.249,Conservative
65,42320,2592.17,137477,149140,4,11,7,0.265,53.04,3.524,Conservative
50,98971,3561.11,488017,91025,1,6,7,0.568,137.04,0.92,Balanced
72,193217,13320.83,381459,93243,4,34,10,0.173,28.64,0.483,Balanced
60,214760,9231.98,127114,88647,3,14,3,0.484,13.77,0.413,Conservative
32,68581,3427.57,111080,82462,1,8,7,0.4,32.41,1.202,Balanced
29,243633,12981.14,320127,84855,2,25,3,0.361,24.66,0.348,Balanced
57,113645,7744.7,38957,123300,3,4,6,0.182,5.03,1.085,Conservative
71,40754,2928.8,85440,125250,4,31,8,0.138,29.17,3.073,Balanced
37,89837,6448.12,409096,72812,4,21,8,0.139,63.44,0.81,Balanced
47,158279,4674.17,409224,54851,3,32,6,0.646,87.55,0.347,Balanced
55,178992,12783.59,20176,49698,0,14,2,0.143,1.58,0.278,Conservative
20,238811,7560.61,351440,21345,2,28,1,0.62,46.48,0.089,Aggressive
45,143746,5943.6,72933,57797,1,25,3,0.504,12.27,0.402,Balanced
73,134780,7112.38,382670,51843,3,28,3,0.367,53.8,0.385,Conservative
43,107081,5478.61,395280,9949,1,15,7,0.386,72.15,0.093,Aggressive
47,44016,2503.74,145442,37542,4,22,4,0.317,58.09,0.853,Balanced
30,247706,12668.0,276863,91529,0,6,2,0.386,21.86,0.37,Balanced
30,80522,5796.96,213549,125040,0,2,2,0.136,36.84,1.553,Conservative
19,140896,5662.87,413596,130268,1,6,7,0.518,73.04,0.925,Balanced
54,225164,9395.22,120582,83258,4,23,8,0.499,12.83,0.37,Aggressive
66,205140,14640.26,404095,90578,0,26,5,0.144,27.6,0.442,Balanced
55,132099,4317.51,185866,138073,2,11,2,0.608,43.05,1.045,Conservative
19,171174,9774.87,3448,7948,4,1,3,0.315,0.35,0.046,Conservative
53,124429,7517.12,488845,97410,3,28,1,0.275,65.03,0.783,Conservative
71,21924,1147.44,36402,84391,3,22,10,0.372,31.72,3.849,Balanced
43,105015,6404.41,215079,41522,3,13,4,0.268,33.58,0.395,Balanced
28,124987,4635.09,9469,60310,2,36,7,0.555,2.04,0.483,Balanced
25,74333,5072.9,63305,111350,4,22,10,0.181,12.48,1.498,Aggressive
61,235530,8381.22,283290,106405,1,4,9,0.573,33.8,0.452,Balanced
57,235268,11183.99,192138,50882,1,18,3,0.43,17.18,0.216,Balanced
60,197171,6430.92,56318,73415,4,38,4,0.609,8.76,0.372,Balanced
39,208418,11286.98,457167,75085,2,17,6,0.35,40.5,0.36,Aggressive
37,146372,8762.32,4178,119913,4,25,1,0.282,0.48,0.819,Conservative
25,226553,16381.14,240616,130985,1,17,5,0.132,14.69,0.578,Balanced
46,201134,12682.08,93555,15136,4,29,10,0.243,7.38,0.075,Aggressive
57,151378,8169.45,116186,105550,3,8,5,0.352,14.22,0.697,Conservative
43,108495,7802.05,123939,42148,4,29,10,0.137,15.89,0.388,Aggressive
47,89767,4586.65,393039,71501,0,15,9,0.387,85.69,0.797,Balanced
34,124332,6824.41,462595,111672,4,33,9,0.341,67.79,0.898,Aggressive
37,163279,9223.28,118689,43967,1,10,1,0.322,12.87,0.269,Balanced
69,59426,2849.92,266658,19507,1,37,3,0.425,93.57,0.328,Balanced
72,26336,1780.24,136679,101447,1,11,4,0.189,76.78,3.852,Conservative
33,132200,4977.85,365276,101104,3,35,1,0.548,73.38,0.765,Balanced
63,226238,12351.9,37923,116890,1,34,9,0.345,3.07,0.517,Aggressive
60,37256,2319.89,120515,88122,0,32,2,0.253,51.95,2.365,Conservative
24,200889,14182.54,122808,133414,4,22,5,0.153,8.66,0.664,Balanced
33,53719,3743.12,497878,126273,2,4,3,0.164,133.01,2.351,Conservative
62,62017,3254.9,366568,44360,1,2,4,0.37,112.62,0.715,Conservative
64,65704,3853.2,107916,10167,4,33,4,0.296,28.01,0.155,Balanced
73,50013,2362.41,294976,62853,3,9,2,0.433,124.86,1.257,Conservative
65,99991,5062.03,367952,48303,4,35,2,0.393,72.69,0.483,Conservative
44,90258,6381.59,427726,112988,1,38,8,0.152,67.03,1.252,Aggressive
70,98348,7063.74,351579,66991,1,31,2,0.138,49.77,0.681,Conservative
40,246884,17332.86,258072,133611,1,14,10,0.158,14.89,0.541,Aggressive
41,187848,6670.23,265305,101922,0,31,7,0.574,39.77,0.543,Aggressive
26,30060,2047.95,136370,90986,4,33,1,0.182,66.59,3.027,Conservative
52,229664,16681.26,197648,126550,2,16,1,0.128,11.85,0.551,Conservative
68,157727,7211.9,416045,149661,0,20,10,0.451,57.69,0.949,Balanced
37,239182,12661.81,187632,143791,2,14,3,0.365,14.82,0.601,Balanced
54,69923,4536.27,288494,3591,1,35,3,0.221,63.6,0.051,Balanced
59,98563,5413.93,216277,70250,2,33,9,0.341,39.95,0.713,Aggressive
34,155102,11586.33,249746,127410,2,29,2,0.104,21.56,0.821,Conservative
64,109779,5494.83,134729,92955,0,8,4,0.399,24.52,0.847,Conservative
48,184361,11409.93,300129,4667,0,34,3,0.257,26.3,0.025,Balanced
72,170811,11187.05,399052,73993,4,14,7,0.214,35.67,0.433,Conservative
74,119704,6202.22,466417,73829,2,14,6,0.378,75.2,0.617,Balanced
25,149157,10209.06,379575,24238,0,15,9,0.179,37.18,0.162,Aggressive
32,130234,7058.52,486870,125636,4,20,8,0.35,68.98,0.965,Aggressive
48,81687,3923.75,42780,100573,2,28,2,0.424,10.9,1.231,Conservative
70,56491,1926.83,183717,125842,2,4,3,0.591,95.35,2.228,Conservative
47,246621,11640.05,379423,84403,1,7,1,0.434,32.6,0.342,Conservative
63,92115,5785.32,113532,11184,0,2,8,0.246,19.62,0.121,Balanced
37,137935,9847.5,341934,86349,3,9,2,0.143,34.72,0.626,Conservative
56,103778,4223.97,5709,25482,0,23,4,0.512,1.35,0.246,Balanced
70,155853,7083.25,61902,15660,1,36,2,0.455,8.74,0.1,Balanced
72,40448,1465.16,211598,24479,4,12,2,0.565,144.42,0.605,Conservative
29,71550,4352.01,486853,37230,0,23,3,0.27,111.87,0.52,Balanced
66,69294,5070.61,8145,3340,2,31,10,0.122,1.61,0.048,Balanced
34,41446,2426.4,301152,105251,3,11,5,0.297,124.11,2.539,Balanced
59,96579,5548.4,102958,31829,4,1,8,0.311,18.56,0.33,Balanced
47,236461,12895.39,320466,138111,0,13,10,0.346,24.85,0.584,Aggressive
46,134679,4474.16,363613,138227,4,39,2,0.601,81.27,1.026,Conservative
36,105615,6611.74,137590,125045,2,29,5,0.249,20.81,1.184,Balanced
63,37101,2105.88,444624,126086,3,6,4,0.319,211.14,3.398,Conservative
28,217250,12922.98,157946,103213,2,31,3,0.286,12.22,0.475,Balanced
51,48016,3378.51,399429,73933,3,9,10,0.156,118.23,1.54,Balanced
67,170004,11066.95,111875,114753,4,18,6,0.219,10.11,0.675,Conservative
24,195725,12714.03,249380,143309,0,3,9,0.22,19.61,0.732,Balanced
61,110481,7917.35,358252,100355,3,32,8,0.14,45.25,0.908,Balanced
51,72802,5426.57,480787,131074,2,3,2,0.106,88.6,1.8,Conservative
37,27549,1537.48,251865,122114,3,30,1,0.33,163.82,4.433,Balanced
67,230005,7856.3,97356,65860,4,6,8,0.59,12.39,0.286,Balanced
55,176434,8858.77,486815,21275,4,27,5,0.397,54.95,0.121,Balanced
41,67842,4427.71,376275,51734,4,2,2,0.217,84.98,0.763,Conservative
27,66539,2025.27,216070,63261,0,20,10,0.635,106.69,0.951,Aggressive
49,53717,1706.8,263670,125526,4,17,1,0.619,154.48,2.337,Conservative
69,205668,6631.71,70509,89896,0,33,8,0.613,10.63,0.437,Aggressive
32,174088,10910.53,201775,19498,1,17,8,0.248,18.49,0.112,Aggressive
54,206272,10754.36,182678,77003,3,37,6,0.374,16.99,0.373,Balanced
37,231340,10658.87,224997,144441,2,29,5,0.447,21.11,0.624,Balanced
20,211359,7187.78,92176,60071,0,9,5,0.592,12.82,0.284,Aggressive
54,135042,8470.87,345150,13997,0,4,6,0.247,40.75,0.104,Conservative
74,147922,6490.83,213049,43518,2,13,5,0.473,32.82,0.294,Balanced
57,112447,4647.14,260166,109885,3,6,2,0.504,55.98,0.977,Conservative
25,103402,6107.4,95064,130480,4,9,7,0.291,15.57,1.262,Balanced
57,62607,3430.11,296096,24686,3,26,4,0.343,86.32,0.394,Balanced
61,178693,8180.06,481678,85736,0,39,7,0.451,58.88,0.48,Balanced
73,32823,1922.38,265912,75691,4,14,1,0.297,138.32,2.306,Conservative
40,49986,2079.3,81229,13074,1,34,6,0.501,39.07,0.262,Aggressive
57,141682,9293.83,94102,18091,2,4,2,0.213,10.13,0.128,Conservative
28,84325,3345.77,394374,6715,3,21,3,0.524,117.87,0.08,Balanced
63,147925,5391.38,34564,38821,4,31,3,0.563,6.41,0.262,Balanced
25,77771,5057.33,165865,20199,2,21,10,0.22,32.8,0.26,Aggressive
46,74973,4619.22,43542,134111,3,29,1,0.261,9.43,1.789,Conservative
47,165762,6222.31,368098,5861,0,24,5,0.55,59.16,0.035,Aggressive
73,59107,2038.87,139364,52008,0,16,8,0.586,68.35,0.88,Balanced
27,77888,5264.71,400320,57668,0,9,8,0.189,76.04,0.74,Balanced
56,30956,2004.73,179393,122494,1,21,10,0.223,89.48,3.957,Balanced
45,106839,4718.65,39057,30691,0,2,7,0.47,8.28,0.287,Balanced
66,207299,12299.89,7920,23815,0,2,7,0.288,0.64,0.115,Conservative
53,187605,6539.41,170093,91674,0,37,8,0.582,26.01,0.489,Aggressive
30,246282,12906.74,455667,83464,4,37,8,0.371,35.3,0.339,Aggressive
49,207306,6224.39,255523,87771,2,5,5,0.64,41.05,0.423,Balanced
53,121131,5707.1,245420,86553,1,6,7,0.435,43.0,0.715,Balanced
54,87594,2855.3,285662,127602,3,8,2,0.609,100.05,1.457,Conservative
43,207973,10595.03,125700,84185,1,32,4,0.389,11.86,0.405,Aggressive
39,31519,1528.47,63576,111184,2,37,6,0.418,41.59,3.528,Balanced
21,182187,9024.51,5608,41026,0,13,10,0.406,0.62,0.225,Aggressive
48,217338,6790.58,93186,120975,0,3,3,0.625,13.72,0.557,Conservative
35,21832,998.61,333427,5260,3,9,2,0.451,333.89,0.241,Balanced
55,192440,12285.15,74437,144729,1,4,1,0.234,6.06,0.752,Conservative
41,239497,11034.88,410723,123344,1,28,4,0.447,37.22,0.515,Aggressive
73,133922,8295.85,141569,102495,3,16,2,0.257,17.07,0.765,Conservative
40,125474,5784.49,267905,1467,1,11,3,0.447,46.31,0.012,Balanced
39,89715,4357.02,201376,137173,1,19,10,0.417,46.22,1.529,Aggressive
19,91835,5052.0,334164,133832,1,22,6,0.34,66.14,1.457,Aggressive
48,93366,6791.4,21426,104725,3,39,10,0.127,3.15,1.122,Balanced
72,57570,1966.37,491114,143720,3,12,3,0.59,249.76,2.496,Conservative
28,239049,7332.88,229566,34161,2,30,3,0.632,31.31,0.143,Aggressive
45,157687,8993.11,197118,110803,1,5,4,0.316,21.92,0.703,Balanced
63,223370,16231.62,410860,87298,2,37,3,0.128,25.31,0.391,Conservative
49,58311,4345.86,419619,18083,4,32,6,0.106,96.56,0.31,Balanced
22,110245,5661.91,260331,148576,4,34,9,0.384,45.98,1.348,Aggressive
55,123187,6235.78,132749,50723,1,12,8,0.393,21.29,0.412,Aggressive
27,43434,2550.77,486198,112660,0,2,2,0.295,190.61,2.594,Conservative
57,106879,5839.15,61452,142768,4,7,3,0.344,10.52,1.336,Conservative
63,35739,2081.05,402884,105071,0,32,8,0.301,193.6,2.94,Balanced
41,86202,5967.33,379824,87258,2,35,3,0.169,63.65,1.012,Conservative
52,118580,7514.7,396105,95735,1,6,5,0.24,52.71,0.807,Conservative
61,244491,12698.91,269008,62071,2,22,9,0.377,21.18,0.254,Aggressive
65,99599,5013.36,129633,94968,2,25,2,0.396,25.86,0.954,Conservative
40,184721,10802.81,27533,54094,3,13,9,0.298,2.55,0.293,Balanced
34,198517,9936.41,49045,42415,1,23,10,0.399,4.94,0.214,Aggressive
18,136770,6858.77,12365,88251,3,9,5,0.398,1.8,0.645,Conservative
72,59470,1778.99,19436,27124,2,37,9,0.641,10.93,0.456,Aggressive
48,94965,3527.44,260348,23403,0,37,4,0.554,73.81,0.246,Aggressive
48,145332,7492.86,78363,2422,1,30,8,0.381,10.46,0.017,Aggressive
59,199693,13353.79,360432,129457,1,20,8,0.198,26.99,0.648,Balanced
74,149681,6277.87,101114,105894,4,38,3,0.497,16.11,0.707,Conservative
72,183998,9774.19,397457,144527,0,16,5,0.363,40.66,0.785,Balanced
59,134300,6040.47,368233,75068,0,22,10,0.46,60.96,0.559,Aggressive
70,57997,1970.17,352181,144613,2,38,1,0.592,178.76,2.493,Conservative
73,211012,15422.59,135411,146553,2,10,6,0.123,8.78,0.695,Conservative
51,191796,13107.19,368529,42478,2,20,9,0.18,28.12,0.221,Aggressive
26,117805,3859.79,281783,38593,4,2,1,0.607,73.0,0.328,Conservative
39,182776,11360.79,440621,72296,0,3,2,0.254,38.78,0.396,Conservative
30,142202,6412.94,222506,41670,3,8,7,0.459,34.7,0.293,Balanced
42,179463,13417.36,315393,20954,0,9,6,0.103,23.51,0.117,Balanced
65,214363,9223.31,287680,33341,3,28,10,0.484,31.19,0.156,Aggressive
35,240795,9658.01,366185,27419,1,21,3,0.519,37.92,0.114,Balanced
68,22526,1243.32,176844,49659,3,33,2,0.338,142.24,2.205,Conservative
29,175758,11853.7,395456,133294,1,34,7,0.191,33.36,0.758,Balanced
57,93339,3545.99,215616,56840,2,4,10,0.544,60.81,0.609,Balanced
34,249276,15375.58,59288,66323,0,25,10,0.26,3.86,0.266,Aggressive
32,26574,849.87,32111,93901,2,32,5,0.616,37.78,3.534,Balanced
59,28733,2048.22,202399,102971,0,12,6,0.145,98.82,3.584,Conservative
32,70290,2311.32,162681,116921,3,2,9,0.605,70.38,1.663,Balanced
32,92793,6594.7,19981,25162,0,12,7,0.147,3.03,0.271,Balanced
72,56051,2895.71,267891,76893,3,26,4,0.38,92.51,1.372,Balanced
56,35909,1784.83,185193,45569,0,21,9,0.404,103.76,1.269,Aggressive
30,240754,17762.01,415099,117937,1,37,3,0.115,23.37,0.49,Balanced
34,97338,7257.45,458251,27277,3,36,4,0.105,63.14,0.28,Balanced
49,93432,5509.36,287963,104375,2,18,10,0.292,52.27,1.117,Balanced
26,48133,1684.32,170906,85956,2,24,3,0.58,101.47,1.786,Balanced
57,202643,10611.63,24228,57899,2,30,10,0.372,2.28,0.286,Balanced
37,99062,5291.89,361800,12167,2,17,3,0.359,68.37,0.123,Balanced
43,201980,10653.53,424158,45350,1,16,1,0.367,39.81,0.225,Balanced
44,162350,8972.82,87346,146662,1,17,5,0.337,9.73,0.903,Balanced
38,131546,3949.65,305165,27883,4,12,4,0.64,77.26,0.212,Aggressive
35,71458,4413.57,327421,14374,4,27,9,0.259,74.19,0.201,Aggressive
30,215337,13311.72,480704,24551,4,4,4,0.258,36.11,0.114,Balanced
33,207854,7162.45,143709,94188,4,35,3,0.586,20.06,0.453,Balanced
26,75415,4170.65,175208,120766,0,1,6,0.336,42.01,1.601,Balanced
29,242159,13371.19,408621,148917,3,12,10,0.337,30.56,0.615,Aggressive
61,74160,4482.65,87809,87834,2,29,5,0.275,19.59,1.184,Conservative
55,74399,2461.17,292668,6352,0,8,4,0.603,118.91,0.085,Balanced
36,45298,2621.91,458682,100475,1,8,1,0.305,174.94,2.218,Conservative
24,173263,7283.02,280346,111566,2,12,3,0.496,38.49,0.644,Balanced
74,208036,10901.98,148077,57080,3,36,4,0.371,13.58,0.274,Balanced
52,184164,11898.96,201362,8594,3,34,10,0.225,16.92,0.047,Aggressive
65,109407,6729.49,130725,8475,1,36,8,0.262,19.43,0.077,Aggressive
35,226329,7834.69,323715,129599,2,4,9,0.585,41.32,0.573,Aggressive
33,82513,4642.4,261947,88035,4,11,8,0.325,56.42,1.067,Aggressive
72,71097,5231.64,246115,95983,2,3,9,0.117,47.04,1.35,Conservative
56,181351,6592.46,140070,75923,2,10,10,0.564,21.25,0.419,Aggressive
21,165476,11295.1,78210,2670,3,12,1,0.181,6.92,0.016,Balanced
42,221094,13567.83,58956,59263,1,9,1,0.264,4.35,0.268,Conservative
49,55198,3568.1,226530,35316,2,21,3,0.224,63.49,0.64,Conservative
57,245295,10324.41,161305,18710,0,34,4,0.495,15.62,0.076,Aggressive
30,69997,2965.18,461148,100510,0,22,2,0.492,155.52,1.436,Balanced
62,229764,16242.6,242754,5179,1,18,10,0.152,14.95,0.023,Balanced
34,151639,6923.68,104780,25063,4,6,7,0.452,15.13,0.165,Balanced
66,212104,6798.97,319802,58009,2,25,9,0.615,47.04,0.273,Aggressive
54,22179,1257.42,385869,71011,2,15,6,0.32,306.87,3.202,Balanced
23,22019,768.19,392943,140753,3,1,4,0.581,511.52,6.392,Balanced
36,101455,6663.29,4411,72501,2,18,6,0.212,0.66,0.715,Conservative
30,236311,13843.11,180677,33566,4,31,1,0.297,13.05,0.142,Balanced
74,169776,11758.4,74376,117488,2,20,6,0.169,6.33,0.692,Conservative
43,169102,11015.03,214531,85849,2,25,4,0.218,19.48,0.508,Balanced
31,146883,5038.85,458038,61217,3,33,3,0.588,90.9,0.417,Balanced
48,89445,4171.04,168244,24939,0,10,6,0.44,40.34,0.279,Balanced
71,93551,6049.69,333056,79854,0,29,9,0.224,55.05,0.854,Balanced
21,23420,1131.06,197811,141409,4,19,8,0.42,174.89,6.038,Aggressive
56,79875,5889.46,326448,142095,1,28,8,0.115,55.43,1.779,Balanced
25,198725,12497.44,62227,78406,1,27,9,0.245,4.98,0.395,Aggressive
42,36740,1097.68,497490,103326,3,19,6,0.641,453.22,2.812,Balanced
30,85263,5925.72,269084,105888,2,31,8,0.166,45.41,1.242,Aggressive
49,125789,4250.02,229045,60916,3,35,7,0.595,53.89,0.484,Balanced
55,246936,8792.73,461276,14274,0,14,1,0.573,52.46,0.058,Balanced
55,215631,13548.29,409467,85285,4,6,6,0.246,30.22,0.396,Conservative
73,39465,2715.63,144302,24398,1,9,4,0.174,53.14,0.618,Conservative
45,202504,10884.46,65292,81506,2,27,3,0.355,6.0,0.402,Balanced
70,24131,1023.51,152952,30135,1,17,3,0.491,149.44,1.249,Conservative
47,30652,1387.57,291616,112096,0,36,10,0.457,210.16,3.657,Aggressive
20,216045,9696.62,327029,127843,2,4,8,0.461,33.73,0.592,Aggressive
45,238115,10510.26,121757,11412,0,24,1,0.47,11.58,0.048,Balanced
20,198219,7988.23,168685,146365,1,16,7,0.516,21.12,0.738,Balanced
62,67671,3862.19,141721,144266,1,17,10,0.315,36.69,2.132,Balanced
71,109342,7701.53,55514,113283,0,3,4,0.155,7.21,1.036,Conservative
51,39171,1693.8,38902,91182,2,39,1,0.481,22.97,2.328,Conservative
33,237201,8948.05,259233,94301,0,37,2,0.547,28.97,0.398,Balanced
39,206764,13977.55,388323,37219,2,3,7,0.189,27.78,0.18,Balanced
49,78541,4961.05,83417,35507,3,35,10,0.242,16.81,0.452,Balanced
55,29470,2116.83,443273,56591,3,3,1,0.138,209.4,1.92,Conservative
25,212416,7806.92,360539,87468,2,16,6,0.559,46.18,0.412,Aggressive
72,64308,2300.82,240916,89836,0,20,4,0.571,104.71,1.397,Balanced
25,201711,10888.8,131815,88765,2,6,3,0.352,12.11,0.44,Balanced
74,172398,9883.27,123155,137939,1,33,7,0.312,12.46,0.8,Balanced
23,155669,7966.3,133986,74644,0,27,9,0.386,16.82,0.48,Aggressive
31,122840,6955.12,135428,3943,2,30,5,0.321,19.47,0.032,Aggressive
49,181860,6807.76,72299,146595,1,35,6,0.551,10.62,0.806,Balanced
52,216092,11052.88,245061,101764,4,18,7,0.386,22.17,0.471,Balanced
27,69477,4122.02,475051,67028,1,30,10,0.288,115.25,0.965,Aggressive
20,128261,6284.67,123126,139990,2,26,6,0.412,19.59,1.091,Aggressive
29,122466,7385.68,131051,26185,0,15,6,0.276,17.74,0.214,Aggressive
66,53071,2645.39,59449,21402,0,32,3,0.402,22.47,0.403,Balanced
48,221675,9854.93,41892,94860,3,35,3,0.467,4.25,0.428,Conservative
46,212995,9176.23,144042,23134,2,12,5,0.483,15.7,0.109,Balanced
22,90560,4346.85,145344,30505,1,21,7,0.424,33.44,0.337,Aggressive
69,224323,6780.15,158954,115250,1,12,6,0.637,23.44,0.514,Balanced
42,208564,12473.67,493161,1268,2,1,2,0.282,39.54,0.006,Conservative
58,182842,12415.1,463378,71097,1,11,3,0.185,37.32,0.389,Conservative
48,96762,4394.97,347588,55197,4,25,5,0.455,79.09,0.57,Balanced
38,186471,5832.16,124552,142343,3,9,7,0.625,21.36,0.763,Balanced
37,230020,17112.08,474115,102958,0,39,6,0.107,27.71,0.448,Balanced
56,208511,8601.67,145156,117859,1,27,10,0.505,16.88,0.565,Aggressive
39,195487,6836.21,154963,7512,4,29,3,0.58,22.67,0.038,Balanced
21,163641,7546.08,348020,63968,2,27,7,0.447,46.12,0.391,Aggressive
30,22369,1409.63,430681,121534,1,28,5,0.244,305.53,5.433,Balanced
62,129963,5541.34,484923,60757,2,39,10,0.488,87.51,0.467,Aggressive
59,248629,13800.71,366772,107753,4,18,4,0.334,26.58,0.433,Balanced
67,20528,989.72,12597,130282,4,15,6,0.421,12.73,6.347,Conservative
66,128806,4452.07,380184,96381,0,16,2,0.585,85.39,0.748,Conservative
37,181386,8036.27,150411,143836,2,23,7,0.468,18.72,0.793,Balanced
69,122979,7672.65,122702,108915,3,30,2,0.251,15.99,0.886,Conservative
30,169119,9676.46,214882,66679,0,36,7,0.313,22.21,0.394,Aggressive
34,39748,1377.53,300337,72239,2,35,8,0.584,218.03,1.817,Aggressive
71,55109,2019.87,314632,94386,2,28,2,0.56,155.77,1.713,Conservative
53,33919,1985.4,50269,141878,4,3,8,0.298,25.32,4.183,Conservative
50,67498,4485.12,125976,138166,4,16,7,0.203,28.09,2.047,Conservative
18,75808,3425.33,127766,16158,2,15,3,0.458,37.3,0.213,Balanced
32,231864,13089.13,134041,114523,4,19,7,0.323,10.24,0.494,Balanced
30,90441,3345.22,406184,27209,2,10,1,0.556,121.42,0.301,Balanced
34,133843,5813.88,494722,13763,2,4,2,0.479,85.09,0.103,Balanced
41,94420,2841.64,170597,42105,0,22,5,0.639,60.03,0.446,Aggressive
25,179978,11586.86,128737,100408,0,18,9,0.227,11.11,0.558,Aggressive
67,127447,6059.63,396881,85776,3,22,1,0.429,65.5,0.673,Conservative
44,222558,14816.23,320247,103423,0,16,5,0.201,21.61,0.465,Balanced
62,86896,5355.73,208478,144582,1,3,6,0.26,38.93,1.664,Conservative
40,123431,8288.49,43751,118747,1,35,3,0.194,5.28,0.962,Conservative
63,173018,7311.63,310170,67344,4,39,5,0.493,42.42,0.389,Balanced
25,67020,2523.36,103234,65945,1,16,2,0.548,40.91,0.984,Balanced
25,225338,16610.19,370186,131717,0,21,8,0.115,22.29,0.585,Aggressive
43,42161,2615.85,235868,61264,3,21,3,0.255,90.17,1.453,Conservative
64,47738,3217.24,29442,83471,2,1,5,0.191,9.15,1.749,Conservative
30,154997,4614.05,45517,144998,3,30,1,0.643,9.86,0.935,Balanced
56,159535,7244.93,61055,120050,0,34,5,0.455,8.43,0.752,Balanced
54,77153,4877.03,163781,132185,0,39,1,0.241,33.58,1.713,Conservative
66,234020,7662.02,302009,49213,0,23,9,0.607,39.42,0.21,Aggressive
45,81009,4469.25,395123,135664,4,34,2,0.338,88.41,1.675,Conservative
42,107938,5270.88,457797,112695,1,30,6,0.414,86.85,1.044,Balanced
33,119546,3583.28,26476,24552,0,33,9,0.64,7.39,0.205,Aggressive
72,242325,9688.69,42469,61898,2,16,3,0.52,4.38,0.255,Conservative
19,192624,8132.51,432041,52118,1,30,6,0.493,53.13,0.271,Aggressive
71,76271,2615.61,253259,19744,1,3,1,0.588,96.83,0.259,Conservative
35,29797,1731.57,450457,22046,4,2,7,0.303,260.14,0.74,Conservative
34,106130,4274.55,16015,81365,3,26,2,0.517,3.75,0.767,Conservative
47,91942,3851.53,429890,107908,1,18,5,0.497,111.62,1.174,Balanced
56,138065,9710.93,471046,64932,1,2,5,0.156,48.51,0.47,Conservative
30,33965,1717.83,399416,126464,0,3,1,0.393,232.51,3.723,Conservative
49,33733,1590.15,74163,108229,2,17,7,0.434,46.64,3.208,Balanced
67,204295,12736.59,316023,23084,0,24,4,0.252,24.81,0.113,Balanced
46,147182,10428.92,290035,36398,2,2,4,0.15,27.81,0.247,Conservative
63,177998,5395.86,207848,97219,1,6,7,0.636,38.52,0.546,Balanced
47,179855,8940.76,329725,136272,2,26,10,0.403,36.88,0.758,Aggressive
35,103360,5908.14,220799,108987,0,6,1,0.314,37.37,1.054,Conservative
30,187466,8204.91,319928,2039,0,12,6,0.475,38.99,0.011,Aggressive
60,128378,8289.2,82554,89374,3,21,1,0.225,9.96,0.696,Conservative
38,215868,15907.9,193778,99611,4,16,6,0.116,12.18,0.461,Balanced
47,48287,3496.32,363807,137706,3,6,10,0.131,104.05,2.852,Balanced
38,102104,4222.77,356234,64899,1,34,2,0.504,84.36,0.636,Balanced
65,181508,7176.92,79093,1724,2,3,10,0.526,11.02,0.009,Balanced
72,106916,7810.39,59985,87590,0,19,1,0.123,7.68,0.819,Conservative
34,241404,12115.38,465255,133527,0,29,8,0.398,38.4,0.553,Aggressive
57,224639,8696.59,296676,112966,0,32,7,0.535,34.11,0.503,Balanced
36,238555,14688.0,18656,72628,0,10,2,0.261,1.27,0.304,Conservative
69,23188,978.59,49816,40456,1,27,2,0.494,50.91,1.745,Conservative
32,111205,4605.61,373560,42773,4,29,5,0.503,81.11,0.385,Aggressive
26,117349,8151.72,180359,134133,3,13,4,0.166,22.13,1.143,Balanced
69,157837,5778.99,376525,10586,3,20,4,0.561,65.15,0.067,Balanced
27,202698,6510.26,93599,94479,0,28,9,0.615,14.38,0.466,Aggressive
61,239779,9951.88,173151,75012,0,27,1,0.502,17.4,0.313,Balanced
48,161879,9224.67,189146,90507,2,13,10,0.316,20.5,0.559,Aggressive
70,30204,1051.35,203833,134835,0,25,9,0.582,193.88,4.464,Balanced
40,243674,12374.11,122941,45209,3,29,3,0.391,9.94,0.186,Balanced
69,209016,12106.13,218790,58434,2,15,8,0.305,18.07,0.28,Aggressive
47,62120,4228.33,355907,35656,2,30,5,0.183,84.17,0.574,Balanced
50,122903,4879.54,255829,135078,0,38,10,0.524,52.43,1.099,Aggressive
74,173730,11575.35,367762,17470,2,32,3,0.2,31.77,0.101,Conservative
69,57081,2279.43,59735,72035,4,7,9,0.521,26.21,1.262,Balanced
26,54986,3309.34,315548,99608,0,35,9,0.278,95.35,1.812,Aggressive
71,99322,4857.43,344365,76840,4,33,8,0.413,70.89,0.774,Balanced
64,114819,3952.4,430456,95771,0,12,3,0.587,108.91,0.834,Conservative
18,150015,9286.49,380564,148470,4,23,3,0.257,40.98,0.99,Conservative
61,70304,2752.22,73630,45332,0,5,10,0.53,26.75,0.645,Balanced
52,85592,3189.32,181126,120536,3,31,10,0.553,56.79,1.408,Balanced
28,78548,3580.99,138771,77533,0,16,3,0.453,38.75,0.987,Balanced
51,118447,7001.3,432748,130194,3,33,6,0.291,61.81,1.099,Conservative
33,59986,2392.93,486602,108618,1,1,2,0.521,203.35,1.811,Conservative
26,94095,3536.51,475126,103424,1,22,9,0.549,134.35,1.099,Aggressive
49,111594,3305.74,398196,95596,0,28,2,0.645,120.46,0.857,Conservative
32,108281,5498.9,162007,51020,3,5,10,0.391,29.46,0.471,Aggressive
29,86151,4205.28,161692,145057,3,4,8,0.414,38.45,1.684,Balanced
50,93598,3733.21,203727,102416,2,1,10,0.521,54.57,1.094,Balanced
62,48214,1524.8,3107,122610,2,15,4,0.62,2.04,2.543,Conservative
31,58745,2869.16,468634,132534,4,37,4,0.414,163.34,2.256,Balanced
74,193620,12641.98,336760,24082,2,39,5,0.216,26.64,0.124,Balanced
74,161753,10020.67,216896,132937,0,38,1,0.257,21.64,0.822,Conservative
25,158056,10845.77,415742,36777,2,24,4,0.177,38.33,0.233,Aggressive
25,178651,5289.12,256225,142394,2,23,6,0.645,48.44,0.797,Aggressive
44,110810,8140.2,279817,14538,0,7,10,0.118,34.37,0.131,Aggressive
29,206005,9232.06,482532,57125,0,31,2,0.462,52.27,0.277,Aggressive
18,178471,13306.78,34762,90583,4,7,3,0.105,2.61,0.508,Conservative
60,182553,7438.13,445619,134249,3,13,4,0.511,59.91,0.735,Conservative
57,20944,1063.51,47656,27502,2,4,3,0.391,44.81,1.313,Conservative
59,113993,5173.95,203818,129988,1,18,9,0.455,39.39,1.14,Balanced
68,29114,1323.88,99624,19249,3,19,6,0.454,75.25,0.661,Conservative
28,59846,4055.84,120328,3197,0,16,5,0.187,29.67,0.053,Aggressive
56,234738,14877.12,251398,35229,2,18,5,0.239,16.9,0.15,Balanced
60,228920,17086.65,78264,24166,4,16,2,0.104,4.58,0.106,Conservative
48,52596,3013.02,391499,139764,1,31,9,0.313,129.94,2.657,Aggressive
34,124087,6253.89,456017,106298,3,25,2,0.395,72.92,0.857,Balanced
50,226359,7536.63,485307,1775,2,2,5,0.6,64.39,0.008,Balanced
49,26907,2013.78,379701,32656,0,28,7,0.102,188.55,1.214,Balanced
46,179186,9755.81,64814,606,3,16,3,0.347,6.64,0.003,Balanced
38,45009,2757.79,490404,57281,1,36,8,0.265,177.83,1.273,Aggressive
38,104846,5012.59,414165,7375,0,35,5,0.426,82.63,0.07,Aggressive
57,70241,3812.0,355886,130708,1,24,10,0.349,93.36,1.861,Aggressive
40,186797,13518.15,261770,127325,2,35,3,0.132,19.36,0.682,Conservative
73,38996,1434.83,30966,819,3,30,3,0.558,21.58,0.021,Balanced
23,157119,6688.1,116651,76992,4,37,3,0.489,17.44,0.49,Balanced
39,48767,1762.25,379239,131855,2,11,3,0.566,215.2,2.704,Balanced
67,36347,2379.88,350765,7560,2,34,4,0.214,147.39,0.208,Balanced
55,122063,3907.29,24779,29168,4,38,10,0.616,6.34,0.239,Aggressive
54,44102,1451.31,274481,126625,4,39,1,0.605,189.13,2.871,Conservative
62,24263,1039.61,24709,99436,0,24,3,0.486,23.77,4.098,Conservative
68,128585,6780.75,12720,78598,1,29,10,0.367,1.88,0.611,Balanced
71,87438,4178.45,135537,75924,2,4,10,0.427,32.44,0.868,Balanced
25,116359,3632.81,242914,5318,0,30,5,0.625,66.87,0.046,Aggressive
58,181612,13267.06,173848,54714,0,14,8,0.123,13.1,0.301,Balanced
66,150251,10944.26,246441,30544,2,24,8,0.126,22.52,0.203,Aggressive
52,226798,9518.83,104804,20823,1,38,9,0.496,11.01,0.092,Aggressive
68,214841,13469.44,158802,104555,4,34,9,0.248,11.79,0.487,Balanced
28,191915,10686.73,220737,16978,2,36,6,0.332,20.66,0.088,Aggressive
41,47690,1910.03,42420,134396,1,15,10,0.519,22.21,2.818,Aggressive
66,22994,946.96,196737,122418,4,35,7,0.506,207.76,5.324,Balanced
38,123533,6383.92,324188,134006,3,29,4,0.38,50.78,1.085,Balanced
68,87546,4235.62,128760,5033,2,36,3,0.419,30.4,0.057,Balanced
19,158449,6736.41,388178,105067,2,4,3,0.49,57.62,0.663,Conservative
57,98572,6523.26,93906,137158,1,15,2,0.206,14.4,1.391,Conservative
36,46467,2380.68,345553,18894,0,11,8,0.385,145.15,0.407,Aggressive
56,151120,8943.36,357335,4687,0,15,7,0.29,39.96,0.031,Balanced
45,188050,7116.13,375602,133959,1,21,8,0.546,52.78,0.712,Aggressive
34,67606,3624.97,361654,134115,2,35,6,0.357,99.77,1.984,Balanced
23,232646,10176.07,23536,149087,2,23,10,0.475,2.31,0.641,Balanced
36,118112,6294.66,127495,17789,2,10,10,0.36,20.25,0.151,Aggressive
73,93414,6067.66,327966,56784,3,4,5,0.221,54.05,0.608,Conservative
55,113145,7287.5,5347,6115,0,25,1,0.227,0.73,0.054,Conservative
45,200294,9093.7,479966,28821,3,2,8,0.455,52.78,0.144,Balanced
19,68115,4154.18,51272,22879,2,38,2,0.268,12.34,0.336,Balanced
55,109606,7925.51,275537,117177,0,19,1,0.132,34.77,1.069,Conservative
72,60647,3508.02,398365,49157,2,24,9,0.306,113.56,0.811,Balanced
54,74607,2683.52,424287,60262,2,8,8,0.568,158.11,0.808,Balanced
68,208482,12575.63,12113,40971,1,6,9,0.276,0.96,0.197,Conservative
69,41996,1426.81,498616,101146,0,20,5,0.592,349.46,2.408,Balanced
21,205993,14242.03,54333,121535,2,14,3,0.17,3.81,0.59,Balanced
39,103697,5480.07,62923,92384,4,6,8,0.366,11.48,0.891,Balanced
43,66022,3091.08,352608,112453,4,12,4,0.438,114.07,1.703,Balanced
66,60148,1911.47,118768,100277,2,7,1,0.619,62.13,1.667,Conservative
60,87764,4091.49,374886,26520,1,30,9,0.441,91.63,0.302,Aggressive
53,111901,7896.14,172954,14833,2,16,4,0.153,21.9,0.133,Balanced
30,110724,3335.94,183920,61475,4,8,2,0.638,55.13,0.555,Balanced
69,144766,7371.68,88569,8143,0,14,10,0.389,12.01,0.056,Aggressive
49,28888,2075.45,185277,89472,1,20,3,0.138,89.27,3.097,Conservative
34,239738,11330.87,76142,102132,2,28,6,0.433,6.72,0.426,Aggressive
58,190231,9281.63,491565,87005,4,6,9,0.415,52.96,0.457,Balanced
53,193269,10761.99,217502,48538,0,30,6,0.332,20.21,0.251,Aggressive
72,235398,11860.44,471529,63795,4,4,4,0.395,39.76,0.271,Conservative
63,241432,8907.45,187389,103041,1,36,1,0.557,21.04,0.427,Balanced
36,118941,3570.27,343628,82159,3,3,2,0.64,96.25,0.691,Conservative
52,175546,10026.55,341313,123796,2,10,7,0.315,34.04,0.705,Balanced
63,37333,2664.47,437858,77166,0,38,3,0.144,164.33,2.067,Conservative
57,56355,1918.42,201754,148311,1,27,2,0.591,105.17,2.632,Conservative
73,149686,5813.11,145280,101542,1,18,6,0.534,24.99,0.678,Balanced
45,224975,10379.34,137662,553,3,11,4,0.446,13.26,0.002,Balanced
18,217330,14394.64,184474,108381,3,36,1,0.205,12.82,0.499,Balanced
59,182217,7563.42,92670,13612,2,35,9,0.502,12.25,0.075,Aggressive
35,123170,8571.91,92257,76673,2,13,9,0.165,10.76,0.622,Balanced
65,95675,3031.52,373732,64459,1,23,5,0.62,123.28,0.674,Balanced
57,200926,14525.71,81428,25804,2,9,8,0.132,5.61,0.128,Balanced
50,87664,4809.91,437468,41154,2,4,6,0.342,90.95,0.469,Balanced
29,106153,6301.31,363484,110183,3,31,7,0.288,57.68,1.038,Balanced
25,113616,5228.51,413359,140689,1,3,6,0.448,79.06,1.238,Balanced
41,55285,3593.97,171219,146470,4,36,7,0.22,47.64,2.649,Balanced
33,168605,6204.82,196654,2693,4,17,3,0.558,31.69,0.016,Balanced
67,183696,5769.61,211901,30971,0,16,3,0.623,36.73,0.169,Balanced
21,66996,3168.54,228902,126633,3,39,10,0.432,72.24,1.89,Aggressive
55,66947,4572.1,204546,80078,0,2,3,0.18,44.74,1.196,Conservative
61,179028,11416.16,84931,74227,1,5,10,0.235,7.44,0.415,Balanced
44,71030,3755.33,412190,78990,4,33,6,0.366,109.76,1.112,Balanced
26,209669,11613.49,168974,86034,4,13,1,0.335,14.55,0.41,Balanced
64,62443,2193.0,214059,85567,4,12,9,0.579,97.61,1.37,Balanced
33,148344,10042.58,410220,40677,0,19,9,0.188,40.85,0.274,Aggressive
73,249685,16288.36,269412,68402,2,22,4,0.217,16.54,0.274,Balanced
29,85464,5064.16,467759,98104,0,8,2,0.289,92.37,1.148,Conservative
48,148019,7479.96,376305,22291,4,4,7,0.394,50.31,0.151,Balanced
41,155024,11374.27,489062,28497,3,7,7,0.12,43.0,0.184,Balanced
72,207952,14443.44,394336,115135,3,22,6,0.167,27.3,0.554,Balanced
31,203273,11932.75,152019,31969,0,18,8,0.296,12.74,0.157,Aggressive
62,140454,6490.03,492473,147749,0,6,3,0.446,75.88,1.052,Conservative
42,144444,8304.47,19618,30245,1,4,2,0.31,2.36,0.209,Conservative
51,132175,7341.14,388195,53312,0,12,10,0.334,52.88,0.403,Aggressive
20,62460,2950.37,193623,8267,0,37,1,0.433,65.63,0.132,Aggressive
41,173868,7515.02,440315,39812,4,2,3,0.481,58.59,0.229,Conservative
71,182818,8742.6,198066,134847,2,3,8,0.426,22.66,0.738,Balanced
59,237857,13194.15,10700,125562,4,21,8,0.334,0.81,0.528,Balanced
26,20015,976.52,226426,76924,2,39,7,0.415,231.87,3.843,Aggressive
43,69757,2877.28,99566,25875,4,13,2,0.505,34.6,0.371,Balanced
37,177029,11337.67,59204,95803,4,14,3,0.231,5.22,0.541,Conservative
57,101541,5435.04,316131,47589,1,30,7,0.358,58.17,0.469,Balanced
27,41292,1332.43,376017,3534,2,18,8,0.613,282.2,0.086,Aggressive
36,142694,6570.75,178037,149155,4,13,9,0.447,27.1,1.045,Aggressive
20,182948,12756.09,292484,61807,4,14,6,0.163,22.93,0.338,Balanced
41,211799,13508.89,482156,51670,2,25,10,0.235,35.69,0.244,Aggressive
22,67046,2948.83,18935,75465,1,37,3,0.472,6.42,1.126,Balanced
20,34817,2512.63,48397,54720,2,27,9,0.134,19.26,1.572,Aggressive
44,242078,7910.54,122177,97619,1,23,5,0.608,15.44,0.403,Aggressive
33,29759,2179.05,491323,3739,1,7,4,0.121,225.48,0.126,Balanced
66,199504,8065.58,238264,33107,3,10,9,0.515,29.54,0.166,Aggressive
32,26412,781.36,457592,133934,1,25,10,0.645,585.64,5.071,Aggressive
52,208829,10242.97,221299,82533,3,35,2,0.411,21.6,0.395,Balanced
29,40504,1847.77,180984,17487,0,24,10,0.453,97.95,0.432,Aggressive
58,128500,6922.93,465998,28353,1,11,4,0.354,67.31,0.221,Balanced
70,28507,1872.49,291128,8984,2,20,6,0.212,155.48,0.315,Balanced
61,41050,2782.29,432374,23130,3,10,6,0.187,155.4,0.563,Conservative
43,155892,7413.66,399769,73794,0,21,10,0.429,53.92,0.473,Aggressive
64,158907,7765.46,389713,40080,0,28,5,0.414,50.19,0.252,Balanced
51,244239,8782.38,493300,12839,1,28,10,0.569,56.17,0.053,Aggressive
40,120153,3766.31,475771,98874,2,27,7,0.624,126.32,0.823,Balanced
48,33587,1966.71,392192,41499,1,33,5,0.297,199.42,1.236,Balanced
67,77732,2496.76,448967,130094,4,4,6,0.615,179.82,1.674,Conservative
37,71921,4516.68,434361,136428,0,35,1,0.246,96.17,1.897,Conservative
29,196571,10590.26,134117,82036,4,20,8,0.354,12.66,0.417,Aggressive
40,137734,5270.86,259749,75926,4,6,5,0.541,49.28,0.551,Balanced
21,150104,8089.83,211555,29778,3,6,5,0.353,26.15,0.198,Aggressive
40,157912,5930.24,95995,105528,4,17,10,0.549,16.19,0.668,Aggressive
65,216149,10650.84,77713,63192,0,19,6,0.409,7.3,0.292,Balanced
72,51440,3385.43,271204,85376,0,17,6,0.21,80.11,1.66,Conservative
65,55183,2777.8,193947,128219,2,3,8,0.396,69.82,2.324,Balanced
18,116172,4180.11,135234,29980,1,34,4,0.568,32.35,0.258,Aggressive
71,153461,9567.09,376685,14065,2,4,4,0.252,39.37,0.092,Conservative
42,206148,7777.32,210163,125361,2,23,3,0.547,27.02,0.608,Balanced
19,134515,8476.71,302141,10559,1,18,9,0.244,35.64,0.078,Aggressive
47,143183,7321.95,53106,124514,0,34,8,0.386,7.25,0.87,Aggressive
20,86299,4311.77,324756,73969,3,29,5,0.4,75.32,0.857,Balanced
38,240533,16402.13,340978,139728,4,15,8,0.182,20.79,0.581,Aggressive
42,243157,14989.25,332988,43210,3,11,6,0.26,22.22,0.178,Balanced
37,135503,4156.57,270692,31477,4,39,5,0.632,65.12,0.232,Aggressive
66,59023,2522.72,341287,106111,1,9,9,0.487,135.29,1.798,Balanced
69,201101,13892.83,138092,29529,1,35,9,0.171,9.94,0.147,Aggressive
39,59941,1798.63,410644,18262,2,10,8,0.64,228.31,0.305,Aggressive
38,240065,13001.31,449084,65087,1,38,10,0.35,34.54,0.271,Aggressive
50,205022,12819.07,417217,51686,4,29,3,0.25,32.55,0.252,Conservative
69,141677,8170.29,447467,74299,3,6,9,0.308,54.77,0.524,Balanced
55,238031,15239.79,429907,113044,3,19,6,0.232,28.21,0.475,Balanced
32,96054,5996.42,292120,36409,3,26,9,0.251,48.72,0.379,Aggressive
63,85363,5197.3,251065,146681,3,9,1,0.269,48.31,1.718,Conservative
69,81742,5462.05,420664,19535,2,13,1,0.198,77.02,0.239,Conservative
32,248968,14629.56,136055,123828,3,26,6,0.295,9.3,0.497,Balanced
63,65215,3104.94,318767,135182,4,20,4,0.429,102.66,2.073,Balanced
42,67857,3446.85,373475,109518,2,2,5,0.39,108.35,1.614,Balanced
38,75476,4680.76,40387,138279,2,4,5,0.256,8.63,1.832,Conservative
41,179245,12427.18,214589,48637,2,7,3,0.168,17.27,0.271,Balanced
74,160467,6682.39,256530,74405,1,19,9,0.5,38.39,0.464,Aggressive
22,79768,3577.21,207826,43872,2,35,1,0.462,58.1,0.55,Balanced
23,235815,16937.54,474625,12185,4,11,6,0.138,28.02,0.052,Balanced
66,123591,6881.77,351424,106706,3,19,2,0.332,51.07,0.863,Conservative
60,66229,2474.92,366383,1396,1,32,2,0.552,148.04,0.021,Balanced
65,177711,10589.09,242231,3460,3,14,9,0.285,22.88,0.019,Balanced
61,131706,9822.19,61555,102657,0,5,10,0.105,6.27,0.779,Balanced
64,82583,5525.49,224737,7676,1,25,2,0.197,40.67,0.093,Conservative
40,179996,11402.11,424973,37312,4,14,9,0.24,37.27,0.207,Aggressive
21,146011,5650.94,18827,134220,1,39,8,0.536,3.33,0.919,Aggressive
44,224041,15531.21,362667,143344,2,12,7,0.168,23.35,0.64,Balanced
35,50104,2668.81,465020,2655,1,20,8,0.361,174.24,0.053,Aggressive
38,57594,4027.31,156438,55863,2,18,9,0.161,38.84,0.97,Balanced
45,23664,1047.93,176221,61045,3,1,10,0.469,168.16,2.58,Balanced
52,30528,977.22,402882,45517,1,4,9,0.616,412.27,1.491,Balanced
39,179262,9139.18,96779,74227,1,12,3,0.388,10.59,0.414,Balanced
57,217105,9017.29,213906,74789,4,26,10,0.502,23.72,0.344,Aggressive
40,212233,13147.41,271686,54322,0,32,1,0.257,20.66,0.256,Balanced
20,224249,16377.81,143541,101800,1,37,8,0.124,8.76,0.454,Aggressive
57,148404,9028.35,183452,120782,3,15,10,0.27,20.32,0.814,Balanced
67,221251,15447.26,73239,135294,2,35,4,0.162,4.74,0.611,Conservative
27,221664,11067.74,326232,51141,3,26,5,0.401,29.48,0.231,Aggressive
42,52899,3413.76,398357,10716,4,15,6,0.226,116.69,0.203,Balanced
69,90979,6168.94,29036,60644,1,8,6,0.186,4.71,0.667,Conservative
66,37241,2299.57,473626,125650,0,28,7,0.259,205.96,3.374,Conservative
25,66211,3472.09,277190,88499,0,30,10,0.371,79.83,1.337,Aggressive
72,83472,4829.04,378073,132454,1,3,3,0.306,78.29,1.587,Conservative
28,225320,13806.09,407818,135239,0,6,2,0.265,29.54,0.6,Balanced
22,224829,9165.46,361539,117323,3,31,9,0.511,39.45,0.522,Aggressive
62,51346,3402.82,492769,103849,2,26,2,0.205,144.81,2.023,Conservative
70,101196,7359.3,363167,81117,1,8,9,0.127,49.35,0.802,Balanced
72,124451,6283.55,271673,91730,2,39,10,0.394,43.24,0.737,Balanced
54,228196,13988.17,179117,60972,0,29,4,0.264,12.8,0.267,Balanced
73,122908,7736.69,405038,74963,4,17,1,0.245,52.35,0.61,Conservative
62,193292,11504.68,241549,54534,2,16,3,0.286,21.0,0.282,Conservative
55,169014,9167.79,369673,116093,4,4,10,0.349,40.32,0.687,Balanced
46,69167,4812.33,381792,24121,3,10,2,0.165,79.34,0.349,Conservative
22,56373,2804.13,275298,71736,4,16,4,0.403,98.18,1.273,Balanced
26,87143,2785.72,57163,61581,2,19,2,0.616,20.52,0.707,Balanced
65,140623,9544.86,469217,26123,2,39,10,0.185,49.16,0.186,Aggressive
19,130013,7808.25,191259,51036,1,13,6,0.279,24.49,0.393,Balanced
18,22016,1499.09,139080,130062,4,4,10,0.183,92.78,5.908,Balanced
57,89110,3164.9,248913,78855,3,32,1,0.574,78.65,0.885,Conservative
68,197381,6035.16,179431,146662,1,18,5,0.633,29.73,0.743,Balanced
47,27274,1963.51,232446,22701,1,16,9,0.136,118.38,0.832,Balanced
28,35748,1284.7,22632,41178,3,25,1,0.569,17.62,1.152,Balanced
45,171247,11349.52,328444,105734,1,16,4,0.205,28.94,0.617,Conservative
61,31826,2129.07,409741,37118,3,22,2,0.197,192.45,1.166,Conservative
29,103008,6350.34,374297,25387,0,24,2,0.26,58.94,0.246,Balanced
56,149288,5252.38,117222,57613,1,28,5,0.578,22.32,0.386,Balanced
43,185201,11066.83,380534,46666,2,23,2,0.283,34.39,0.252,Balanced
30,221081,15457.2,238449,29554,0,21,5,0.161,15.43,0.134,Aggressive
25,174562,8495.97,208596,119387,1,9,1,0.416,24.55,0.684,Balanced
71,125623,6044.92,239234,42146,3,2,5,0.423,39.58,0.335,Conservative
45,192507,9522.23,459640,100037,0,38,3,0.406,48.27,0.52,Balanced
47,226089,7446.8,383529,144060,0,28,2,0.605,51.5,0.637,Conservative
26,159592,11179.61,330251,16456,2,26,4,0.159,29.54,0.103,Aggressive
56,243023,16769.61,156542,119681,1,27,1,0.172,9.33,0.492,Conservative
48,103106,7723.07,310380,122573,1,25,3,0.101,40.19,1.189,Conservative
38,212949,11922.5,211562,61405,3,21,1,0.328,17.74,0.288,Balanced
73,170870,10866.7,270484,142106,0,38,8,0.237,24.89,0.832,Balanced
64,74638,2870.26,292298,877,2,25,5,0.539,101.84,0.012,Balanced
51,89072,5323.1,340029,62718,3,38,1,0.283,63.88,0.704,Conservative
72,87309,5146.52,446124,58100,3,11,2,0.293,86.68,0.665,Conservative
48,180966,12753.05,217511,9642,2,28,9,0.154,17.06,0.053,Aggressive
69,214035,14392.71,207539,100844,1,36,7,0.193,14.42,0.471,Balanced
42,144724,10446.14,154014,50483,2,4,3,0.134,14.74,0.349,Conservative
29,205639,14186.66,196815,65293,1,19,1,0.172,13.87,0.318,Balanced
18,147843,10198.48,138202,75450,4,24,2,0.172,13.55,0.51,Balanced
72,55326,1775.26,441452,96629,0,22,7,0.615,248.67,1.747,Balanced
39,206131,14004.52,13508,113140,2,25,8,0.185,0.96,0.549,Balanced
57,25079,1429.74,179059,49508,3,8,5,0.316,125.24,1.974,Conservative
54,176910,8244.66,331039,107815,1,20,4,0.441,40.15,0.609,Balanced
64,141412,4490.81,133965,131651,0,1,10,0.619,29.83,0.931,Balanced
18,107340,6464.74,488396,12587,0,4,4,0.277,75.55,0.117,Balanced
18,198181,8761.43,449687,66181,2,12,5,0.469,51.33,0.334,Aggressive
74,105211,5324.35,80127,147000,3,25,7,0.393,15.05,1.397,Balanced
59,176666,10672.84,219563,92345,2,21,7,0.275,20.57,0.523,Balanced
71,62749,4452.44,362998,43591,3,19,4,0.149,81.53,0.695,Conservative
59,187364,12553.24,69157,31901,4,34,1,0.196,5.51,0.17,Conservative
38,138192,6884.59,337296,93411,2,6,5,0.402,48.99,0.676,Balanced
32,94534,4437.43,333151,139571,1,35,7,0.437,75.08,1.476,Balanced
34,99233,3984.86,392651,131305,2,3,4,0.518,98.54,1.323,Balanced
39,71818,3320.59,126662,148490,2,33,7,0.445,38.14,2.068,Balanced
55,131910,4518.75,292288,59566,4,9,8,0.589,64.68,0.452,Balanced
52,33429,2462.9,483331,15246,4,7,2,0.116,196.24,0.456,Conservative
62,77748,4312.78,487579,103425,2,27,2,0.334,113.05,1.33,Conservative
33,68807,2409.93,36622,113400,3,1,5,0.58,15.2,1.648,Conservative
25,27140,1230.44,496494,34503,4,18,3,0.456,403.51,1.271,Balanced
64,83226,4514.12,397113,135349,4,35,4,0.349,87.97,1.626,Balanced
34,165973,8894.59,186141,66477,3,17,1,0.357,20.93,0.401,Balanced
34,108815,3350.84,381100,131421,0,39,4,0.63,113.73,1.208,Balanced
71,48525,3530.04,236157,92798,4,11,4,0.127,66.9,1.912,Conservative
43,40491,1692.04,78448,73000,4,37,4,0.499,46.36,1.803,Balanced
30,219888,6576.51,52633,144580,3,11,3,0.641,8.0,0.658,Conservative
34,186052,6078.38,49019,97565,3,3,2,0.608,8.06,0.524,Conservative
55,246597,13749.99,71557,110123,2,13,4,0.331,5.2,0.447,Balanced
34,28078,996.26,29651,67081,2,28,8,0.574,29.76,2.389,Aggressive
65,111654,3470.1,397188,116434,0,38,3,0.627,114.46,1.043,Conservative
31,149101,6943.07,314413,28957,0,34,6,0.441,45.28,0.194,Aggressive
62,240593,13884.6,137053,138968,0,28,2,0.307,9.87,0.578,Balanced
23,199776,6850.85,432693,105634,1,2,1,0.588,63.16,0.529,Balanced
52,36997,1610.39,413599,135360,3,2,7,0.478,256.83,3.659,Conservative
63,230882,11154.84,220487,21150,4,37,6,0.42,19.77,0.092,Balanced
31,151940,5542.05,24765,87877,3,16,10,0.562,4.47,0.578,Aggressive
64,177470,9292.63,315388,110540,3,8,4,0.372,33.94,0.623,Conservative
25,232650,7694.27,369571,105139,0,11,7,0.603,48.03,0.452,Aggressive
32,117356,3673.1,383386,21091,3,15,6,0.624,104.38,0.18,Aggressive
71,133711,7085.67,286300,131972,1,4,2,0.364,40.41,0.987,Conservative
44,41246,1671.64,9804,46702,4,23,4,0.514,5.86,1.132,Balanced
30,171633,5756.22,349260,19725,0,8,9,0.598,60.68,0.115,Aggressive
66,167326,8131.37,46411,28722,2,16,8,0.417,5.71,0.172,Aggressive
48,54512,3876.38,43513,18059,4,16,6,0.147,11.23,0.331,Balanced
70,240604,15003.78,78481,18161,2,24,1,0.252,5.23,0.075,Conservative
73,245226,16319.56,40814,90345,2,10,7,0.201,2.5,0.368,Conservative
52,228467,15793.78,285501,10687,3,34,1,0.17,18.08,0.047,Conservative
23,77865,5742.19,160466,82503,4,18,8,0.115,27.95,1.06,Balanced
22,174652,11203.72,248709,99770,1,16,3,0.23,22.2,0.571,Balanced
39,222031,12667.32,432286,8694,3,36,9,0.315,34.13,0.039,Aggressive
66,123393,5665.63,197652,127260,2,8,5,0.449,34.89,1.031,Conservative
40,92144,3454.66,39920,99459,4,20,6,0.55,11.56,1.079,Balanced
42,193557,11737.02,475304,50087,3,23,4,0.272,40.5,0.259,Balanced
51,201693,15080.29,121515,107941,4,14,6,0.103,8.06,0.535,Balanced
43,137363,6948.82,449926,56561,0,16,9,0.393,64.75,0.412,Aggressive
64,70665,4404.92,28234,5364,1,38,7,0.252,6.41,0.076,Balanced
22,221484,11485.81,232504,77008,1,18,2,0.378,20.24,0.348,Balanced
43,201675,9874.74,36719,135046,1,30,6,0.412,3.72,0.67,Balanced
37,172110,8256.52,238605,24053,2,36,9,0.424,28.9,0.14,Aggressive
23,113542,5937.71,67472,132282,2,36,8,0.372,11.36,1.165,Aggressive
23,121311,5578.21,123275,105128,1,39,1,0.448,22.1,0.867,Balanced
67,247418,15707.44,318457,38966,4,1,5,0.238,20.27,0.157,Conservative
35,34325,2376.58,404723,26070,0,17,6,0.169,170.3,0.76,Balanced
21,186964,13018.72,159913,109573,2,28,9,0.164,12.28,0.586,Aggressive
34,152825,6052.31,228122,106327,3,7,4,0.525,37.69,0.696,Balanced
74,246139,17286.14,495082,142318,3,20,1,0.157,28.64,0.578,Conservative
31,169068,7577.81,443127,39829,2,24,6,0.462,58.48,0.236,Aggressive
31,88811,3849.36,204659,61125,1,1,9,0.48,53.17,0.688,Balanced
30,225355,14079.35,341293,105111,4,18,6,0.25,24.24,0.466,Balanced
24,196283,8466.06,180003,105277,0,26,7,0.482,21.26,0.536,Aggressive
61,136737,4320.11,103215,169,3,14,10,0.621,23.89,0.001,Aggressive
72,213892,9901.23,267485,93943,2,19,4,0.445,27.02,0.439,Balanced
32,20824,1295.96,434445,92408,4,18,2,0.253,335.23,4.438,Conservative
36,164952,7283.0,214210,144021,1,7,3,0.47,29.41,0.873,Conservative
60,137718,7990.6,497216,47313,0,2,1,0.304,62.23,0.344,Conservative
64,86617,5146.97,347291,78735,0,7,2,0.287,67.47,0.909,Conservative
61,31517,1979.15,339273,60131,3,28,7,0.246,171.42,1.908,Conservative
52,172755,12142.11,335726,126195,3,28,9,0.157,27.65,0.73,Balanced
34,167948,8228.2,58304,107127,2,17,9,0.412,7.09,0.638,Aggressive
52,123068,4528.26,228907,47740,0,30,9,0.558,50.55,0.388,Aggressive
36,207426,9081.96,52506,112339,1,21,1,0.475,5.78,0.542,Balanced
37,224874,11013.05,415300,68570,1,37,7,0.412,37.71,0.305,Aggressive
53,227791,14097.23,387226,144400,2,9,7,0.257,27.47,0.634,Conservative
52,237674,7075.1,454307,44047,0,36,9,0.643,64.21,0.185,Aggressive
49,135016,5892.12,261388,119168,3,22,9,0.476,44.36,0.883,Balanced
65,229485,14895.75,413077,72666,1,15,1,0.221,27.73,0.317,Conservative
61,29982,1796.35,342664,102173,4,14,10,0.281,190.76,3.408,Balanced
57,225576,14144.69,179443,55251,2,27,5,0.248,12.69,0.245,Balanced
41,177670,11792.79,130828,791,1,18,2,0.204,11.09,0.004,Balanced
34,165711,10781.98,244556,12333,4,10,6,0.219,22.68,0.074,Balanced
24,90210,5451.7,14601,68892,4,22,2,0.275,2.68,0.764,Conservative
60,89852,4431.3,436490,135997,1,23,6,0.408,98.5,1.514,Balanced
67,133618,9920.9,233356,141836,2,5,7,0.109,23.52,1.062,Conservative
18,29695,1640.62,436417,54226,4,25,6,0.337,266.01,1.826,Balanced
52,68582,2637.68,13761,77632,4,1,1,0.538,5.22,1.132,Conservative
49,51094,2175.95,144781,39468,0,24,4,0.489,66.54,0.772,Balanced
53,211707,12904.59,29147,2094,0,33,3,0.269,2.26,0.01,Conservative
30,42187,3018.5,139793,45583,0,37,5,0.141,46.31,1.08,Balanced
23,138013,5155.89,441549,49021,4,7,7,0.552,85.64,0.355,Balanced
31,148721,4899.0,348057,15362,4,24,3,0.605,71.05,0.103,Balanced
54,126683,8813.36,26057,12185,2,15,1,0.165,2.96,0.096,Conservative
65,21214,1508.67,230106,81678,3,11,9,0.147,152.52,3.85,Balanced
32,43940,1838.19,401242,118984,0,17,6,0.498,218.28,2.708,Balanced
64,64406,2992.23,104085,43190,3,23,6,0.442,34.79,0.671,Balanced
21,242293,14398.33,132823,140836,0,4,4,0.287,9.22,0.581,Balanced
57,194553,8616.45,33088,16888,0,31,1,0.469,3.84,0.087,Balanced
33,167049,11588.15,186064,14748,2,34,9,0.168,16.06,0.088,Aggressive
45,195911,6680.05,7389,51013,2,10,10,0.591,1.11,0.26,Balanced
33,208946,6458.0,374332,115091,1,37,7,0.629,57.96,0.551,Aggressive
21,78414,3036.37,373634,20715,0,10,10,0.535,123.05,0.264,Aggressive
62,121440,5134.36,488018,2906,0,11,7,0.493,95.05,0.024,Balanced
43,176610,6065.22,248223,93125,0,31,7,0.588,40.93,0.527,Aggressive
45,123569,3976.14,291790,11808,2,10,7,0.614,73.39,0.096,Balanced
49,207313,13226.3,52818,64945,0,38,8,0.234,3.99,0.313,Balanced
62,224573,8240.93,493798,67105,1,8,8,0.56,59.92,0.299,Aggressive
19,226205,16072.94,467304,110212,4,11,3,0.147,29.07,0.487,Balanced
48,80481,3704.81,491800,26419,1,20,8,0.448,132.75,0.328,Aggressive
20,47740,2859.76,38138,126258,4,24,4,0.281,13.34,2.645,Balanced
71,83328,3291.26,1647,11156,2,7,7,0.526,0.5,0.134,Conservative
25,223177,8967.58,396563,5062,3,21,5,0.518,44.22,0.023,Aggressive
41,201715,11196.7,86270,34940,2,6,4,0.334,7.7,0.173,Aggressive
32,31881,1749.08,322979,22463,3,31,4,0.342,184.66,0.705,Balanced
60,56996,3670.55,478706,36188,4,12,6,0.227,130.42,0.635,Conservative
48,183249,11709.57,427104,71813,3,37,2,0.233,36.47,0.392,Conservative
26,142196,8518.47,64847,34017,4,13,5,0.281,7.61,0.239,Balanced
56,57177,2844.66,492983,114375,3,31,8,0.403,173.3,2.0,Balanced
62,86126,6027.76,433699,2697,4,9,2,0.16,71.95,0.031,Conservative
19,76531,4415.95,437536,145975,3,27,5,0.308,99.08,1.907,Balanced
25,46119,3438.21,379474,110930,4,17,7,0.105,110.37,2.405,Balanced
24,137744,9190.43,419792,54086,1,8,5,0.199,45.68,0.393,Balanced
73,136894,4270.76,424468,88385,0,27,10,0.626,99.39,0.646,Balanced
61,178987,7850.47,454249,36652,1,15,9,0.474,57.86,0.205,Aggressive
68,153780,8515.97,278647,138326,2,39,9,0.335,32.72,0.9,Balanced
56,189821,11813.32,204526,61631,3,6,8,0.253,17.31,0.325,Balanced
59,64989,3534.78,280354,80527,4,32,9,0.347,79.31,1.239,Balanced
74,42106,2745.21,328301,104084,1,8,2,0.218,119.59,2.472,Conservative
33,37131,1564.02,430797,119771,1,35,3,0.495,275.44,3.226,Balanced
52,66553,2502.12,443944,113645,4,31,4,0.549,177.43,1.708,Balanced
47,209216,6619.14,224881,59019,3,26,5,0.62,33.97,0.282,Balanced
27,26553,1472.19,214674,120807,2,24,10,0.335,145.82,4.55,Aggressive
55,37881,2300.42,112786,104528,2,2,2,0.271,49.03,2.759,Conservative
35,21379,943.14,492814,65233,2,1,10,0.471,522.53,3.051,Balanced
67,110791,6347.14,239692,372,4,10,4,0.313,37.76,0.003,Balanced
22,125664,3965.6,21155,71564,1,23,4,0.621,5.33,0.569,Aggressive
70,89306,3011.19,402199,123297,2,33,5,0.595,133.57,1.381,Balanced
46,170798,10475.11,491940,128058,1,37,6,0.264,46.96,0.75,Balanced
56,160160,7373.21,40594,63615,2,11,1,0.448,5.51,0.397,Conservative
51,185386,11111.32,173022,29445,2,20,6,0.281,15.57,0.159,Balanced
60,206113,13868.77,249068,85532,3,26,9,0.193,17.96,0.415,Balanced
62,124512,8497.35,118616,109435,4,2,3,0.181,13.96,0.879,Conservative
40,36350,1347.05,156781,145810,3,25,2,0.555,116.39,4.011,Balanced
22,119599,6153.94,46816,76974,1,4,8,0.383,7.61,0.644,Balanced
47,101397,6368.24,249759,121049,1,19,2,0.246,39.22,1.194,Conservative
23,99509,6432.34,19056,131827,4,13,8,0.224,2.96,1.325,Balanced
73,37769,2459.93,159534,62716,2,19,10,0.218,64.85,1.661,Balanced
63,198321,7858.34,409354,69061,4,13,4,0.525,52.09,0.348,Balanced
61,233934,8887.43,301398,29884,2,12,9,0.544,33.91,0.128,Aggressive
21,121584,6834.1,102711,1796,0,2,4,0.325,15.03,0.015,Balanced
46,66365,4189.83,218191,144826,0,37,1,0.242,52.08,2.182,Conservative
40,70185,3073.67,466333,143233,4,23,8,0.474,151.72,2.041,Aggressive
23,153858,5225.89,54876,117747,0,19,1,0.592,10.5,0.765,Balanced
49,146525,9087.12,407069,67713,0,3,5,0.256,44.8,0.462,Conservative
59,152692,6550.92,348032,93668,1,24,7,0.485,53.13,0.613,Balanced
35,56303,2071.48,465012,67586,2,23,3,0.559,224.48,1.2,Balanced
32,39589,1422.72,276415,122206,0,4,6,0.569,194.29,3.087,Balanced
57,22882,997.66,328670,90666,3,18,1,0.477,329.44,3.962,Conservative
49,213320,12016.55,390184,113796,1,12,6,0.324,32.47,0.533,Balanced
26,200394,9136.65,397979,38577,2,35,5,0.453,43.56,0.193,Aggressive
54,149236,4494.04,401485,54765,1,27,2,0.639,89.34,0.367,Balanced
27,175596,5901.48,156906,24841,3,14,4,0.597,26.59,0.141,Aggressive
37,29745,1263.61,476833,25498,2,31,7,0.49,377.36,0.857,Balanced
23,35861,2130.26,426465,108567,4,3,6,0.287,200.19,3.027,Conservative
65,111707,3762.51,405351,112642,4,5,10,0.596,107.73,1.008,Balanced
73,242807,13321.23,327754,67229,1,29,6,0.342,24.6,0.277,Balanced
20,74261,2573.99,133476,127855,4,39,9,0.584,51.86,1.722,Aggressive
59,153909,5981.78,71305,63914,2,17,2,0.534,11.92,0.415,Balanced
28,94135,3488.52,31468,111399,3,19,1,0.555,9.02,1.183,Balanced
60,232519,7498.27,2150,14838,3,35,2,0.613,0.29,0.064,Conservative
34,74380,4458.04,275111,101224,4,33,3,0.281,61.71,1.361,Conservative
49,106089,5347.52,101995,86765,0,8,9,0.395,19.07,0.818,Balanced
21,125025,8408.76,98831,69703,0,37,10,0.193,11.75,0.558,Aggressive
21,200903,6770.26,178472,41845,0,35,9,0.596,26.36,0.208,Aggressive
34,240421,8607.13,219752,38907,4,20,5,0.57,25.53,0.162,Aggressive
58,189327,8181.32,298162,55421,4,17,7,0.481,36.44,0.293,Balanced
36,180592,11606.44,486532,33330,4,13,3,0.229,41.92,0.185,Balanced
22,180613,7798.98,462131,55244,2,4,10,0.482,59.26,0.306,Aggressive
49,216844,10383.76,267001,121696,0,30,2,0.425,25.71,0.561,Balanced
39,178422,7670.39,356481,40564,1,6,6,0.484,46.47,0.227,Aggressive
73,64397,2115.03,273509,103963,2,2,6,0.606,129.32,1.614,Conservative
23,97085,7011.87,115059,121299,2,15,5,0.133,16.41,1.249,Balanced
52,83865,4554.54,331012,120972,4,34,1,0.348,72.68,1.442,Conservative
39,75956,4958.08,364057,62469,4,20,10,0.217,73.43,0.822,Balanced
18,178525,10593.92,488120,2716,2,16,2,0.288,46.08,0.015,Balanced
37,213417,11254.9,258048,27254,4,29,7,0.367,22.93,0.128,Aggressive
39,120727,4017.42,61539,42632,0,27,10,0.601,15.32,0.353,Aggressive
65,163978,9613.26,239528,103964,2,1,2,0.296,24.92,0.634,Conservative
72,34988,1269.64,359583,109623,2,13,5,0.565,283.22,3.133,Balanced
28,178795,8610.63,465010,21277,2,32,10,0.422,54.0,0.119,Aggressive
30,53800,3120.45,396637,126833,4,3,4,0.304,127.11,2.357,Conservative
59,190179,12365.22,362381,17503,2,14,10,0.22,29.31,0.092,Aggressive
20,178502,10810.9,4928,100566,1,28,1,0.273,0.46,0.563,Conservative
26,183607,11006.37,499718,86921,1,26,5,0.281,45.4,0.473,Aggressive
29,219548,7903.24,467363,76180,0,21,1,0.568,59.14,0.347,Balanced
40,107329,4833.12,249796,109264,2,11,3,0.46,51.68,1.018,Balanced
31,228870,7125.52,89283,32864,2,27,9,0.626,12.53,0.144,Aggressive
50,72284,4491.92,247441,139850,4,1,7,0.254,55.09,1.935,Conservative
35,76232,5551.74,114323,96923,3,33,2,0.126,20.59,1.271,Conservative
66,64420,2658.72,315201,45596,3,18,5,0.505,118.55,0.708,Conservative
58,57710,1915.17,358627,149694,2,2,4,0.602,187.26,2.594,Conservative
26,223569,11393.89,114539,129739,0,4,7,0.388,10.05,0.58,Balanced
40,112035,7666.78,406082,19733,1,4,4,0.179,52.97,0.176,Balanced
27,191570,10433.95,309567,109082,2,17,9,0.346,29.67,0.569,Aggressive
36,51283,1605.7,162136,12372,2,16,3,0.624,100.98,0.241,Balanced
64,217241,16036.91,381246,111950,0,9,6,0.114,23.77,0.515,Conservative
22,223430,15002.53,242360,35256,0,26,5,0.194,16.15,0.158,Aggressive
64,213529,7515.81,338155,73353,3,10,10,0.578,44.99,0.344,Balanced
69,45968,3282.84,118910,84757,2,7,8,0.143,36.22,1.844,Balanced
40,82508,4110.81,242389,114687,2,9,1,0.402,58.96,1.39,Conservative
47,214292,9902.86,134214,105700,4,27,10,0.445,13.55,0.493,Aggressive
42,133435,6711.55,368525,149297,1,32,2,0.396,54.91,1.119,Balanced
45,105366,7103.55,145421,58546,4,23,7,0.191,20.47,0.556,Balanced
51,25738,1528.65,364659,8064,4,27,1,0.287,238.55,0.313,Conservative
62,23098,736.42,413060,103073,1,25,5,0.617,560.91,4.462,Balanced
73,115424,8432.52,283858,145058,2,29,8,0.123,33.66,1.257,Balanced
65,224705,8075.92,169798,41689,3,24,10,0.569,21.03,0.186,Aggressive
64,98672,6249.74,223263,44006,1,16,5,0.24,35.72,0.446,Balanced
42,58244,3396.96,154094,32195,0,16,5,0.3,45.36,0.553,Balanced
27,159325,6016.38,257418,203,2,28,9,0.547,42.79,0.001,Aggressive
31,74333,2749.72,7180,45248,1,20,5,0.556,2.61,0.609,Balanced
59,145349,10037.32,406223,7460,1,19,1,0.171,40.47,0.051,Conservative
74,70969,3435.09,117528,118463,1,10,3,0.419,34.21,1.669,Conservative
63,110744,6552.51,75455,57230,3,26,5,0.29,11.52,0.517,Balanced
47,221495,11577.53,180579,122268,4,2,8,0.373,15.6,0.552,Balanced
72,137286,8580.88,116916,135427,4,3,10,0.25,13.63,0.986,Conservative
58,195483,9995.43,380917,31935,1,39,2,0.386,38.11,0.163,Balanced
42,95028,4023.32,49853,117739,1,2,4,0.492,12.39,1.239,Balanced
31,55421,2539.49,104789,2663,4,25,4,0.45,41.26,0.048,Aggressive
52,152526,10454.29,219667,94903,3,4,3,0.178,21.01,0.622,Conservative
69,168594,8533.93,462412,131110,2,15,6,0.393,54.19,0.778,Balanced
65,58575,2281.48,44733,10318,4,18,10,0.533,19.61,0.176,Aggressive
51,23192,1669.89,262570,139992,1,7,2,0.136,157.24,6.036,Conservative
27,131116,8611.37,182437,61243,3,27,3,0.212,21.19,0.467,Balanced
52,206340,6544.7,139444,110723,3,18,2,0.619,21.31,0.537,Conservative
28,147874,11083.39,8339,84044,1,7,10,0.101,0.75,0.568,Balanced
28,101311,6181.74,147224,36902,0,29,8,0.268,23.82,0.364,Aggressive
38,161474,5895.77,400575,97845,3,33,2,0.562,67.94,0.606,Balanced
38,229682,9195.74,165092,71074,4,2,5,0.52,17.95,0.309,Balanced
39,100781,6137.94,341484,48949,0,18,4,0.269,55.63,0.486,Balanced
62,56527,3668.93,180838,104765,2,23,1,0.221,49.29,1.853,Conservative
24,72181,2896.08,244933,46543,4,6,7,0.519,84.57,0.645,Balanced
72,111472,4564.15,382673,11398,1,25,6,0.509,83.84,0.102,Balanced
34,178074,7700.46,332160,145844,0,19,10,0.481,43.14,0.819,Aggressive
19,101219,5726.55,170665,73436,4,8,1,0.321,29.8,0.726,Conservative
29,163532,6057.48,183542,109809,3,37,9,0.556,30.3,0.671,Aggressive
74,139783,4744.86,50120,50396,1,26,4,0.593,10.56,0.361,Balanced
59,181554,10944.31,263069,110583,0,29,1,0.277,24.04,0.609,Conservative
35,167519,10867.85,336321,66193,3,28,8,0.221,30.95,0.395,Aggressive
71,199300,10388.7,51227,109461,1,7,1,0.374,4.93,0.549,Conservative
28,103265,4733.91,207165,20840,1,36,2,0.45,43.76,0.202,Aggressive
33,70126,3433.97,181557,98119,0,15,5,0.412,52.87,1.399,Balanced
66,40545,1904.35,228911,80061,0,33,1,0.436,120.2,1.975,Conservative
68,75114,5495.79,178656,63900,0,5,1,0.122,32.51,0.851,Conservative
35,113740,7321.53,332286,45384,4,29,6,0.228,45.38,0.399,Balanced
52,226422,8763.44,86123,124679,1,17,1,0.536,9.83,0.551,Balanced
70,208873,9770.1,264052,29917,2,27,5,0.439,27.03,0.143,Balanced
43,33890,1833.47,216973,112301,3,17,10,0.351,118.34,3.314,Aggressive
33,141284,8090.18,55837,88155,0,4,5,0.313,6.9,0.624,Balanced
23,72482,3669.41,235697,70071,1,12,2,0.392,64.23,0.967,Balanced
74,214469,14218.75,240238,56425,3,23,3,0.204,16.9,0.263,Conservative
61,152812,9833.24,40112,80116,2,11,3,0.228,4.08,0.524,Conservative
60,181193,9479.97,170735,61321,3,36,3,0.372,18.01,0.338,Conservative
64,162290,11088.95,128448,67512,2,12,3,0.18,11.58,0.416,Conservative
64,91591,5824.42,278487,101973,0,9,4,0.237,47.81,1.113,Conservative
65,108241,7019.61,180936,118880,4,24,10,0.222,25.78,1.098,Balanced
59,54722,3994.8,291121,47055,2,18,1,0.124,72.88,0.86,Conservative
29,69431,2873.04,229565,937,0,27,4,0.503,79.9,0.013,Aggressive
30,202615,8395.12,383743,17673,3,9,4,0.503,45.71,0.087,Balanced
21,62000,4334.44,192654,102974,3,33,8,0.161,44.45,1.661,Aggressive
56,91975,5937.94,158902,72957,3,6,4,0.225,26.76,0.793,Conservative
71,50921,3647.64,95247,12953,4,33,5,0.14,26.11,0.254,Balanced
19,119265,3823.65,431285,67052,1,6,4,0.615,112.79,0.562,Aggressive
43,108747,6300.68,491919,43042,2,4,5,0.305,78.07,0.396,Balanced
44,181686,6503.53,48614,119180,1,3,3,0.57,7.48,0.656,Conservative
44,212261,11093.17,329938,71706,3,13,3,0.373,29.74,0.338,Balanced
32,37601,1365.11,195678,124765,4,26,8,0.564,143.34,3.318,Aggressive
25,113332,3970.81,301192,133425,0,34,1,0.58,75.85,1.177,Balanced
24,143254,4258.14,325242,11999,4,13,3,0.643,76.38,0.084,Balanced
64,222615,12923.38,357349,76474,1,8,2,0.303,27.65,0.344,Conservative
72,171586,7828.07,142832,63134,3,12,10,0.453,18.25,0.368,Balanced
63,234384,7966.2,294994,131652,2,8,6,0.592,37.03,0.562,Balanced
57,218684,9614.09,173313,70086,4,19,8,0.472,18.03,0.32,Aggressive
29,241958,8930.65,98714,45248,1,10,6,0.557,11.05,0.187,Aggressive
30,139004,10053.84,129385,117651,1,32,4,0.132,12.87,0.846,Balanced
60,167364,7336.16,307825,62249,0,21,3,0.474,41.96,0.372,Balanced
34,182582,8119.95,388954,147500,2,23,4,0.466,47.9,0.808,Balanced
34,48000,3247.69,83946,7647,1,27,8,0.188,25.85,0.159,Aggressive
73,150439,8854.16,132412,68079,2,25,9,0.294,14.95,0.453,Balanced
53,139277,8595.65,456138,80094,3,7,8,0.259,53.07,0.575,Balanced
38,50383,2938.17,411441,53546,4,35,9,0.3,140.03,1.063,Balanced
25,162857,11812.67,274943,80919,1,2,8,0.13,23.28,0.497,Balanced
22,60910,2354.43,313296,30033,3,28,5,0.536,133.07,0.493,Aggressive
43,190100,14162.0,489241,85075,0,7,5,0.106,34.55,0.448,Balanced
33,175927,11831.47,221613,85625,2,12,1,0.193,18.73,0.487,Balanced
53,44281,2486.88,333739,98820,3,17,8,0.326,134.2,2.232,Balanced
45,133838,7966.76,235802,31000,2,22,2,0.286,29.6,0.232,Balanced
71,24841,1463.25,426313,72113,2,9,6,0.293,291.35,2.903,Conservative
46,117204,3732.15,140279,143701,1,3,6,0.618,37.59,1.226,Conservative
64,80155,3138.8,311587,137994,2,22,10,0.53,99.27,1.722,Balanced
29,177990,13034.93,110458,93435,3,36,4,0.121,8.47,0.525,Balanced
54,76313,4094.83,457519,126956,0,39,9,0.356,111.73,1.664,Aggressive
47,131688,6124.53,372219,99294,1,18,3,0.442,60.78,0.754,Conservative
40,168515,10800.7,237551,61049,4,17,8,0.231,21.99,0.362,Aggressive
33,183322,9754.04,108143,96155,0,27,2,0.362,11.09,0.525,Balanced
31,152994,4554.63,356199,7721,3,35,5,0.643,78.21,0.05,Aggressive
27,51976,3269.86,88877,116539,1,32,6,0.245,27.18,2.242,Balanced
24,163063,10228.39,347820,101013,2,3,2,0.247,34.01,0.619,Conservative
62,124405,4570.14,101398,111870,0,13,7,0.559,22.19,0.899,Balanced
69,73744,5384.31,233532,67714,1,17,5,0.124,43.37,0.918,Conservative
54,173805,6852.98,229734,95166,4,18,10,0.527,33.52,0.548,Aggressive
46,22473,1126.95,75776,111992,4,17,4,0.398,67.24,4.983,Balanced
20,159180,5479.83,117274,9747,4,16,4,0.587,21.4,0.061,Aggressive
32,48715,2767.85,396871,131050,1,22,2,0.318,143.39,2.69,Balanced
53,183282,8499.67,286216,124102,0,25,9,0.444,33.67,0.677,Aggressive
64,57317,2599.54,453410,129244,2,1,1,0.456,174.42,2.255,Conservative
63,85516,5735.54,329158,73640,0,27,1,0.195,57.39,0.861,Conservative
69,184434,5460.15,207605,47746,2,14,4,0.645,38.02,0.259,Balanced
36,74604,4904.41,176415,138410,0,28,3,0.211,35.97,1.855,Conservative
30,24889,1377.81,347611,66704,0,36,9,0.336,252.29,2.68,Aggressive
59,240629,17893.86,35857,129511,1,32,7,0.108,2.0,0.538,Conservative
38,93748,5267.03,379338,56500,4,29,2,0.326,72.02,0.603,Balanced
54,51971,1647.73,416883,142395,4,17,4,0.62,253.0,2.74,Balanced
44,70551,2221.5,334122,68163,4,28,5,0.622,150.4,0.966,Balanced
72,154273,10744.27,19483,128191,4,21,10,0.164,1.81,0.831,Conservative
69,128957,8733.27,35776,18919,0,24,4,0.187,4.1,0.147,Balanced
46,109882,4946.88,262228,149728,4,35,4,0.46,53.01,1.363,Balanced
37,57958,3332.19,438995,53956,0,20,4,0.31,131.74,0.931,Balanced
42,230323,11886.11,191055,16544,2,22,8,0.381,16.07,0.072,Aggressive
23,25681,1887.43,214685,50936,3,4,7,0.118,113.74,1.983,Conservative
53,121982,8868.89,334095,19566,3,16,4,0.128,37.67,0.16,Balanced
19,66870,4965.72,485585,126854,2,21,1,0.109,97.79,1.897,Balanced
39,148396,10221.35,395761,14880,0,21,6,0.173,38.72,0.1,Aggressive
49,233328,16532.33,352360,143008,4,11,5,0.15,21.31,0.613,Conservative
33,87203,3411.84,369387,96284,1,37,5,0.53,108.27,1.104,Balanced
35,179224,12053.62,304988,12198,0,22,6,0.193,25.3,0.068,Aggressive
22,70061,4319.68,272208,8376,0,20,8,0.26,63.02,0.12,Aggressive
71,208691,15295.88,273749,67432,2,2,6,0.12,17.9,0.323,Conservative
53,78235,4330.27,319398,109791,2,11,6,0.336,73.76,1.403,Balanced
47,224812,7434.57,376713,148188,1,21,7,0.603,50.67,0.659,Balanced
62,57890,3273.53,20556,63295,4,33,8,0.321,6.28,1.093,Balanced
36,110073,6674.27,64065,140885,3,17,4,0.272,9.6,1.28,Balanced
40,81401,3196.19,113597,51313,4,36,7,0.529,35.54,0.63,Balanced
51,31217,1474.39,48189,106873,4,14,8,0.433,32.68,3.424,Balanced
30,68351,3868.53,294779,20232,0,37,6,0.321,76.2,0.296,Aggressive
60,53741,2488.92,237057,33609,1,31,9,0.444,95.25,0.625,Balanced
71,171726,7959.8,295456,116859,0,4,6,0.444,37.12,0.68,Conservative
46,212386,7490.1,117273,39021,2,6,4,0.577,15.66,0.184,Balanced
53,21408,1547.46,463763,45108,3,21,6,0.133,299.69,2.107,Conservative
39,62903,3998.39,416488,130221,1,13,2,0.237,104.16,2.07,Conservative
69,235280,6875.74,343601,85305,1,38,8,0.649,49.97,0.363,Aggressive
69,127042,8163.37,355296,4821,4,15,6,0.229,43.52,0.038,Balanced
64,152290,9605.53,270419,120501,0,5,4,0.243,28.15,0.791,Conservative
53,201644,5971.22,224054,148869,4,38,7,0.645,37.52,0.738,Balanced
26,209870,9676.45,317167,65580,4,24,8,0.447,32.78,0.312,Aggressive
56,142189,8101.35,142279,149142,1,18,3,0.316,17.56,1.049,Conservative
68,129268,6452.77,276016,5236,3,29,10,0.401,42.77,0.041,Aggressive
36,50105,3248.02,106752,26745,2,32,3,0.222,32.87,0.534,Balanced
55,89634,4362.2,489066,137697,4,7,10,0.416,112.11,1.536,Balanced
23,137426,4977.39,193098,93353,3,30,3,0.565,38.8,0.679,Balanced
69,216135,15976.49,327750,4014,4,38,3,0.113,20.51,0.019,Conservative
64,158691,6388.93,481859,38548,3,26,2,0.517,75.42,0.243,Balanced
32,163011,10116.61,53975,41033,0,8,5,0.255,5.34,0.252,Balanced
74,38226,1365.74,121814,39060,2,25,6,0.571,89.19,1.022,Balanced
37,45322,2005.34,391458,67096,1,30,1,0.469,195.21,1.48,Balanced
26,137504,6796.31,124002,58235,0,24,6,0.407,18.25,0.424,Aggressive
49,78215,2970.39,57701,76860,4,30,7,0.544,19.43,0.983,Balanced
21,167950,8362.2,421673,92001,4,5,2,0.403,50.43,0.548,Balanced
67,157632,5733.07,227386,95285,2,4,1,0.564,39.66,0.604,Conservative
35,189350,10374.07,56743,25822,2,9,7,0.343,5.47,0.136,Balanced
22,187284,11159.67,386008,82392,2,33,6,0.285,34.59,0.44,Aggressive
37,114835,3677.96,205324,120123,4,29,3,0.616,55.83,1.046,Balanced
40,93079,6431.16,338186,34985,4,31,2,0.171,52.59,0.376,Balanced
28,43946,1654.67,165565,25276,1,19,2,0.548,100.06,0.575,Balanced
54,182812,7220.3,165588,134059,2,2,2,0.526,22.93,0.733,Conservative
39,130733,7775.81,156926,8330,3,20,8,0.286,20.18,0.064,Aggressive
21,27253,1380.39,49137,149593,1,12,1,0.392,35.6,5.489,Balanced
46,99311,5169.7,120214,75811,3,21,3,0.375,23.25,0.763,Conservative
61,52813,1850.59,478478,48119,0,31,8,0.58,258.55,0.911,Balanced
51,215403,14237.33,127080,114619,2,36,6,0.207,8.93,0.532,Balanced
30,178704,10266.24,366646,37603,1,20,7,0.311,35.71,0.21,Aggressive
59,68365,2418.18,477218,28940,1,20,2,0.576,197.35,0.423,Balanced
26,87593,4056.28,398564,8377,0,36,9,0.444,98.26,0.096,Aggressive
59,184503,12234.48,43173,62308,0,18,7,0.204,3.53,0.338,Balanced
48,188508,10408.71,143355,35961,0,6,3,0.337,13.77,0.191,Balanced
24,169485,5787.3,65194,4928,1,33,9,0.59,11.27,0.029,Aggressive
21,246833,11416.59,112192,9604,4,10,3,0.445,9.83,0.039,Balanced
36,58485,2356.37,455581,48029,3,18,10,0.517,193.34,0.821,Aggressive
59,219304,11597.64,233014,93300,3,34,8,0.365,20.09,0.425,Aggressive
47,131504,8918.7,54407,144849,0,15,7,0.186,6.1,1.101,Conservative
48,36101,1774.81,444385,52068,4,3,3,0.41,250.39,1.442,Conservative
52,28831,1413.53,404640,112236,4,8,5,0.412,286.26,3.893,Conservative
74,235655,16651.83,332822,103949,0,11,7,0.152,19.99,0.441,Balanced
38,71897,3995.69,71232,135333,2,32,3,0.333,17.83,1.882,Balanced
48,25004,1378.15,470407,37306,1,17,2,0.339,341.33,1.492,Conservative
36,239313,9852.72,471307,69962,2,30,9,0.506,47.84,0.292,Aggressive
48,65924,3759.03,282796,62432,4,8,2,0.316,75.23,0.947,Conservative
70,172581,9589.04,498218,132430,0,7,3,0.333,51.96,0.767,Conservative
49,57170,2707.32,8572,78959,1,20,1,0.432,3.17,1.381,Conservative
19,63555,4739.52,82001,34537,3,12,1,0.105,17.3,0.543,Balanced
69,165734,11532.88,370636,27337,4,21,1,0.165,32.14,0.165,Conservative
27,138115,8773.44,176259,125762,1,28,10,0.238,20.09,0.911,Aggressive
19,124216,6682.2,229098,129162,1,28,3,0.354,34.28,1.04,Balanced
19,85930,4326.09,22442,63247,2,16,6,0.396,5.19,0.736,Balanced
41,198475,7470.82,441133,91301,3,10,10,0.548,59.05,0.46,Aggressive
34,56365,2433.82,92879,17576,2,22,3,0.482,38.16,0.312,Balanced
49,82188,5312.62,454975,35584,2,7,4,0.224,85.64,0.433,Balanced
33,227132,11348.31,268134,39035,2,4,2,0.4,23.63,0.172,Balanced
33,118633,8257.33,153291,93733,2,24,7,0.165,18.56,0.79,Balanced
63,177745,6389.21,442916,135928,4,34,4,0.569,69.32,0.765,Balanced
56,83471,4379.38,301328,95980,3,14,1,0.37,68.81,1.15,Conservative
70,168228,9895.05,281538,87163,2,17,4,0.294,28.45,0.518,Balanced
48,77287,4085.05,424553,12023,4,8,4,0.366,103.93,0.156,Balanced
60,152717,10678.42,252485,125524,4,13,3,0.161,23.64,0.822,Conservative
41,79076,5892.87,372474,100187,1,7,8,0.106,63.21,1.267,Balanced
18,245657,8469.21,315456,62919,1,3,7,0.586,37.25,0.256,Balanced
28,136475,4793.4,198854,540,0,24,10,0.579,41.48,0.004,Aggressive
72,226423,7956.47,222179,8837,4,24,10,0.578,27.92,0.039,Aggressive
38,70151,4236.23,467422,103030,0,7,3,0.275,110.34,1.469,Conservative
21,87384,4041.31,230509,64889,4,30,4,0.445,57.04,0.743,Balanced
24,119865,7524.76,187704,49054,2,5,8,0.247,24.94,0.409,Aggressive
43,53541,2556.62,209997,9046,2,21,10,0.427,82.14,0.169,Aggressive
64,92847,5378.81,322805,52495,0,8,3,0.305,60.01,0.565,Conservative
67,238171,15350.56,281748,40579,2,7,5,0.227,18.35,0.17,Balanced
29,231811,12585.77,115363,59821,2,39,5,0.348,9.17,0.258,Aggressive
48,70955,3824.04,408856,95877,1,2,5,0.353,106.92,1.351,Conservative
34,160362,5325.74,355916,76668,2,12,5,0.601,66.83,0.478,Aggressive
50,210014,10079.45,386162,9012,1,28,9,0.424,38.31,0.043,Aggressive
28,233739,12664.32,8652,7030,3,19,10,0.35,0.68,0.03,Aggressive
45,181215,9122.51,48986,122047,4,28,5,0.396,5.37,0.673,Balanced
49,175581,12370.12,216849,143099,1,35,9,0.155,17.53,0.815,Balanced
18,107780,7621.77,365340,93399,1,12,9,0.151,47.93,0.867,Aggressive
64,187813,12553.02,300791,18565,1,28,10,0.198,23.96,0.099,Aggressive
45,177970,8252.08,219462,101536,4,26,4,0.444,26.59,0.571,Balanced
70,119919,7440.12,402382,113921,4,38,9,0.255,54.08,0.95,Balanced
59,132854,6281.88,225511,142710,4,6,2,0.433,35.9,1.074,Conservative
24,236746,9428.93,239714,91122,2,19,3,0.522,25.42,0.385,Balanced
19,214020,9605.87,297370,57540,1,27,1,0.461,30.96,0.269,Aggressive
59,81768,2650.85,105483,9225,4,9,7,0.611,39.79,0.113,Balanced
41,63262,2807.13,442405,96774,3,10,10,0.468,157.6,1.53,Aggressive
21,156578,7873.37,439832,82268,4,10,9,0.397,55.86,0.525,Aggressive
61,40605,2962.52,106152,28353,0,33,3,0.124,35.83,0.698,Conservative
36,98590,4291.75,71920,48531,0,18,8,0.478,16.76,0.492,Aggressive
43,48231,3401.69,78348,132730,1,10,1,0.154,23.03,2.752,Conservative
28,99397,3941.69,385872,25150,1,7,6,0.524,97.9,0.253,Aggressive
57,97123,3682.85,238704,144387,1,32,6,0.545,64.82,1.487,Balanced
67,33515,1774.75,217106,149275,2,6,5,0.365,122.33,4.454,Conservative
60,107211,6431.6,397536,121159,0,19,4,0.28,61.81,1.13,Conservative
28,189694,5918.18,398038,38649,0,34,3,0.626,67.26,0.204,Aggressive
62,36600,1438.34,38735,20392,1,5,4,0.528,26.93,0.557,Balanced
20,178964,8957.54,111129,137115,0,19,7,0.399,12.41,0.766,Balanced
29,234351,10390.58,366450,16867,0,14,7,0.468,35.27,0.072,Aggressive
20,89310,5521.9,60461,102216,2,10,3,0.258,10.95,1.145,Conservative
59,172873,9092.23,252639,131429,3,11,10,0.369,27.79,0.76,Balanced
44,188767,6893.1,50856,126874,1,31,3,0.562,7.38,0.672,Balanced
66,179925,12624.08,105253,30408,3,2,3,0.158,8.34,0.169,Conservative
71,155501,6623.02,287567,26279,3,10,5,0.489,43.42,0.169,Balanced
19,155678,9757.41,378535,102868,2,21,1,0.248,38.79,0.661,Balanced
66,155550,10097.19,88978,55131,0,1,10,0.221,8.81,0.354,Balanced
33,134380,9851.59,34250,41452,1,31,7,0.12,3.48,0.308,Balanced
19,234888,12217.68,360513,76855,4,11,8,0.376,29.51,0.327,Aggressive
71,191206,10973.78,244865,63612,3,10,7,0.311,22.31,0.333,Balanced
47,221035,9839.41,351092,27578,3,20,8,0.466,35.68,0.125,Aggressive
37,131780,7939.73,252915,1908,2,21,9,0.277,31.85,0.014,Aggressive
55,221969,11188.36,390686,98059,3,37,4,0.395,34.92,0.442,Balanced
45,176547,8690.66,284627,79368,3,37,3,0.409,32.75,0.45,Balanced
42,86177,5892.4,374377,142658,3,14,7,0.179,63.54,1.655,Balanced
49,172802,5437.4,481326,70940,2,5,9,0.622,88.52,0.411,Aggressive
27,172185,11982.34,371740,87878,0,6,9,0.165,31.02,0.51,Aggressive
59,171083,11671.26,399621,132697,3,24,8,0.181,34.24,0.776,Balanced
57,75746,3967.21,318127,97543,1,16,3,0.371,80.19,1.288,Conservative
50,143075,7387.58,287672,17871,3,23,6,0.38,38.94,0.125,Balanced
30,193925,8871.97,463325,129742,3,38,2,0.451,52.22,0.669,Balanced
73,105195,7861.53,183618,112961,1,16,6,0.103,23.36,1.074,Conservative
58,56818,1946.69,264878,55653,2,13,5,0.589,136.07,0.979,Balanced
71,188393,10591.12,212381,140180,4,8,4,0.325,20.05,0.744,Conservative
59,41309,2495.49,204739,115398,1,38,3,0.275,82.04,2.794,Conservative
64,169760,12221.04,317655,34984,4,32,8,0.136,25.99,0.206,Balanced
54,48176,3127.87,254615,63478,0,22,10,0.221,81.4,1.318,Balanced
71,88879,5215.09,116635,24290,0,17,6,0.296,22.36,0.273,Balanced
33,87592,3023.73,143633,145505,3,5,9,0.586,47.5,1.661,Balanced
62,104728,4848.5,49753,141890,3,8,3,0.444,10.26,1.355,Conservative
39,240084,8530.24,127434,6984,2,30,5,0.574,14.94,0.029,Aggressive
74,160488,11162.84,89854,66286,4,19,4,0.165,8.05,0.413,Conservative
37,191066,12137.33,45167,5594,0,12,6,0.238,3.72,0.029,Balanced
67,217494,13895.06,482956,138243,0,25,2,0.233,34.76,0.636,Conservative
60,28584,1688.22,321440,96624,3,13,6,0.291,190.4,3.38,Conservative
44,144555,7575.57,357542,116575,3,4,3,0.371,47.2,0.806,Conservative
58,113302,4083.44,112542,50570,2,10,8,0.568,27.56,0.446,Aggressive
33,142408,6305.5,64565,117291,3,28,10,0.469,10.24,0.824,Aggressive
51,38830,1376.21,339030,95350,3,5,10,0.575,246.35,2.456,Balanced
49,236897,14780.44,31138,128742,2,28,6,0.251,2.11,0.543,Conservative
43,97066,3543.93,82955,119788,3,31,8,0.562,23.41,1.234,Aggressive
42,23591,1447.23,417600,62405,3,16,7,0.264,288.55,2.645,Balanced
19,113878,6934.61,228588,111606,3,23,6,0.269,32.96,0.98,Balanced
29,145407,7302.07,162269,62653,4,29,9,0.397,22.22,0.431,Aggressive
57,136869,4840.32,84120,141282,0,21,9,0.576,17.38,1.032,Aggressive
26,41395,1804.62,499059,59380,1,2,10,0.477,276.55,1.434,Balanced
29,205254,8997.84,124843,101791,0,23,10,0.474,13.87,0.496,Aggressive
43,36738,2250.85,227409,120598,4,16,4,0.265,101.03,3.283,Balanced
26,153703,5284.29,7614,120996,1,11,8,0.587,1.44,0.787,Balanced
27,168977,11349.45,31050,119421,0,9,3,0.194,2.74,0.707,Conservative
49,39056,2501.39,401185,75237,2,2,5,0.231,160.39,1.926,Conservative
74,141656,5341.24,441487,92150,4,18,3,0.548,82.66,0.651,Conservative
51,135316,8406.96,269136,80202,2,13,10,0.254,32.01,0.593,Balanced
65,240154,14362.86,234220,70775,2,8,4,0.282,16.31,0.295,Balanced
37,186519,11835.66,264615,84266,0,10,5,0.239,22.36,0.452,Balanced
56,74418,2814.93,177922,66391,1,27,8,0.546,63.21,0.892,Aggressive
19,57190,2081.12,141216,74894,3,17,10,0.563,67.86,1.31,Aggressive
18,46014,1840.81,223277,50817,3,24,8,0.52,121.29,1.104,Aggressive
68,224071,10292.88,326838,69574,4,21,3,0.449,31.75,0.31,Conservative
53,201350,13197.08,476348,42932,2,1,8,0.213,36.09,0.213,Balanced
41,145563,9168.75,364603,63404,4,16,10,0.244,39.77,0.436,Aggressive
71,21780,1559.08,376290,20071,0,33,4,0.141,241.35,0.922,Conservative
44,242715,7731.41,144106,53694,2,6,2,0.618,18.64,0.221,Balanced
19,210330,6246.03,144340,733,3,12,3,0.644,23.11,0.003,Balanced
48,248195,15192.15,285269,61127,0,32,8,0.265,18.78,0.246,Aggressive
74,62192,2610.03,498492,78345,0,11,5,0.496,190.99,1.26,Balanced
31,210372,9357.06,291304,144758,4,18,2,0.466,31.13,0.688,Conservative
19,124875,6771.77,483396,69034,4,2,7,0.349,71.38,0.553,Balanced
46,241576,8179.91,206748,107620,1,32,5,0.594,25.28,0.445,Balanced
32,119129,6983.76,20532,135789,3,20,6,0.297,2.94,1.14,Conservative
29,63923,2817.04,458651,4854,3,21,2,0.471,162.81,0.076,Balanced
54,109196,6351.51,431608,100162,4,36,7,0.302,67.95,0.917,Balanced
45,22395,1509.24,485841,108787,3,38,1,0.191,321.91,4.858,Conservative
37,122449,4531.75,467902,14358,3,27,10,0.556,103.25,0.117,Aggressive
56,141747,10181.93,199951,4960,0,11,10,0.138,19.64,0.035,Aggressive
41,248456,13289.88,24857,26576,2,18,5,0.358,1.87,0.107,Balanced
38,166851,11924.43,476228,91909,2,17,9,0.142,39.94,0.551,Aggressive
27,91028,3521.66,263141,18700,1,34,7,0.536,74.72,0.205,Aggressive
63,180794,10282.8,395850,51166,2,26,9,0.317,38.5,0.283,Aggressive
31,158183,7541.87,150405,47417,3,6,9,0.428,19.94,0.3,Aggressive
54,161056,10412.57,464664,19412,0,30,1,0.224,44.63,0.121,Balanced
35,248624,14156.03,426382,97760,2,39,8,0.317,30.12,0.393,Aggressive
41,113176,5866.13,188172,59291,3,32,7,0.378,32.08,0.524,Aggressive
31,223400,15864.04,332472,91255,3,17,2,0.148,20.96,0.408,Conservative
51,46924,2179.68,355567,135303,4,13,3,0.443,163.13,2.883,Conservative
29,203775,7997.98,360006,7521,4,13,6,0.529,45.01,0.037,Aggressive
39,52577,2998.89,131598,123815,2,6,3,0.316,43.88,2.355,Conservative
73,158783,9172.57,274752,11349,4,22,8,0.307,29.95,0.071,Aggressive
23,105548,5202.65,387241,32768,3,33,4,0.408,74.43,0.31,Aggressive
53,145093,7467.88,14970,95168,3,33,7,0.382,2.0,0.656,Conservative
62,155168,11349.95,292429,62985,4,4,4,0.122,25.76,0.406,Conservative
53,86555,5431.16,395969,7611,0,14,2,0.247,72.91,0.088,Conservative
39,109848,3760.75,458254,19012,4,35,7,0.589,121.85,0.173,Aggressive
31,226084,8792.25,458605,49725,0,27,8,0.533,52.16,0.22,Aggressive
33,28254,2087.42,282670,1548,4,6,1,0.113,135.42,0.055,Conservative
53,145410,9082.75,446523,90297,3,1,5,0.25,49.16,0.621,Conservative
73,249027,17707.37,456594,145060,3,28,10,0.147,25.79,0.583,Balanced
42,228192,9833.63,175830,94729,4,29,8,0.483,17.88,0.415,Aggressive
49,157037,9919.85,226382,14497,1,32,1,0.242,22.82,0.092,Balanced
50,228072,14115.78,439863,130337,0,28,3,0.257,31.16,0.571,Conservative
62,229047,9774.19,308061,138911,1,27,2,0.488,31.52,0.606,Conservative
53,209059,11375.41,370423,38457,3,10,3,0.347,32.56,0.184,Balanced
37,123025,7126.0,394802,116584,0,18,3,0.305,55.4,0.948,Balanced
35,150509,7708.85,418122,117143,4,4,3,0.385,54.24,0.778,Conservative
55,52963,3552.71,100819,108296,0,38,1,0.195,28.38,2.045,Conservative
20,245048,16501.49,87487,128919,0,32,3,0.192,5.3,0.526,Balanced
40,23273,1586.11,75943,61976,2,5,2,0.182,47.88,2.663,Conservative
49,35330,2331.44,466375,10275,0,22,9,0.208,200.04,0.291,Aggressive
62,172566,8893.56,112738,38151,3,22,10,0.382,12.68,0.221,Aggressive
33,96422,4498.01,92338,34173,1,2,8,0.44,20.53,0.354,Aggressive
22,142089,9558.53,400800,93800,1,34,6,0.193,41.93,0.66,Balanced
21,23212,1198.53,386431,43612,4,2,7,0.38,322.42,1.879,Balanced
38,234513,9488.09,348027,15960,2,36,1,0.514,36.68,0.068,Balanced
57,107594,5640.07,316137,4538,1,8,7,0.371,56.05,0.042,Balanced
68,152152,5426.98,285449,50338,1,33,8,0.572,52.6,0.331,Aggressive
31,52675,3206.14,324430,28709,0,33,8,0.27,101.19,0.545,Aggressive
56,42007,1871.96,14748,133211,3,4,6,0.465,7.88,3.171,Conservative
48,133805,5501.2,201575,47204,3,18,7,0.507,36.64,0.353,Balanced
31,102641,7493.48,156956,24432,4,19,2,0.124,20.95,0.238,Balanced
23,115815,7501.77,134468,125211,3,10,4,0.223,17.92,1.081,Balanced
29,66815,4359.06,404078,6069,1,30,8,0.217,92.7,0.091,Aggressive
33,103482,5976.49,347692,144365,0,22,4,0.307,58.18,1.395,Balanced
34,20639,1395.79,86675,98582,3,39,8,0.188,62.1,4.776,Balanced
62,83593,5346.74,187604,100895,2,38,10,0.232,35.09,1.207,Balanced
40,98038,5549.98,323666,123529,2,1,4,0.321,58.32,1.26,Balanced
31,113899,8339.48,345898,130640,2,30,9,0.121,41.48,1.147,Aggressive
24,23736,900.74,353273,98658,3,5,1,0.545,392.2,4.156,Conservative
63,36473,2640.82,220570,113982,0,26,6,0.131,83.52,3.125,Conservative
49,148771,7076.43,214780,84162,3,31,1,0.429,30.35,0.566,Balanced
32,145801,7783.58,402653,37667,1,39,6,0.359,51.73,0.258,Aggressive
61,185091,6439.73,47891,51632,3,12,4,0.582,7.44,0.279,Balanced
34,127598,6880.29,111511,98861,2,17,8,0.353,16.21,0.775,Aggressive
58,106623,6096.74,225651,46106,2,18,8,0.314,37.01,0.432,Aggressive
71,245097,18356.46,350211,69022,0,2,9,0.101,19.08,0.282,Balanced
64,56820,4196.89,258687,82081,4,24,7,0.114,61.64,1.445,Conservative
61,235933,17331.61,432412,130891,2,28,8,0.118,24.95,0.555,Balanced
51,77589,3501.94,447670,88164,2,39,3,0.458,127.83,1.136,Conservative
22,216879,16179.11,476333,115386,4,10,10,0.105,29.44,0.532,Aggressive
62,38414,1922.34,273870,108469,3,33,4,0.399,142.47,2.824,Balanced
44,147378,10052.53,17358,69080,2,24,4,0.181,1.73,0.469,Balanced
69,44220,1728.18,242044,85697,0,11,6,0.531,140.06,1.938,Balanced
40,80531,4215.85,489584,18376,3,8,7,0.372,116.13,0.228,Balanced
57,130002,9547.64,188420,129942,3,27,9,0.119,19.73,1.0,Balanced
31,193497,14042.52,112993,50184,2,26,10,0.129,8.05,0.259,Aggressive
32,29387,1778.05,170872,60854,3,12,6,0.274,96.1,2.071,Balanced
60,96815,6363.96,173042,87936,3,35,2,0.211,27.19,0.908,Conservative
50,47584,1772.64,156685,70455,0,15,10,0.553,88.39,1.481,Balanced
70,64783,4032.27,240328,116521,3,21,10,0.253,59.6,1.799,Balanced
48,190881,10974.51,183668,77934,2,37,7,0.31,16.74,0.408,Balanced
52,205399,6852.68,22516,88904,2,30,10,0.6,3.29,0.433,Aggressive
34,144494,4963.82,258326,18167,4,5,9,0.588,52.04,0.126,Aggressive
45,135814,4636.28,464636,63178,1,17,8,0.59,100.22,0.465,Aggressive
36,150752,9401.85,411466,17568,4,26,4,0.252,43.76,0.117,Balanced
63,161929,5774.7,17945,72369,0,34,2,0.572,3.11,0.447,Conservative
71,193333,9783.5,488156,59657,0,33,8,0.393,49.9,0.309,Aggressive
40,93588,4260.91,428791,571,2,18,6,0.454,100.63,0.006,Aggressive
49,168067,9142.53,279335,20122,1,25,8,0.347,30.55,0.12,Aggressive
57,33580,2066.74,357254,131655,4,30,9,0.261,172.86,3.921,Balanced
30,38240,2315.42,206296,122011,1,37,3,0.273,89.1,3.191,Conservative
37,103446,5461.4,157432,102874,2,20,8,0.366,28.83,0.994,Aggressive
52,226824,11442.97,423887,28364,3,2,10,0.395,37.04,0.125,Balanced
22,124533,5902.85,160993,71227,2,13,8,0.431,27.27,0.572,Aggressive
26,197183,13540.73,304733,75861,2,20,5,0.176,22.5,0.385,Aggressive
46,241519,10706.71,163562,89950,1,6,6,0.468,15.28,0.372,Balanced
23,185938,7633.55,328483,5126,0,11,5,0.507,43.03,0.028,Aggressive
42,100974,6385.12,6986,92144,3,25,6,0.241,1.09,0.913,Conservative
48,93401,4264.3,202674,3762,3,10,1,0.452,47.53,0.04,Balanced
39,233165,15852.29,480793,2786,0,31,10,0.184,30.33,0.012,Aggressive
19,163283,7216.28,463143,67078,1,4,10,0.47,64.18,0.411,Aggressive
62,210057,12884.72,402762,116363,1,25,10,0.264,31.26,0.554,Balanced
22,184340,5757.71,423457,78349,0,28,2,0.625,73.55,0.425,Balanced
44,23646,1107.54,452805,147489,4,24,8,0.438,408.84,6.237,Aggressive
42,206443,9268.89,268368,16294,1,35,1,0.461,28.95,0.079,Balanced
25,62816,4183.41,442063,68335,0,5,9,0.201,105.67,1.088,Balanced
72,109460,8044.22,129779,122184,4,33,7,0.118,16.13,1.116,Conservative
18,64112,3224.22,416380,72459,2,11,1,0.397,129.14,1.13,Balanced
37,71048,4758.2,71386,50209,3,8,5,0.196,15.0,0.707,Conservative
61,205983,12613.58,211133,6938,0,21,2,0.265,16.74,0.034,Conservative
40,226518,16650.25,94261,122285,1,32,1,0.118,5.66,0.54,Balanced
49,152850,10140.45,140736,104875,3,5,1,0.204,13.88,0.686,Conservative
28,65752,2151.26,234009,135460,4,34,5,0.607,108.78,2.06,Balanced
56,236049,14601.7,468622,68163,3,9,4,0.258,32.09,0.289,Balanced
64,90726,4872.93,114666,7247,0,38,5,0.355,23.53,0.08,Balanced
71,231912,6938.8,33372,22575,2,32,6,0.641,4.81,0.097,Balanced
41,178361,7256.65,484082,20146,4,10,1,0.512,66.71,0.113,Balanced
28,64788,4626.76,221063,22371,4,12,2,0.143,47.78,0.345,Balanced
46,24747,1772.16,453595,92243,4,35,2,0.141,255.96,3.727,Conservative
71,225894,14859.45,309681,107102,3,39,5,0.211,20.84,0.474,Balanced
43,20045,1486.64,285629,51507,2,18,10,0.11,192.13,2.57,Balanced
33,246350,16291.94,89091,26875,0,23,9,0.206,5.47,0.109,Aggressive
52,27758,822.59,484418,13792,0,12,7,0.644,588.89,0.497,Balanced
37,145076,6145.29,320512,83253,3,31,10,0.492,52.16,0.574,Aggressive
63,174509,5334.79,209497,85928,0,11,4,0.633,39.27,0.492,Balanced
20,170657,5713.59,19847,84393,0,34,5,0.598,3.47,0.495,Aggressive
18,249831,9792.59,304267,71679,2,27,7,0.53,31.07,0.287,Aggressive
70,160926,8407.81,16860,149542,3,21,10,0.373,2.01,0.929,Conservative
64,203148,13816.48,276858,19734,3,10,9,0.184,20.04,0.097,Balanced
18,76950,5284.42,420938,144175,4,13,10,0.176,79.66,1.874,Balanced
34,168421,9668.92,334923,47728,0,25,7,0.311,34.64,0.283,Aggressive
19,247300,17733.4,232464,90487,1,13,2,0.14,13.11,0.366,Balanced
46,172420,8980.7,296947,30766,2,6,4,0.375,33.07,0.178,Balanced
37,185368,12959.85,260984,45240,2,35,10,0.161,20.14,0.244,Aggressive
23,39455,1971.88,15198,67310,1,28,4,0.4,7.71,1.706,Aggressive
25,229896,9626.39,494048,115261,4,20,9,0.498,51.32,0.501,Aggressive
46,205093,14596.25,161174,37432,1,20,8,0.146,11.04,0.183,Aggressive
65,222995,10468.95,117044,120050,1,4,6,0.437,11.18,0.538,Conservative
68,190365,9944.54,277591,104775,4,20,8,0.373,27.91,0.55,Aggressive
50,108552,4802.28,52838,22497,1,5,7,0.469,11.0,0.207,Balanced
20,66116,3936.99,429253,28283,4,22,8,0.285,109.03,0.428,Aggressive
52,140461,10502.59,22969,112597,0,24,7,0.103,2.19,0.802,Conservative
22,60484,1834.84,138058,112039,4,17,2,0.636,75.24,1.852,Balanced
44,181287,12764.36,73277,75280,3,5,6,0.155,5.74,0.415,Balanced
61,101638,2982.73,490106,69199,3,26,4,0.648,164.31,0.681,Balanced
29,154476,7084.34,19871,12463,1,36,4,0.45,2.8,0.081,Balanced
37,188332,6948.41,238011,88614,3,8,10,0.557,34.25,0.471,Aggressive
62,120647,7706.71,164096,137232,4,9,6,0.233,21.29,1.137,Conservative
37,85642,2696.55,244049,110840,0,17,8,0.622,90.5,1.294,Aggressive
26,231803,12641.31,128453,27682,4,8,5,0.346,10.16,0.119,Aggressive
56,66009,2817.54,327745,127776,2,5,3,0.488,116.32,1.936,Conservative
21,243761,8603.11,285118,105446,1,10,1,0.576,33.14,0.433,Balanced
68,148824,9605.35,340847,96401,0,14,5,0.225,35.49,0.648,Conservative
71,49605,1941.12,210909,140398,1,27,3,0.53,108.65,2.83,Conservative
36,130879,5159.05,108144,85065,2,27,3,0.527,20.96,0.65,Balanced
55,204277,8533.54,178713,24527,3,5,4,0.499,20.94,0.12,Balanced
44,188641,10575.24,115968,101019,2,15,9,0.327,10.97,0.536,Aggressive
62,140827,8365.31,4905,41313,3,28,4,0.287,0.59,0.293,Conservative
60,25580,766.72,264797,21777,1,5,5,0.64,345.36,0.851,Conservative
30,134902,5430.12,287775,62382,1,22,10,0.517,53.0,0.462,Aggressive
30,25400,1242.56,282324,36499,1,12,5,0.413,227.21,1.437,Balanced
74,190715,8464.37,216805,15390,4,8,1,0.467,25.61,0.081,Conservative
39,247257,17231.63,185216,57853,0,1,7,0.164,10.75,0.234,Balanced
45,116032,7573.41,498316,17921,4,35,2,0.217,65.8,0.154,Conservative
69,147319,8522.89,101387,32945,2,16,6,0.306,11.9,0.224,Balanced
64,237245,10595.43,421999,149832,0,30,4,0.464,39.83,0.632,Balanced
70,126960,7780.21,487696,3243,1,10,5,0.265,62.68,0.026,Balanced
62,59015,4003.19,101847,134738,1,34,5,0.186,25.44,2.283,Conservative
39,91713,5175.34,323001,19411,1,11,4,0.323,62.41,0.212,Aggressive
60,223877,14579.13,219471,83940,3,20,2,0.219,15.05,0.375,Conservative
36,166046,10544.03,378501,23586,2,7,8,0.238,35.9,0.142,Aggressive
25,165109,9142.3,20146,80168,4,21,1,0.336,2.2,0.486,Conservative
69,235364,10232.46,433520,67510,2,11,9,0.478,42.37,0.287,Aggressive
25,167239,10594.31,16536,58862,3,37,6,0.24,1.56,0.352,Balanced
59,108754,4202.78,7226,1258,3,23,4,0.536,1.72,0.012,Balanced
43,241775,15689.56,102826,105356,2,31,6,0.221,6.55,0.436,Balanced
65,63148,4170.4,434876,19494,3,18,9,0.207,104.28,0.309,Balanced
68,223225,14922.21,411990,42202,0,24,9,0.198,27.61,0.189,Aggressive
43,172606,8775.63,352767,144600,1,22,3,0.39,40.2,0.838,Balanced
40,242067,9195.81,218663,84673,4,37,8,0.544,23.78,0.35,Aggressive
60,142790,4817.35,403884,117363,3,1,1,0.595,83.84,0.822,Conservative
30,106078,6708.1,277747,128839,4,6,9,0.241,41.4,1.215,Balanced
45,76879,5365.15,354081,80544,1,38,7,0.163,66.0,1.048,Balanced
26,139894,8253.29,162139,77400,2,29,10,0.292,19.65,0.553,Aggressive
37,85839,3070.8,126751,131028,1,11,7,0.571,41.28,1.526,Balanced
73,49756,3583.23,472459,98723,4,16,6,0.136,131.85,1.984,Conservative
36,163755,12199.83,105468,107148,0,6,1,0.106,8.65,0.654,Conservative
65,200557,9833.28,286335,60589,2,1,2,0.412,29.12,0.302,Conservative
56,249303,14068.04,121431,146274,3,35,3,0.323,8.63,0.587,Balanced
68,162097,10502.21,331736,78637,0,24,1,0.223,31.59,0.485,Conservative
29,237498,14942.87,433788,127088,1,38,5,0.245,29.03,0.535,Aggressive
32,169787,12483.35,316762,16238,4,3,5,0.118,25.37,0.096,Balanced
48,221169,7615.32,295777,11179,4,2,6,0.587,38.84,0.051,Balanced
72,249455,13915.4,278537,30793,4,15,7,0.331,20.02,0.123,Balanced
31,112943,6875.99,81902,8004,1,22,10,0.269,11.91,0.071,Aggressive
28,238188,16664.31,394372,114462,2,4,9,0.16,23.67,0.481,Balanced
43,226777,15699.78,303764,21116,3,24,7,0.169,19.35,0.093,Balanced
59,168188,12444.51,81132,124439,0,19,6,0.112,6.52,0.74,Conservative
44,56744,2986.83,320162,86047,1,30,9,0.368,107.19,1.516,Aggressive
28,144697,9729.89,212555,113917,4,22,2,0.193,21.85,0.787,Conservative
55,238651,11634.33,20354,31856,3,39,6,0.415,1.75,0.133,Balanced
51,136072,6602.58,446928,2488,4,27,5,0.418,67.69,0.018,Balanced
60,153196,6247.1,219091,83432,1,15,6,0.511,35.07,0.545,Balanced
36,189123,12608.68,312340,71152,4,37,10,0.2,24.77,0.376,Aggressive
23,27176,2020.53,490448,116331,1,1,1,0.108,242.73,4.281,Conservative
63,111310,4554.32,340226,32791,4,12,5,0.509,74.7,0.295,Balanced
69,215890,6852.21,367374,100641,1,9,8,0.619,53.61,0.466,Balanced
55,169748,11296.0,362709,31027,4,19,3,0.201,32.11,0.183,Conservative
66,65177,3753.8,198064,143663,3,18,3,0.309,52.76,2.204,Conservative
59,241368,17656.76,58295,4726,3,39,7,0.122,3.3,0.02,Balanced
45,130623,5319.97,287204,4133,4,11,7,0.511,53.99,0.032,Balanced
18,20997,680.77,90211,66280,4,11,2,0.611,132.51,3.157,Balanced
52,210402,10885.56,107077,63044,1,30,8,0.379,9.84,0.3,Aggressive
57,194841,6446.09,116424,86097,1,20,5,0.603,18.06,0.442,Balanced
25,140179,5770.52,218403,90105,1,15,9,0.506,37.85,0.643,Aggressive
69,229725,8026.74,343035,137012,2,25,1,0.581,42.74,0.596,Balanced
71,140403,5537.41,121465,23196,4,3,4,0.527,21.94,0.165,Conservative
64,162303,5523.44,377778,6217,4,26,8,0.592,68.4,0.038,Aggressive
73,115287,8402.96,182889,19433,4,28,9,0.125,21.76,0.169,Balanced
24,139574,5852.91,215111,10934,4,6,9,0.497,36.75,0.078,Aggressive
28,224048,11093.06,248053,54377,1,32,10,0.406,22.36,0.243,Aggressive
56,141509,9955.59,388838,26198,1,11,1,0.156,39.06,0.185,Conservative
21,105447,6349.02,472288,44357,2,13,1,0.277,74.39,0.421,Balanced
42,129522,7446.66,370313,47787,1,17,7,0.31,49.73,0.369,Aggressive
29,207037,12733.81,235881,85275,4,36,6,0.262,18.52,0.412,Balanced
43,101144,6792.26,342024,41113,4,30,7,0.194,50.35,0.406,Balanced
55,246273,17089.67,263289,142165,0,4,8,0.167,15.41,0.577,Balanced
63,212589,12462.18,33646,125182,1,14,6,0.297,2.7,0.589,Conservative
29,112693,7883.85,248915,23792,0,28,10,0.16,31.57,0.211,Aggressive
60,114315,6139.37,433593,107112,4,7,10,0.356,70.63,0.937,Balanced
68,246576,10325.57,392192,72381,1,16,10,0.497,37.98,0.294,Aggressive
70,47387,3293.56,446452,137882,4,14,7,0.166,135.55,2.91,Conservative
54,24090,1300.48,438409,146300,0,37,7,0.352,337.11,6.073,Balanced
63,140846,9957.53,83560,35225,0,39,7,0.152,8.39,0.25,Balanced
70,176017,5457.88,151691,26187,3,27,2,0.628,27.79,0.149,Balanced
41,60239,2854.49,310323,135313,3,30,3,0.431,108.71,2.246,Balanced
33,23743,1723.93,485841,10729,1,15,10,0.129,281.82,0.452,Aggressive
74,50924,2067.97,345225,12549,1,39,9,0.513,166.94,0.246,Aggressive
30,161268,11662.97,382768,38013,1,18,1,0.132,32.82,0.236,Balanced
42,150160,10944.74,13663,24347,1,11,8,0.125,1.25,0.162,Balanced
71,111815,7782.12,221695,64772,1,22,7,0.165,28.49,0.579,Balanced
71,125312,6892.34,218701,40378,1,4,6,0.34,31.73,0.322,Conservative
74,88860,5226.57,361335,1998,1,3,1,0.294,69.13,0.022,Conservative
69,192472,13285.21,31302,112172,0,24,9,0.172,2.36,0.583,Balanced
71,236249,15292.07,52675,114100,0,14,2,0.223,3.44,0.483,Conservative
21,244090,14168.44,487661,115400,0,3,10,0.303,34.42,0.473,Aggressive
28,249602,18517.2,10611,27737,4,31,5,0.11,0.57,0.111,Balanced
49,100399,6083.53,111487,38514,2,35,9,0.273,18.33,0.384,Aggressive
66,68795,5082.32,191508,123549,4,31,8,0.113,37.68,1.796,Balanced
24,71553,2275.17,66026,50232,1,12,10,0.618,29.02,0.702,Aggressive
63,123976,4405.57,126088,94766,2,10,4,0.574,28.62,0.764,Balanced
28,175183,8734.37,21619,10461,0,20,8,0.402,2.48,0.06,Aggressive
45,133566,6251.82,352855,82394,0,18,9,0.438,56.44,0.617,Balanced
71,214155,13929.07,193468,9323,3,36,5,0.219,13.89,0.044,Balanced
58,139968,5112.77,127456,37040,1,19,1,0.562,24.93,0.265,Balanced
40,81600,6030.6,429255,139750,1,17,6,0.113,71.18,1.713,Balanced
62,70022,3053.46,102973,145821,3,11,4,0.477,33.72,2.083,Conservative
40,154271,7532.38,220755,85028,4,5,6,0.414,29.31,0.551,Balanced
67,70897,2960.6,55887,92734,3,37,1,0.499,18.88,1.308,Conservative
45,58038,3233.93,224061,90896,1,36,4,0.331,69.28,1.566,Balanced
60,143323,4565.38,174395,85793,0,14,5,0.618,38.2,0.599,Balanced
64,206110,7425.5,332199,76699,3,28,6,0.568,44.74,0.372,Balanced
74,140278,8886.48,86690,104835,2,9,5,0.24,9.76,0.747,Conservative
43,131054,4942.65,235732,84321,0,38,2,0.547,47.69,0.643,Balanced
42,27897,1114.79,47918,117004,4,29,3,0.52,42.98,4.194,Balanced
71,84541,5538.42,356514,122297,0,25,5,0.214,64.37,1.447,Conservative
46,126968,4246.19,49195,17585,4,8,7,0.599,11.59,0.138,Balanced
36,34892,1717.3,455652,147732,0,19,4,0.409,265.33,4.234,Balanced
50,159343,4815.94,128768,95781,1,2,6,0.637,26.74,0.601,Conservative
53,44815,2019.45,373663,115318,4,6,9,0.459,185.03,2.573,Balanced
31,65612,4015.67,147990,117273,4,30,10,0.266,36.85,1.787,Balanced
31,184429,6140.82,27242,6968,3,2,7,0.6,4.44,0.038,Balanced
52,226160,15804.51,210790,67249,0,19,3,0.161,13.34,0.297,Conservative
47,36267,2569.59,48528,140312,4,13,5,0.15,18.89,3.869,Conservative
45,38268,1300.3,372779,36119,4,8,9,0.592,286.69,0.944,Balanced
34,134463,10027.61,78200,106397,0,9,5,0.105,7.8,0.791,Balanced
20,165335,7076.91,270262,13100,0,23,3,0.486,38.19,0.079,Aggressive
33,222007,7330.97,69416,42794,2,37,8,0.604,9.47,0.193,Aggressive
63,115347,3391.08,317272,104519,3,8,7,0.647,93.56,0.906,Conservative
47,210732,10092.09,221035,48121,4,9,5,0.425,21.9,0.228,Balanced
69,216599,12569.88,81199,9143,0,16,5,0.304,6.46,0.042,Balanced
46,214451,9519.81,347740,59376,4,16,1,0.467,36.53,0.277,Balanced
62,114542,7733.44,277369,83144,2,12,8,0.19,35.87,0.726,Balanced
32,192343,11927.41,172707,106528,2,25,6,0.256,14.48,0.554,Balanced
63,86612,3916.23,379485,82016,4,11,5,0.457,96.9,0.947,Conservative
73,158307,9945.25,70723,130604,3,18,7,0.246,7.11,0.825,Conservative
42,108757,7860.12,374422,78737,1,13,2,0.133,47.64,0.724,Conservative
68,167489,5599.75,177541,68677,4,35,3,0.599,31.71,0.41,Conservative
55,118075,5100.42,489214,129940,2,18,9,0.482,95.92,1.1,Balanced
59,54609,2752.43,329766,92889,3,30,5,0.395,119.81,1.701,Balanced
64,122785,6383.74,270700,77006,0,37,6,0.376,42.4,0.627,Balanced
70,184974,9991.8,374538,147627,3,30,8,0.352,37.48,0.798,Balanced
71,43645,1874.35,71458,95133,3,3,3,0.485,38.12,2.18,Conservative
69,213945,12783.09,479294,30090,4,29,1,0.283,37.49,0.141,Conservative
55,238290,13995.5,191918,25476,3,25,4,0.295,13.71,0.107,Balanced
40,215630,11999.84,394668,64004,0,2,2,0.332,32.89,0.297,Balanced
42,82233,2827.23,226640,74469,4,5,9,0.587,80.16,0.906,Balanced
59,131443,6707.23,497385,120119,2,31,4,0.388,74.16,0.914,Balanced
24,174473,7937.43,380203,125494,0,5,9,0.454,47.9,0.719,Aggressive
39,27771,1435.0,13021,75650,4,21,7,0.38,9.07,2.724,Balanced
34,192407,13741.49,11406,43657,4,26,7,0.143,0.83,0.227,Balanced
35,225523,11544.75,258108,123270,1,7,1,0.386,22.36,0.547,Balanced
66,230506,6870.8,69014,99262,0,30,2,0.642,10.04,0.431,Balanced
58,218521,10768.72,243626,119358,3,34,7,0.409,22.62,0.546,Balanced
27,122601,8187.26,391804,134553,0,28,5,0.199,47.86,1.097,Balanced
27,243676,15819.31,305413,62841,0,14,7,0.221,19.31,0.258,Aggressive
74,153014,8063.39,162847,7931,1,18,3,0.368,20.2,0.052,Balanced
24,171460,6963.75,306410,106951,3,17,8,0.513,44.0,0.624,Aggressive
65,145224,7331.38,390792,54694,1,25,4,0.394,53.3,0.377,Balanced
67,103251,5679.12,12843,8635,1,6,8,0.34,2.26,0.084,Balanced
55,77042,5777.7,209059,45252,1,5,6,0.1,36.18,0.587,Balanced
44,73740,4327.91,80727,69017,0,21,9,0.296,18.65,0.936,Aggressive
69,216945,13230.86,470772,66953,1,39,6,0.268,35.58,0.309,Balanced
50,67024,3464.58,118158,87776,2,20,4,0.38,34.1,1.31,Balanced
18,174522,7925.76,234784,73212,3,11,3,0.455,29.62,0.42,Balanced
61,76965,5112.55,339506,72547,3,5,4,0.203,66.41,0.943,Conservative
70,30057,1558.49,293165,148126,1,38,7,0.378,188.11,4.928,Balanced
51,244321,18264.61,493979,54565,0,39,8,0.103,27.05,0.223,Aggressive
21,28983,1452.57,235058,55153,4,35,2,0.399,161.82,1.903,Balanced
34,150469,4857.64,394521,149740,4,35,9,0.613,81.22,0.995,Aggressive
21,39995,2417.76,429584,115095,0,25,7,0.275,177.68,2.878,Balanced
60,134587,4213.17,165915,99281,1,30,7,0.624,39.38,0.738,Balanced
71,242700,9865.27,471174,48561,1,2,10,0.512,47.76,0.2,Balanced
43,228753,10380.74,468043,87473,2,20,4,0.455,45.09,0.382,Aggressive
21,58886,3713.33,429099,123022,4,36,7,0.243,115.56,2.089,Balanced
18,109025,5649.58,15540,129552,4,37,2,0.378,2.75,1.188,Conservative
24,247644,7548.09,418903,23836,3,2,10,0.634,55.5,0.096,Aggressive
47,115149,6614.04,325322,60420,1,27,3,0.311,49.19,0.525,Balanced
67,114020,5475.71,96896,8911,0,32,2,0.424,17.7,0.078,Balanced
26,22673,1619.25,158097,91216,1,4,5,0.143,97.64,4.023,Conservative
52,185962,9681.79,38894,73080,1,27,1,0.375,4.02,0.393,Balanced
25,97513,6012.78,91172,22289,2,30,2,0.26,15.16,0.229,Balanced
41,43466,1703.79,109542,31346,0,3,6,0.53,64.29,0.721,Balanced
36,112545,7207.9,83046,25644,2,27,6,0.231,11.52,0.228,Aggressive
53,70406,4379.99,64489,28279,2,38,8,0.253,14.72,0.402,Aggressive
67,154760,10926.64,40152,95446,2,36,9,0.153,3.67,0.617,Balanced
69,89284,2742.52,378942,48638,2,1,9,0.631,138.17,0.545,Balanced
60,134579,6685.5,372402,113917,1,35,7,0.404,55.7,0.846,Balanced
44,33665,2029.82,78010,34341,3,12,10,0.276,38.43,1.02,Balanced
49,40641,1362.63,205974,119660,1,35,1,0.598,151.16,2.944,Conservative
31,183572,8808.89,258174,118481,2,18,4,0.424,29.31,0.645,Balanced
74,55797,4036.82,442916,100957,2,37,7,0.132,109.72,1.809,Conservative
35,235838,11590.73,378718,34979,3,23,2,0.41,32.67,0.148,Balanced
45,65950,4902.13,84322,125576,4,33,9,0.108,17.2,1.904,Balanced
46,176118,5595.58,382054,106626,0,14,1,0.619,68.28,0.605,Conservative
33,149554,9282.4,146587,65109,2,1,9,0.255,15.79,0.435,Balanced
52,122339,6826.1,323555,109239,2,27,7,0.33,47.4,0.893,Balanced
64,133431,6952.83,496392,69356,1,24,10,0.375,71.39,0.52,Aggressive
48,160710,11838.52,354850,73226,2,2,6,0.116,29.97,0.456,Conservative
21,237435,8336.1,495862,103658,2,12,7,0.579,59.48,0.437,Aggressive
54,41173,2891.72,56721,135298,0,13,2,0.157,19.62,3.286,Conservative
34,164294,9997.05,152267,90808,1,27,10,0.27,15.23,0.553,Aggressive
56,201136,8254.08,287449,107533,4,20,2,0.508,34.83,0.535,Balanced
65,188082,13258.5,24690,118525,2,37,3,0.154,1.86,0.63,Conservative
63,38095,1860.66,121654,97571,2,34,6,0.414,65.38,2.561,Balanced
43,143554,9544.25,8497,88601,4,6,1,0.202,0.89,0.617,Conservative
65,152511,7166.24,372632,68160,3,8,4,0.436,52.0,0.447,Balanced
56,145614,9926.17,416468,5505,4,21,8,0.182,41.96,0.038,Aggressive
58,236622,13805.83,411785,144453,4,39,8,0.3,29.83,0.61,Balanced
21,156447,5574.41,124690,7549,1,21,5,0.572,22.37,0.048,Aggressive
47,109023,6426.13,455201,51149,4,6,7,0.293,70.84,0.469,Conservative
47,127181,4824.82,451007,141275,1,30,5,0.545,93.48,1.111,Balanced
39,242310,11642.14,31008,143000,4,10,4,0.423,2.66,0.59,Balanced
28,40600,1501.06,349697,13457,2,11,6,0.556,232.97,0.331,Aggressive
19,22466,677.93,238700,125293,2,1,8,0.638,352.1,5.577,Balanced
61,196169,7626.68,445290,122465,3,10,10,0.533,58.39,0.624,Balanced
29,129934,6984.0,445618,24587,4,25,1,0.355,63.81,0.189,Balanced
47,73276,3754.53,325070,59354,0,16,3,0.385,86.58,0.81,Conservative
53,201189,10492.4,402240,101911,4,19,4,0.374,38.34,0.507,Balanced
35,198043,8024.5,10571,25312,0,10,5,0.514,1.32,0.128,Balanced
43,26928,1631.03,105113,66045,4,14,1,0.273,64.45,2.453,Conservative
70,239088,14690.86,304110,107764,1,3,9,0.263,20.7,0.451,Balanced
24,75309,3432.1,86632,137166,2,4,8,0.453,25.24,1.821,Balanced
18,225719,15699.58,181666,77994,0,33,2,0.165,11.57,0.346,Balanced
43,191960,11265.06,124015,38513,0,20,5,0.296,11.01,0.201,Aggressive
40,246097,15220.52,469033,70446,4,15,9,0.258,30.82,0.286,Aggressive
43,194904,8162.21,302883,6572,2,7,3,0.497,37.11,0.034,Balanced
62,136196,3976.2,179132,140153,3,3,5,0.65,45.05,1.029,Conservative
23,29404,2023.87,494011,84872,0,27,9,0.174,244.09,2.886,Aggressive
23,184711,12349.98,46424,40378,2,37,6,0.198,3.76,0.219,Aggressive
61,229190,7978.78,448258,62189,2,29,5,0.582,56.18,0.271,Balanced
25,211670,9803.1,370874,26084,0,26,8,0.444,37.83,0.123,Aggressive
41,217471,12934.75,223947,97240,1,27,5,0.286,17.31,0.447,Balanced
39,133187,7865.37,49764,60681,1,25,9,0.291,6.33,0.456,Aggressive
36,130449,8948.72,68299,22418,4,30,3,0.177,7.63,0.172,Balanced
54,47684,1697.34,222110,74860,4,20,1,0.573,130.86,1.57,Conservative
35,88591,4329.64,38522,82168,2,7,4,0.414,8.9,0.927,Balanced
48,139821,4701.17,353822,139075,0,29,7,0.597,75.26,0.995,Balanced
54,228794,10758.61,167151,62468,1,34,3,0.436,15.54,0.273,Balanced
47,22682,677.26,275215,68211,2,26,10,0.642,406.36,3.007,Aggressive
74,131186,9227.3,83253,75012,1,27,8,0.156,9.02,0.572,Balanced
59,189118,10084.31,310869,19259,0,9,2,0.36,30.83,0.102,Balanced
50,41832,2849.43,269871,49179,1,22,9,0.183,94.71,1.176,Balanced
27,36997,1180.66,41689,80099,3,12,3,0.617,35.31,2.165,Balanced
54,54640,2163.3,407923,148096,4,6,6,0.525,188.57,2.71,Conservative
29,227954,9358.63,243830,61980,1,6,7,0.507,26.05,0.272,Aggressive
71,60491,2836.42,340852,85170,0,27,5,0.437,120.17,1.408,Balanced
47,83043,5477.91,316050,69283,0,19,10,0.208,57.7,0.834,Balanced
44,132175,6196.88,173355,51871,3,6,5,0.437,27.97,0.392,Balanced
56,148568,5726.79,101322,20287,0,17,1,0.537,17.69,0.137,Balanced
26,134250,4315.52,86087,25887,3,29,4,0.614,19.95,0.193,Aggressive
71,92725,3042.31,160451,128493,2,23,1,0.606,52.74,1.386,Conservative
38,148131,9480.7,291489,124370,1,17,9,0.232,30.75,0.84,Balanced
29,65520,3246.74,10515,17802,0,21,9,0.405,3.24,0.272,Aggressive
72,82919,5178.29,370244,73135,4,10,5,0.251,71.5,0.882,Conservative
46,129869,7849.04,214533,9650,1,8,5,0.275,27.33,0.074,Balanced
50,84442,2986.78,153068,105646,3,14,5,0.576,51.25,1.251,Balanced
60,172842,6173.17,394423,43527,1,31,7,0.571,63.89,0.252,Balanced
70,125246,7989.01,122646,42297,1,18,6,0.235,15.35,0.338,Balanced
32,198570,12355.98,149339,29185,0,30,2,0.253,12.09,0.147,Balanced
19,129687,6029.55,26967,117769,4,18,10,0.442,4.47,0.908,Aggressive
69,143447,4692.9,345866,131418,2,25,3,0.607,73.7,0.916,Conservative
56,81477,2421.59,269762,43418,4,37,5,0.643,111.4,0.533,Balanced
70,20244,857.82,64384,9612,3,25,7,0.492,75.06,0.475,Balanced
61,183860,5440.3,142785,85002,4,30,2,0.645,26.25,0.462,Conservative
71,246413,9785.47,97521,132703,4,30,4,0.523,9.97,0.539,Balanced
35,99453,4812.91,212609,57211,3,36,1,0.419,44.17,0.575,Balanced
20,208809,7252.26,140440,146524,4,11,7,0.583,19.36,0.702,Balanced
24,197561,6706.42,52216,78105,2,39,2,0.593,7.79,0.395,Balanced
60,147962,10394.83,388846,35472,1,27,8,0.157,37.41,0.24,Aggressive
35,91303,5113.03,488585,87460,2,16,10,0.328,95.56,0.958,Aggressive
61,48390,3483.88,305167,118123,1,38,1,0.136,87.59,2.441,Conservative
55,30247,1361.63,296672,80379,1,32,2,0.46,217.88,2.657,Conservative
54,220123,13251.95,118391,95554,4,29,8,0.278,8.93,0.434,Balanced
50,210791,8125.65,404261,8057,1,10,5,0.537,49.75,0.038,Balanced
61,185750,10681.97,857,18883,3,30,5,0.31,0.08,0.102,Conservative
48,238874,8385.91,415504,60014,2,11,7,0.579,49.55,0.251,Balanced
28,227358,6652.96,235288,108269,1,15,4,0.649,35.37,0.476,Aggressive
21,49583,3563.13,364182,35013,4,23,9,0.138,102.21,0.706,Aggressive
35,159148,8689.37,123271,133536,4,23,3,0.345,14.19,0.839,Balanced
21,169078,12114.68,410518,74111,4,7,8,0.14,33.89,0.438,Aggressive
66,166123,7387.04,385238,112839,0,14,3,0.466,52.15,0.679,Conservative
51,155386,6866.54,448455,46825,2,9,8,0.47,65.31,0.301,Aggressive
46,48670,2313.29,128117,94035,4,28,1,0.43,55.38,1.932,Conservative
41,218623,13451.19,479591,1521,3,6,10,0.262,35.65,0.007,Aggressive
39,144920,7985.03,2093,17363,4,22,10,0.339,0.26,0.12,Aggressive
19,30236,2164.26,5102,80938,0,18,7,0.141,2.36,2.677,Conservative
61,55568,1685.53,374917,122159,2,38,1,0.636,222.43,2.198,Conservative
23,211386,13026.8,260049,142534,1,22,2,0.26,19.96,0.674,Balanced
59,127327,5641.44,206685,73109,2,9,1,0.468,36.64,0.574,Conservative
42,130188,4872.6,111403,54698,1,18,10,0.551,22.86,0.42,Aggressive
72,242975,12770.72,96365,119511,1,21,3,0.369,7.55,0.492,Balanced
74,36352,1901.77,273587,147579,4,15,9,0.372,143.86,4.06,Balanced
38,145721,5165.28,426728,96783,3,9,1,0.575,82.61,0.664,Conservative
72,196722,7558.11,463824,98829,3,2,3,0.539,61.37,0.502,Conservative
33,161418,7727.76,409966,116774,4,14,2,0.426,53.05,0.723,Conservative
48,176228,8442.0,129959,141419,0,21,5,0.425,15.39,0.802,Balanced
31,75904,3318.63,82669,6099,1,34,7,0.475,24.91,0.08,Aggressive
56,165107,5939.72,44553,75104,3,7,6,0.568,7.5,0.455,Balanced
45,142141,4174.27,170960,4406,2,15,10,0.648,40.96,0.031,Aggressive
49,36108,2658.84,223279,102439,0,39,5,0.116,83.98,2.837,Balanced
45,22853,1654.79,202977,135948,4,12,3,0.131,122.66,5.949,Conservative
68,104156,5346.74,256381,90692,0,7,7,0.384,47.95,0.871,Conservative
72,24176,1807.72,72007,96442,3,5,9,0.103,39.83,3.989,Conservative
66,120459,7232.66,443378,102829,4,39,2,0.279,61.3,0.854,Conservative
26,176992,5720.85,323955,112631,3,23,6,0.612,56.63,0.636,Balanced
62,205922,7117.09,342137,44895,1,28,5,0.585,48.07,0.218,Balanced
39,157901,11235.46,203076,43760,0,34,9,0.146,18.07,0.277,Aggressive
49,143225,8313.36,218361,46306,1,25,8,0.303,26.27,0.323,Aggressive
22,241738,16392.88,223049,75179,2,2,9,0.186,13.61,0.311,Balanced
40,138458,9738.77,188229,147659,1,9,7,0.156,19.33,1.066,Balanced
22,130893,6505.03,204755,76554,0,34,5,0.404,31.48,0.585,Aggressive
59,93927,2948.44,419215,135285,2,32,4,0.623,142.18,1.44,Balanced
70,235932,8917.33,294429,141116,3,12,8,0.546,33.02,0.598,Balanced
49,138178,4451.8,344637,131015,2,19,2,0.613,77.42,0.948,Conservative
27,60667,2294.26,337180,44425,0,38,1,0.546,146.97,0.732,Balanced
56,216914,10408.13,183602,22590,4,10,3,0.424,17.64,0.104,Balanced
32,186915,6464.27,169481,43403,2,10,7,0.585,26.22,0.232,Aggressive
24,201880,7430.92,256719,26628,3,35,1,0.558,34.55,0.132,Balanced
46,181615,9008.13,297538,89421,2,37,5,0.405,33.03,0.492,Balanced
64,223852,10019.13,127710,105763,1,32,5,0.463,12.75,0.472,Balanced
20,26611,1346.54,84624,133264,4,7,3,0.393,62.85,5.008,Conservative
36,108242,5286.22,334650,84629,0,10,1,0.414,63.31,0.782,Balanced
27,104612,6141.27,15973,124062,4,38,5,0.296,2.6,1.186,Conservative
45,66902,4825.05,82197,30617,1,27,8,0.135,17.04,0.458,Aggressive
46,53043,1809.32,20563,107454,4,32,9,0.591,11.37,2.026,Balanced
32,156343,5271.27,259189,10250,1,7,6,0.595,49.17,0.066,Aggressive
52,92867,6338.51,78944,32836,2,26,1,0.181,12.45,0.354,Conservative
23,97089,5085.18,12350,112319,0,22,5,0.371,2.43,1.157,Balanced
29,78745,5062.8,263628,67173,1,12,2,0.228,52.07,0.853,Conservative
64,247948,9679.93,50950,127939,1,24,1,0.532,5.26,0.516,Conservative
55,213149,14314.28,188272,106761,2,29,3,0.194,13.15,0.501,Conservative
30,210191,15030.68,73223,6251,1,32,10,0.142,4.87,0.03,Aggressive
46,162645,9481.06,93892,101429,0,16,5,0.3,9.9,0.624,Conservative
36,172481,5867.71,20839,56246,3,26,9,0.592,3.55,0.326,Aggressive
20,105970,7439.2,109649,86966,4,6,7,0.158,14.74,0.821,Balanced
25,44464,2911.9,38981,137536,1,1,6,0.214,13.39,3.093,Conservative
25,193912,12329.29,195923,67344,4,13,9,0.237,15.89,0.347,Aggressive
72,199857,6165.6,184411,141353,4,38,6,0.63,29.91,0.707,Balanced
37,138523,9112.84,326880,50106,3,6,4,0.211,35.87,0.362,Balanced
64,40662,1443.07,342263,121720,1,38,7,0.574,237.18,2.993,Balanced
21,38228,1504.63,179859,94840,0,12,2,0.528,119.54,2.481,Balanced
68,80721,4489.6,60806,105293,1,9,2,0.333,13.54,1.304,Conservative
38,200295,8274.51,241014,8998,4,20,6,0.504,29.13,0.045,Aggressive
20,158458,9424.84,445913,145589,2,39,5,0.286,47.31,0.919,Balanced
62,26862,1532.12,25935,106083,3,27,6,0.316,16.93,3.949,Balanced
25,60108,2051.1,384048,42866,0,3,2,0.591,187.24,0.713,Conservative
40,111788,6621.65,461337,113384,0,24,2,0.289,69.67,1.014,Conservative
33,226095,16169.09,31337,22969,4,15,1,0.142,1.94,0.102,Conservative
30,100140,3660.2,236409,100980,0,34,2,0.561,64.59,1.008,Balanced
20,234035,13230.47,475435,146855,4,32,10,0.322,35.93,0.627,Aggressive
65,178273,7992.96,35995,118259,0,21,7,0.462,4.5,0.663,Balanced
26,88578,4449.47,492396,31107,0,1,2,0.397,110.66,0.351,Balanced
31,69966,2961.02,40260,134831,4,33,3,0.492,13.6,1.927,Balanced
30,205846,9344.93,112989,14789,3,11,6,0.455,12.09,0.072,Aggressive
70,30386,926.52,389995,13214,0,3,6,0.634,420.92,0.435,Conservative
74,97228,7209.89,22584,70657,1,22,10,0.11,3.13,0.727,Balanced
24,166297,9612.52,169030,29482,2,10,9,0.306,17.58,0.177,Aggressive
32,167765,8743.19,445662,74536,4,38,2,0.375,50.97,0.444,Balanced
24,92197,4310.54,329245,48187,0,24,7,0.439,76.38,0.523,Aggressive
55,63021,3396.08,462934,31087,3,7,1,0.353,136.31,0.493,Conservative
51,138915,6471.8,384969,941,1,36,6,0.441,59.48,0.007,Aggressive
58,169333,7732.16,59851,119340,4,1,9,0.452,7.74,0.705,Balanced
39,178450,8999.39,179133,132393,1,1,8,0.395,19.91,0.742,Balanced
41,137174,5736.05,257653,45972,2,26,6,0.498,44.92,0.335,Aggressive
66,106755,3994.66,181775,86658,3,17,6,0.551,45.5,0.812,Conservative
54,163009,8912.97,229596,39361,4,11,6,0.344,25.76,0.241,Balanced
61,86330,5852.61,490712,41354,4,3,8,0.186,83.85,0.479,Conservative
18,198438,7177.76,271464,66327,0,10,2,0.566,37.82,0.334,Balanced
27,92322,2831.24,57732,47191,1,2,9,0.632,20.39,0.511,Aggressive
60,122318,4951.29,412473,55828,4,32,10,0.514,83.31,0.456,Aggressive
33,191232,14164.66,309232,10136,1,16,8,0.111,21.83,0.053,Aggressive
63,65313,4385.86,482398,146819,2,26,2,0.194,109.99,2.248,Conservative
25,47032,2656.24,8558,66279,0,39,8,0.322,3.22,1.409,Aggressive
73,243035,17439.52,351032,72060,2,10,1,0.139,20.13,0.297,Conservative
66,168430,8349.97,342298,39342,0,36,6,0.405,40.99,0.234,Balanced
42,81710,6065.64,168314,81851,0,30,6,0.109,27.75,1.002,Balanced
67,115326,4929.86,124563,32961,1,9,9,0.487,25.27,0.286,Aggressive
29,106157,4265.46,72695,106198,0,5,9,0.518,17.04,1.0,Aggressive
42,199893,11675.86,188552,69810,2,7,5,0.299,16.15,0.349,Balanced
34,48365,2248.91,70877,29838,2,36,1,0.442,31.52,0.617,Balanced
43,33189,1920.82,386801,14332,2,1,1,0.305,201.37,0.432,Conservative
63,227821,9829.48,149907,63001,1,27,7,0.482,15.25,0.277,Balanced
65,27248,1566.43,441067,90329,1,12,4,0.31,281.57,3.315,Balanced
31,24369,1018.75,479557,119771,3,16,9,0.498,470.73,4.915,Aggressive
58,214835,6767.92,200532,80954,4,8,3,0.622,29.63,0.377,Conservative
53,159122,11293.35,48001,48473,3,25,6,0.148,4.25,0.305,Balanced
74,48605,3385.19,318521,11682,3,13,9,0.164,94.09,0.24,Balanced
40,69616,5128.02,15038,43775,0,10,4,0.116,2.93,0.629,Conservative
60,205551,12745.7,116359,56941,0,33,5,0.256,9.13,0.277,Balanced
23,123719,7479.81,373456,12115,3,35,5,0.275,49.93,0.098,Aggressive
64,232006,12711.06,4269,50937,4,37,5,0.343,0.34,0.22,Conservative
22,191955,6706.72,294230,45132,3,39,2,0.581,43.87,0.235,Balanced
60,53055,2007.6,485699,12025,1,28,2,0.546,241.93,0.227,Balanced
42,219803,9327.13,348195,95439,2,16,1,0.491,37.33,0.434,Balanced
35,242059,16935.78,101114,58526,3,8,1,0.16,5.97,0.242,Conservative
30,136680,5070.07,330523,147979,0,33,4,0.555,65.19,1.083,Balanced
60,27450,1961.71,462638,68832,4,35,3,0.142,235.83,2.508,Conservative
31,153997,8181.5,52719,56108,0,38,4,0.362,6.44,0.364,Aggressive
45,231123,14321.22,297751,136757,1,12,6,0.256,20.79,0.592,Balanced
35,70272,2404.68,394399,6647,0,15,1,0.589,164.01,0.095,Balanced
74,25310,1050.3,91487,30145,0,17,8,0.502,87.11,1.191,Balanced
45,51817,3787.76,329234,103894,4,27,8,0.123,86.92,2.005,Balanced
68,244016,10093.77,323741,98702,4,21,7,0.504,32.07,0.404,Balanced
73,195600,8363.32,220703,116839,0,21,4,0.487,26.39,0.597,Balanced
44,206851,7906.51,194974,5430,0,17,8,0.541,24.66,0.026,Aggressive
49,235888,8275.55,117790,134952,3,27,9,0.579,14.23,0.572,Aggressive
64,102641,4091.03,217506,65662,1,12,5,0.522,53.17,0.64,Balanced
26,235155,13781.65,417401,116775,3,36,6,0.297,30.29,0.497,Balanced
57,227382,11377.67,328528,60487,4,28,10,0.4,28.87,0.266,Aggressive
49,35457,1934.08,357070,39793,3,25,8,0.345,184.62,1.122,Balanced
37,62311,2166.87,410078,113584,3,9,5,0.583,189.25,1.823,Balanced
45,155052,10222.63,361970,110549,0,37,4,0.209,35.41,0.713,Balanced
50,171958,11195.21,484277,57590,0,23,8,0.219,43.26,0.335,Aggressive
21,228184,6881.16,1003,71461,1,11,3,0.638,0.15,0.313,Conservative
63,201949,9439.99,172617,52470,2,1,6,0.439,18.29,0.26,Balanced
74,143573,4640.09,276220,63616,2,16,9,0.612,59.53,0.443,Aggressive
51,117427,7688.12,295934,100361,3,13,6,0.214,38.49,0.855,Conservative
65,56181,3537.05,192067,136407,1,20,9,0.245,54.3,2.428,Balanced
20,184334,12996.98,274528,68525,1,16,8,0.154,21.12,0.372,Aggressive
43,152019,6081.04,445376,105879,4,16,9,0.52,73.24,0.696,Aggressive
25,151094,7566.82,130537,93709,0,35,10,0.399,17.25,0.62,Aggressive
23,21128,794.89,156777,71257,4,32,9,0.549,197.23,3.373,Aggressive
33,99522,4596.09,326383,2728,2,23,8,0.446,71.01,0.027,Aggressive
41,183394,9738.74,426501,83511,1,25,9,0.363,43.79,0.455,Aggressive
65,68929,2178.91,122611,22167,2,28,7,0.621,56.27,0.322,Balanced
56,101696,6298.19,263912,73711,0,2,7,0.257,41.9,0.725,Conservative
47,135245,7312.37,329356,126218,0,3,4,0.351,45.04,0.933,Conservative
62,29808,2001.92,411732,72437,0,31,1,0.194,205.67,2.43,Conservative
30,115148,4792.84,62439,76426,2,33,7,0.501,13.03,0.664,Balanced
22,203954,14392.81,78781,76851,1,33,8,0.153,5.47,0.377,Aggressive
42,41725,3126.88,209069,80962,4,35,9,0.101,66.86,1.94,Balanced
37,92534,6597.78,364561,35065,1,36,1,0.144,55.26,0.379,Balanced
71,59950,3885.96,442982,120138,1,26,9,0.222,114.0,2.004,Balanced
35,240026,15937.78,173284,80286,3,12,7,0.203,10.87,0.334,Balanced
64,103576,5744.66,128244,23674,1,11,7,0.334,22.32,0.229,Balanced
35,40557,1536.38,105394,119632,4,6,3,0.545,68.6,2.95,Conservative
19,41825,2517.77,248660,26085,3,25,1,0.278,98.76,0.624,Conservative
27,28998,1793.08,400484,38086,1,34,7,0.258,223.35,1.313,Balanced
72,56080,4168.43,190786,114700,3,35,10,0.108,45.77,2.045,Balanced
62,208869,11273.98,412688,63493,1,21,8,0.352,36.61,0.304,Aggressive
67,166874,6942.69,492341,48248,0,18,6,0.501,70.91,0.289,Balanced
64,162239,9815.73,204734,26156,0,8,7,0.274,20.86,0.161,Balanced
29,62407,4621.53,63912,100355,1,34,9,0.111,13.83,1.608,Aggressive
64,140283,5231.01,176853,134948,3,14,8,0.553,33.81,0.962,Balanced
30,33338,1470.48,159975,71963,4,19,5,0.471,108.79,2.159,Balanced
67,96289,5199.88,95068,48119,0,20,4,0.352,18.28,0.5,Balanced
64,222592,8228.82,292870,101044,3,4,4,0.556,35.59,0.454,Conservative
74,169967,5130.47,312629,100092,4,38,4,0.638,60.94,0.589,Balanced
72,198982,8876.93,160355,116640,3,32,2,0.465,18.06,0.586,Conservative
28,151029,10395.25,467655,146713,1,26,10,0.174,44.99,0.971,Aggressive
36,129367,4030.94,370396,76432,0,28,10,0.626,91.89,0.591,Aggressive
52,85898,4194.05,488871,78451,0,12,7,0.414,116.56,0.913,Balanced
56,154526,9905.25,199727,85340,0,10,8,0.231,20.16,0.552,Balanced
70,137486,10016.43,67383,19411,1,35,7,0.126,6.73,0.141,Balanced
43,106540,7919.58,462416,134173,4,33,10,0.108,58.39,1.259,Balanced
63,211869,10277.11,472811,28536,4,14,8,0.418,46.01,0.135,Aggressive
31,234209,17033.07,122001,3588,0,23,9,0.127,7.16,0.015,Aggressive
71,201709,6210.63,290432,145781,4,18,8,0.631,46.76,0.723,Balanced
62,156421,9909.98,99714,87657,0,12,5,0.24,10.06,0.56,Balanced
61,145416,8525.14,7666,132489,4,36,4,0.296,0.9,0.911,Conservative
41,59963,2434.68,428935,20293,0,25,5,0.513,176.18,0.338,Aggressive
58,226655,11880.98,197013,53897,4,37,1,0.371,16.58,0.238,Balanced
18,158822,5575.37,372943,44649,3,22,5,0.579,66.89,0.281,Aggressive
68,114929,7943.3,263047,35540,0,6,6,0.171,33.12,0.309,Conservative
60,173535,7908.05,469285,62251,0,16,9,0.453,59.34,0.359,Aggressive
72,94935,5492.97,27724,119863,2,23,9,0.306,5.05,1.263,Balanced
39,209864,7648.27,215182,35017,0,9,10,0.563,28.13,0.167,Aggressive
40,33686,1300.81,3985,114383,4,35,3,0.537,3.06,3.396,Conservative
73,83528,6233.81,374699,20242,3,29,8,0.104,60.11,0.242,Balanced
71,119811,7629.94,337628,116313,3,14,8,0.236,44.25,0.971,Balanced
36,42787,3134.45,65991,97544,4,5,9,0.121,21.05,2.28,Balanced
35,165848,7086.11,479924,100151,1,21,1,0.487,67.73,0.604,Balanced
29,135613,4978.24,341590,112457,0,6,5,0.559,68.62,0.829,Balanced
72,246135,12854.15,276906,8770,3,1,5,0.373,21.54,0.036,Conservative
45,208499,10808.37,355940,132208,4,31,7,0.378,32.93,0.634,Balanced
45,124887,4643.93,469086,11602,3,28,8,0.554,101.01,0.093,Aggressive
50,81086,5089.98,491531,101437,3,3,7,0.247,96.57,1.251,Conservative
36,122231,5591.84,421644,10466,4,38,6,0.451,75.4,0.086,Aggressive
45,83308,3141.41,259547,141485,2,23,4,0.547,82.62,1.698,Balanced
69,35797,1588.76,385448,132229,3,4,9,0.467,242.61,3.694,Conservative
66,25302,1391.64,194751,138524,3,6,2,0.34,139.94,5.475,Conservative
54,214244,13382.38,246782,26225,1,12,6,0.25,18.44,0.122,Balanced
43,58059,2975.72,217937,40043,2,12,10,0.385,73.24,0.69,Aggressive
52,151980,8093.91,482095,145550,1,7,6,0.361,59.56,0.958,Balanced
51,211324,7509.4,129216,87333,4,28,4,0.574,17.21,0.413,Balanced
52,231731,16473.76,122274,136683,0,26,3,0.147,7.42,0.59,Conservative
57,163949,11760.59,297356,149779,4,7,3,0.139,25.28,0.914,Conservative
33,34239,2071.13,479207,131305,2,3,2,0.274,231.37,3.835,Conservative
55,238043,7135.28,34828,65567,4,13,3,0.64,4.88,0.275,Conservative
30,47313,2544.61,163204,91483,2,11,4,0.355,64.14,1.934,Balanced
40,62103,3602.34,300159,8951,1,39,10,0.304,83.32,0.144,Aggressive
71,199480,14912.12,324718,67330,3,23,4,0.103,21.78,0.338,Balanced
39,234323,17531.98,204262,62831,4,1,10,0.102,11.65,0.268,Balanced
33,108771,7447.97,196519,28936,4,34,7,0.178,26.39,0.266,Balanced
45,146228,4692.79,421886,15574,3,31,4,0.615,89.9,0.107,Balanced
65,111665,8135.74,309501,98585,4,33,9,0.126,38.04,0.883,Balanced
52,30534,1747.98,312388,135143,4,36,8,0.313,178.71,4.426,Balanced
62,63060,4154.01,359343,22362,0,36,1,0.21,86.51,0.355,Conservative
63,37189,1778.74,209193,47105,0,14,10,0.426,117.61,1.267,Balanced
25,148431,6503.98,224352,41775,3,37,1,0.474,34.49,0.281,Balanced
61,106067,5345.64,5827,17854,1,32,6,0.395,1.09,0.168,Balanced
72,30967,1111.67,192818,128362,4,28,4,0.569,173.45,4.145,Balanced
72,233063,10611.87,83175,68823,4,1,10,0.454,7.84,0.295,Balanced
39,85563,5858.85,222983,46782,1,7,6,0.178,38.06,0.547,Balanced
38,28660,885.77,295908,22090,4,16,9,0.629,334.07,0.771,Aggressive
43,138671,5003.51,341240,27161,1,32,10,0.567,68.2,0.196,Aggressive
57,241947,8444.23,409372,147966,3,24,5,0.581,48.48,0.612,Balanced
38,149909,7141.81,150377,106265,3,14,8,0.428,21.06,0.709,Aggressive
42,190895,14290.76,231474,46300,1,15,2,0.102,16.2,0.243,Balanced
58,206914,7679.04,29355,90666,1,1,8,0.555,3.82,0.438,Balanced
18,160688,5758.19,266771,44665,2,28,8,0.57,46.33,0.278,Aggressive
23,95976,6824.54,455438,93254,0,19,2,0.147,66.74,0.972,Conservative
40,199810,13905.57,122204,54645,0,7,7,0.165,8.79,0.273,Balanced
68,33107,1014.54,300963,114946,4,18,8,0.632,296.65,3.472,Balanced
40,212476,13517.69,331770,42184,4,13,7,0.237,24.54,0.199,Balanced
60,114182,6760.58,275617,50817,1,18,6,0.289,40.77,0.445,Balanced
60,111787,7194.03,213953,34633,1,4,3,0.228,29.74,0.31,Conservative
40,35954,1863.54,496986,48720,0,4,3,0.378,266.69,1.355,Conservative
49,36943,2756.13,179659,66301,4,27,8,0.105,65.19,1.795,Balanced
47,60725,1893.18,451427,51857,0,16,4,0.626,238.45,0.854,Balanced
30,65434,2611.39,27781,5765,3,14,10,0.521,10.64,0.088,Aggressive
60,105751,5006.43,148121,80872,0,14,8,0.432,29.59,0.765,Balanced
35,30110,1498.92,127066,30761,0,7,10,0.403,84.77,1.022,Aggressive
40,238163,17003.89,324070,37742,1,14,6,0.143,19.06,0.158,Balanced
32,36462,1999.34,28123,132455,4,6,3,0.342,14.07,3.633,Conservative
50,99232,3099.44,231604,15458,3,38,10,0.625,74.72,0.156,Aggressive
38,205153,9818.7,90116,133507,0,27,2,0.426,9.18,0.651,Balanced
74,203871,9837.96,136269,29992,0,11,1,0.421,13.85,0.147,Balanced
56,86567,6355.6,278374,57566,1,31,4,0.119,43.8,0.665,Balanced
40,240373,13612.29,159817,114358,2,3,8,0.32,11.74,0.476,Aggressive
44,202296,11793.99,437850,23700,4,1,4,0.3,37.12,0.117,Balanced
62,147425,9119.33,31813,103932,4,16,8,0.258,3.49,0.705,Conservative
61,76063,4903.03,215665,27763,4,27,8,0.226,43.99,0.365,Balanced
35,133394,7773.29,328217,135937,0,3,1,0.301,42.22,1.019,Conservative
41,75240,3012.46,54095,49602,0,8,6,0.52,17.96,0.659,Balanced
68,101352,7016.31,30408,121727,0,16,10,0.169,4.33,1.201,Balanced
64,168940,10596.28,368434,19734,2,2,8,0.247,34.77,0.117,Balanced
57,227045,14342.22,461273,2829,0,29,8,0.242,32.16,0.012,Aggressive
68,100989,7558.24,302292,1915,4,16,1,0.102,40.0,0.019,Conservative
59,42222,2784.5,386257,39980,4,29,8,0.209,138.72,0.947,Balanced
24,99794,6703.11,37789,9440,1,31,9,0.194,5.64,0.095,Aggressive
67,83924,6107.38,194282,135891,2,11,6,0.127,31.81,1.619,Conservative
65,119854,4325.97,140411,73415,3,32,7,0.567,32.46,0.613,Balanced
37,98513,5120.62,97041,90352,0,24,6,0.376,18.95,0.917,Balanced
44,74649,4163.62,200410,32225,3,19,5,0.331,48.13,0.432,Balanced
23,122986,5443.17,140083,141406,0,32,1,0.469,25.74,1.15,Balanced
44,103749,7017.51,87027,106860,2,10,2,0.188,12.4,1.03,Conservative
26,161295,10340.77,131068,95367,2,32,10,0.231,12.67,0.591,Aggressive
70,199238,12394.03,367316,69656,4,23,2,0.254,29.64,0.35,Conservative
62,59369,4444.92,371693,104780,2,33,9,0.102,83.62,1.765,Balanced
74,106379,4367.39,131372,2961,3,30,6,0.507,30.08,0.028,Balanced
48,89392,5620.53,469166,78385,3,30,3,0.245,83.47,0.877,Conservative
38,210598,11464.82,141520,32545,2,7,3,0.347,12.34,0.155,Balanced
43,32661,1421.15,45138,51569,3,16,10,0.478,31.76,1.579,Aggressive
57,166663,6087.68,225462,132688,0,1,10,0.562,37.04,0.796,Balanced
65,91718,6441.17,137445,123915,1,30,2,0.157,21.34,1.351,Conservative
62,206307,11647.76,163033,74447,4,34,7,0.322,14.0,0.361,Balanced
30,27970,1873.32,204606,25549,1,34,1,0.196,109.22,0.913,Conservative
66,67922,3678.77,351736,72361,3,38,1,0.35,95.61,1.065,Conservative
40,50755,1992.08,491858,18230,4,31,10,0.529,246.91,0.359,Aggressive
37,140926,6290.61,27591,50618,1,8,3,0.464,4.39,0.359,Balanced
54,39416,1838.91,333815,114676,1,20,1,0.44,181.53,2.909,Conservative
71,33672,2483.63,184571,8882,3,29,3,0.115,74.32,0.264,Conservative
70,234540,6901.31,255389,81844,4,31,9,0.647,37.01,0.349,Aggressive
45,148145,11013.55,296176,117200,4,21,7,0.108,26.89,0.791,Conservative
34,198068,14677.73,416406,115933,1,26,9,0.111,28.37,0.585,Aggressive
45,94095,7040.52,279680,22500,4,31,7,0.102,39.72,0.239,Balanced
58,20064,1023.47,307684,81410,4,20,9,0.388,300.63,4.058,Balanced
19,88835,6515.27,449912,140405,0,22,3,0.12,69.06,1.581,Balanced
42,221457,10474.54,441627,53383,3,26,7,0.432,42.16,0.241,Aggressive
67,156711,4759.6,176134,66513,3,17,6,0.636,37.01,0.424,Balanced
58,162127,6395.79,272965,72258,0,25,2,0.527,42.68,0.446,Balanced
23,210292,15244.64,29652,13217,1,37,6,0.13,1.95,0.063,Balanced
28,107594,3206.04,86384,86427,2,27,3,0.642,26.94,0.803,Balanced
74,180499,9781.49,349175,45272,1,3,2,0.35,35.7,0.251,Conservative
55,136916,4467.81,317555,83053,0,24,5,0.608,71.08,0.607,Balanced
23,140308,5934.07,352942,61724,4,25,5,0.492,59.48,0.44,Aggressive
62,102516,3403.97,393861,146290,0,10,2,0.602,115.71,1.427,Conservative
28,84666,5804.85,71137,37633,3,36,3,0.177,12.25,0.444,Balanced
31,215346,12114.81,135819,41528,4,18,8,0.325,11.21,0.193,Aggressive
19,138294,9751.55,468830,9513,1,17,5,0.154,48.08,0.069,Aggressive
57,30866,1874.07,332368,72901,4,14,8,0.271,177.35,2.362,Balanced
20,23889,1759.95,491026,60922,3,19,10,0.116,279.0,2.55,Balanced
72,138194,7260.17,194861,104936,0,18,4,0.37,26.84,0.759,Balanced
70,144714,8457.22,437263,100071,1,23,4,0.299,51.7,0.692,Conservative
52,199298,11077.15,396412,100378,2,8,6,0.333,35.79,0.504,Balanced
50,51335,2636.67,455757,50293,2,16,10,0.384,172.85,0.98,Balanced
41,70547,4792.95,238116,99381,0,25,5,0.185,49.68,1.409,Balanced
36,177234,10404.95,413429,55272,1,32,5,0.296,39.73,0.312,Balanced
35,240521,15848.77,45049,8670,1,19,9,0.209,2.84,0.036,Balanced
66,175759,11460.95,175120,27809,4,18,6,0.217,15.28,0.158,Balanced
69,118756,4503.57,446349,18069,0,32,3,0.545,99.11,0.152,Balanced
41,30995,1827.65,359055,95447,4,15,4,0.292,196.46,3.079,Balanced
62,207560,7953.12,222458,118179,0,21,9,0.54,27.97,0.569,Aggressive
52,22631,1265.12,398357,99675,3,11,6,0.329,314.88,4.404,Balanced
18,186026,11201.7,333739,136531,0,29,8,0.277,29.79,0.734,Aggressive
53,157039,11758.02,493280,62289,4,32,7,0.102,41.95,0.397,Balanced
42,108294,3310.17,377981,27177,1,6,1,0.633,114.19,0.251,Balanced
62,107278,3577.57,405347,3423,0,19,1,0.6,113.3,0.032,Balanced
66,84471,2761.95,429532,61001,1,16,10,0.608,155.52,0.722,Balanced
60,57116,2708.72,2523,44940,3,12,7,0.431,0.93,0.787,Conservative
51,112116,7491.91,419372,136433,2,15,2,0.198,55.98,1.217,Conservative
42,185299,12573.02,479906,1401,2,11,9,0.186,38.17,0.008,Aggressive
33,153014,9631.45,480969,66948,4,39,10,0.245,49.94,0.438,Aggressive
51,67664,4754.99,35342,22814,0,10,9,0.157,7.43,0.337,Balanced
46,179141,7875.83,491802,3230,3,37,2,0.472,62.44,0.018,Balanced
36,107342,3564.52,55689,105825,3,24,9,0.602,15.62,0.986,Aggressive
40,34407,1095.24,390762,104153,1,36,9,0.618,356.78,3.027,Aggressive
36,133926,9136.8,242310,108998,4,1,10,0.181,26.52,0.814,Balanced
42,79201,4961.55,308567,38824,3,17,6,0.248,62.19,0.49,Balanced
33,100093,6124.34,297724,119410,0,14,5,0.266,48.61,1.193,Balanced
71,205420,9189.5,3974,50416,3,38,10,0.463,0.43,0.245,Balanced
68,233053,10855.37,125685,100563,2,25,2,0.441,11.58,0.432,Balanced
26,37878,2768.13,473423,71812,4,37,6,0.123,171.03,1.896,Balanced
18,103100,3308.59,134832,58876,1,35,9,0.615,40.75,0.571,Aggressive
59,98629,6374.33,453934,55572,0,22,3,0.224,71.21,0.563,Conservative
36,206492,8953.12,382170,87304,2,7,3,0.48,42.69,0.423,Balanced
50,243059,7524.3,442825,88668,3,11,4,0.629,58.85,0.365,Balanced
51,63168,3992.29,6118,114266,4,10,10,0.242,1.53,1.809,Conservative
33,74862,3318.89,177337,75111,4,14,4,0.468,53.43,1.003,Balanced
61,240694,14986.83,257762,73367,0,35,1,0.253,17.2,0.305,Conservative
57,233097,14358.97,165690,68348,1,36,2,0.261,11.54,0.293,Balanced
72,48004,2576.75,140857,23357,2,6,6,0.356,54.66,0.487,Balanced
35,40471,2622.37,235924,113234,1,5,5,0.222,89.97,2.798,Balanced
51,111820,6239.29,319727,85321,0,7,10,0.33,51.24,0.763,Balanced
42,211239,8936.29,205249,37783,0,15,4,0.492,22.97,0.179,Aggressive
62,122229,7677.65,159924,125985,2,21,10,0.246,20.83,1.031,Balanced
23,234900,13194.08,437772,51703,4,18,9,0.326,33.18,0.22,Aggressive
38,85308,2537.91,456761,116839,4,1,2,0.643,179.98,1.37,Conservative
23,103969,7328.99,286351,88557,2,4,8,0.154,39.07,0.852,Balanced
49,34568,1872.73,153733,65923,1,11,4,0.35,82.09,1.907,Balanced
58,29466,2032.53,461106,64748,2,10,9,0.172,226.86,2.197,Balanced
65,242129,16858.34,412366,78728,4,19,4,0.164,24.46,0.325,Conservative
60,77324,3832.25,279588,117849,1,30,2,0.405,72.96,1.524,Conservative
56,122208,6407.91,270190,2380,3,20,6,0.371,42.17,0.019,Balanced
48,166539,8030.86,54639,123256,1,27,9,0.421,6.8,0.74,Aggressive
59,248627,12373.13,114357,94389,4,12,7,0.403,9.24,0.38,Balanced
27,95955,6735.49,269851,743,0,14,1,0.158,40.06,0.008,Balanced
47,204020,13320.45,95304,40124,1,34,9,0.217,7.15,0.197,Aggressive
74,167748,5865.44,203594,144200,1,38,6,0.58,34.71,0.86,Balanced
69,114791,6559.06,293866,118174,0,2,9,0.314,44.8,1.029,Balanced
35,182586,13659.69,422837,45653,4,32,2,0.102,30.96,0.25,Balanced
41,128718,7267.77,346947,46072,3,18,7,0.322,47.74,0.358,Balanced
69,42650,2780.17,170487,122214,3,21,8,0.218,61.32,2.866,Balanced
26,108290,6975.53,10517,41302,2,11,8,0.227,1.51,0.381,Balanced
48,97701,4418.32,146666,77011,3,30,5,0.457,33.19,0.788,Balanced
32,30683,1417.85,31736,106452,3,19,7,0.445,22.38,3.469,Balanced
21,249164,15536.25,401380,31898,1,30,7,0.252,25.84,0.128,Aggressive
57,210891,10983.75,292565,103620,2,35,3,0.375,26.64,0.491,Balanced
26,100978,5585.88,358025,17889,3,4,2,0.336,64.09,0.177,Balanced
62,24860,1537.38,342753,142024,1,21,5,0.258,222.95,5.713,Conservative
26,154801,10031.96,460935,45985,2,5,4,0.222,45.95,0.297,Balanced
43,51351,2136.78,326234,74106,1,36,8,0.501,152.68,1.443,Aggressive
21,82744,2970.07,272034,60139,0,27,5,0.569,91.59,0.727,Aggressive
34,175418,7462.38,427493,8897,4,7,9,0.49,57.29,0.051,Aggressive
33,140198,7350.42,180160,18798,4,31,7,0.371,24.51,0.134,Aggressive
32,94155,4222.68,387295,5656,4,20,1,0.462,91.72,0.06,Balanced
52,141449,7810.34,491029,12193,3,25,2,0.337,62.87,0.086,Balanced
74,96700,3057.38,436383,136219,4,38,8,0.621,142.73,1.409,Balanced
69,26955,1415.95,392185,126474,4,25,10,0.37,276.98,4.692,Balanced
22,216714,9975.92,488363,102748,2,17,8,0.448,48.95,0.474,Aggressive
72,221362,11880.99,30480,144501,2,37,2,0.356,2.57,0.653,Conservative
22,195365,9481.61,117460,83366,2,15,7,0.418,12.39,0.427,Aggressive
37,212408,8962.28,232488,63628,3,10,8,0.494,25.94,0.3,Aggressive
32,41662,2941.54,417524,133474,4,34,4,0.153,141.94,3.204,Balanced
35,26408,993.87,63970,5642,3,7,3,0.548,64.36,0.214,Balanced
64,191475,11564.31,335406,83746,3,39,10,0.275,29.0,0.437,Balanced
19,21225,1518.57,350627,7918,3,25,9,0.141,230.89,0.373,Aggressive
46,163268,8792.91,365289,118535,3,39,2,0.354,41.54,0.726,Conservative
30,220858,15313.28,149498,114438,3,28,3,0.168,9.76,0.518,Balanced
21,166444,5807.07,18121,148548,3,27,8,0.581,3.12,0.892,Aggressive
59,37279,1931.0,404883,21061,4,37,2,0.378,209.68,0.565,Balanced
62,130401,6534.87,333889,116408,2,39,5,0.399,51.09,0.893,Balanced
27,246801,7290.2,125104,20215,1,38,10,0.646,17.16,0.082,Aggressive
48,205312,10159.38,341420,120148,1,28,8,0.406,33.61,0.585,Aggressive
58,112404,5179.64,35531,113613,1,34,7,0.447,6.86,1.011,Balanced
25,189259,11330.14,294790,56098,0,29,4,0.282,26.02,0.296,Aggressive
20,68481,4942.51,270642,68764,2,8,10,0.134,54.76,1.004,Balanced
65,179547,5942.78,115119,93271,4,13,9,0.603,19.37,0.519,Balanced
63,64552,2851.65,434224,140515,3,37,2,0.47,152.27,2.177,Conservative
26,219041,10846.83,470064,123816,1,3,7,0.406,43.34,0.565,Balanced
47,227606,11386.98,118474,39276,2,14,7,0.4,10.4,0.173,Balanced
70,247741,16023.59,293745,31711,4,32,7,0.224,18.33,0.128,Balanced
28,157930,7815.79,261664,39764,1,23,7,0.406,33.48,0.252,Aggressive
52,225558,6859.57,342408,4844,2,23,5,0.635,49.92,0.021,Aggressive
54,94474,5830.28,418463,107181,4,13,1,0.259,71.77,1.135,Conservative
59,45168,3149.17,374480,102539,2,39,4,0.163,118.91,2.27,Balanced
30,52099,2746.69,192372,24630,3,21,5,0.367,70.04,0.473,Aggressive
53,222252,12401.84,95826,85132,2,31,10,0.33,7.73,0.383,Aggressive
73,81455,2984.07,264526,101510,2,7,4,0.56,88.65,1.246,Conservative
30,74240,2916.12,170527,146236,0,36,7,0.529,58.48,1.97,Balanced
29,94796,3786.65,215767,17025,3,19,2,0.521,56.98,0.18,Balanced
54,74592,3648.22,60465,4839,2,22,2,0.413,16.57,0.065,Balanced
27,142181,10195.32,113456,38937,3,24,2,0.14,11.13,0.274,Balanced
73,198530,10538.33,220366,113074,2,24,10,0.363,20.91,0.57,Aggressive
26,121611,4617.71,220994,46660,3,21,3,0.544,47.86,0.384,Balanced
69,78046,3228.17,173132,115911,4,13,5,0.504,53.63,1.485,Conservative
24,36488,1706.45,31843,33260,1,6,10,0.439,18.66,0.912,Aggressive
19,209913,12118.84,250050,96200,0,28,9,0.307,20.63,0.458,Aggressive
71,138521,6833.91,346587,23206,1,32,3,0.408,50.72,0.168,Balanced
73,151467,7142.23,115654,55763,2,13,6,0.434,16.19,0.368,Balanced
40,203741,11215.95,397666,83059,2,34,6,0.339,35.46,0.408,Aggressive
56,161917,6517.28,135461,6794,4,32,6,0.517,20.78,0.042,Balanced
57,187131,6134.73,424126,148711,2,14,5,0.607,69.14,0.795,Balanced
56,38394,1162.79,488220,117973,3,32,2,0.637,419.87,3.073,Conservative
38,113993,4637.54,19476,41961,1,5,1,0.512,4.2,0.368,Balanced
40,196978,6572.1,285660,85801,2,35,5,0.6,43.47,0.436,Aggressive
46,79332,3536.8,206319,11736,4,4,8,0.465,58.33,0.148,Balanced
31,188377,12167.8,154314,59395,0,14,10,0.225,12.68,0.315,Aggressive
43,62628,3882.74,286197,80338,1,18,5,0.256,73.71,1.283,Balanced
68,41352,2363.99,194910,114946,4,11,3,0.314,82.45,2.78,Conservative
22,237754,16224.24,29832,79757,4,19,3,0.181,1.84,0.335,Conservative
72,102971,4334.54,382081,69385,1,2,2,0.495,88.15,0.674,Conservative
48,71993,5020.19,210197,65285,4,34,7,0.163,41.87,0.907,Conservative
42,190458,9040.11,136008,120862,0,3,2,0.43,15.04,0.635,Conservative
48,123027,5848.82,148659,135688,0,29,6,0.43,25.42,1.103,Balanced
67,207696,9916.5,318346,90100,2,23,8,0.427,32.1,0.434,Aggressive
37,208137,7006.44,25928,65659,3,1,8,0.596,3.7,0.315,Balanced
61,140212,10358.39,467749,67713,2,6,2,0.113,45.16,0.483,Conservative
72,236576,8401.97,159726,148959,3,17,6,0.574,19.01,0.63,Conservative
34,28539,1278.28,92545,46811,1,19,3,0.463,72.4,1.64,Balanced
62,152335,6672.47,237512,146181,4,2,9,0.474,35.6,0.96,Conservative
19,164377,5356.96,256239,63387,2,15,3,0.609,47.83,0.386,Balanced
42,73817,2668.13,438463,133196,4,23,1,0.566,164.33,1.804,Balanced
30,175470,5478.64,107869,101558,2,19,9,0.625,19.69,0.579,Aggressive
56,248688,10586.28,34849,67949,2,33,8,0.489,3.29,0.273,Aggressive
45,226873,15628.93,201065,6089,0,6,2,0.173,12.86,0.027,Conservative
59,69107,3090.77,37858,5833,3,19,10,0.463,12.25,0.084,Aggressive
72,183224,6382.77,52984,146820,1,30,10,0.582,8.3,0.801,Balanced
23,244332,14357.19,212021,49308,4,22,3,0.295,14.77,0.202,Balanced
20,181696,13598.89,51337,42083,2,3,7,0.102,3.78,0.232,Balanced
52,149240,5941.97,75833,115605,4,5,6,0.522,12.76,0.775,Conservative
35,119655,5023.16,270175,79674,0,30,8,0.496,53.79,0.666,Aggressive
28,76132,5611.66,14325,1702,1,3,10,0.115,2.55,0.022,Balanced
71,145701,5443.47,457744,21773,3,39,5,0.552,84.09,0.149,Balanced
37,125494,6600.65,335091,143497,3,39,5,0.369,50.77,1.143,Balanced
22,72979,2930.16,426032,38575,2,28,2,0.518,145.4,0.529,Balanced
36,78013,5609.09,333911,20098,1,1,6,0.137,59.53,0.258,Balanced
39,245997,18241.43,279923,72519,3,22,5,0.11,15.35,0.295,Balanced
36,83797,5573.09,113594,128699,1,39,9,0.202,20.38,1.536,Aggressive
64,71798,3129.98,374403,2397,4,17,3,0.477,119.62,0.033,Conservative
33,167722,7993.6,175795,26770,0,28,5,0.428,21.99,0.16,Aggressive
41,177086,7131.67,221524,38222,1,30,3,0.517,31.06,0.216,Balanced
58,96421,6748.8,159572,93737,1,8,9,0.16,23.64,0.972,Balanced
21,27434,1950.12,405761,49033,3,27,9,0.147,208.07,1.787,Aggressive
32,50028,2419.6,445214,65879,2,25,10,0.42,184.0,1.317,Aggressive
42,86558,5129.23,298943,78475,2,13,7,0.289,58.28,0.907,Balanced
61,44331,1629.36,207774,15950,4,34,1,0.559,127.52,0.36,Conservative
72,87573,4299.94,411961,96081,3,39,9,0.411,95.81,1.097,Balanced
52,149473,8685.93,229674,48787,3,7,9,0.303,26.44,0.326,Balanced
72,225364,10554.02,421055,88768,0,22,10,0.438,39.9,0.394,Aggressive
31,197398,8992.79,201960,90150,2,33,5,0.453,22.46,0.457,Aggressive
66,102979,3008.27,344594,95551,3,38,2,0.649,114.55,0.928,Conservative
36,24123,1592.84,195391,106350,4,31,1,0.208,122.67,4.409,Conservative
55,36603,2559.57,473533,127943,0,33,2,0.161,185.0,3.495,Conservative
53,85941,6325.29,389531,62926,2,22,4,0.117,61.58,0.732,Balanced
24,62597,3889.36,114574,4986,2,27,4,0.254,29.46,0.08,Aggressive
47,214310,11641.24,113191,78485,2,27,1,0.348,9.72,0.366,Balanced
36,104238,4326.8,421747,131307,0,21,8,0.502,97.47,1.26,Aggressive
66,193791,14528.1,148198,139065,4,35,10,0.1,10.2,0.718,Balanced
42,242858,13647.89,23802,145908,4,10,8,0.326,1.74,0.601,Balanced
33,61751,3728.91,111777,70760,3,28,8,0.275,29.98,1.146,Balanced
64,146462,8852.69,178263,65587,3,37,5,0.275,20.14,0.448,Balanced
71,106978,7264.6,423828,75108,2,33,10,0.185,58.34,0.702,Balanced
57,37693,1116.09,255950,8498,1,8,2,0.645,229.33,0.225,Balanced
68,240613,9446.78,333691,45066,3,37,4,0.529,35.32,0.187,Balanced
25,188769,11263.9,104312,89529,4,33,1,0.284,9.26,0.474,Balanced
35,114524,8038.92,201776,12485,2,19,10,0.158,25.1,0.109,Aggressive
45,117869,7140.27,399803,69136,4,30,1,0.273,55.99,0.587,Conservative
33,181064,8712.5,204123,46264,2,14,10,0.423,23.43,0.256,Aggressive
69,83825,3833.98,228527,45606,0,14,3,0.451,59.61,0.544,Conservative
36,160594,10115.7,128907,36346,3,36,4,0.244,12.74,0.226,Balanced
59,150475,9501.0,367610,103865,0,7,3,0.242,38.69,0.69,Conservative
34,65406,3727.5,425030,115192,3,34,3,0.316,114.03,1.761,Balanced
62,163193,6939.88,470866,123016,4,32,8,0.49,67.85,0.754,Balanced
30,143371,10261.0,463255,53166,4,33,4,0.141,45.15,0.371,Balanced
24,165291,9001.94,129806,39075,1,14,3,0.346,14.42,0.236,Balanced
44,21617,1413.7,157807,78675,4,25,9,0.215,111.63,3.639,Balanced
27,63016,2456.94,192144,103446,2,28,1,0.532,78.2,1.642,Balanced
51,201744,9065.41,296010,4806,1,39,8,0.461,32.65,0.024,Aggressive
53,44276,3066.18,313991,29357,2,30,5,0.169,102.4,0.663,Balanced
42,92240,2902.17,33337,58877,1,31,8,0.622,11.49,0.638,Aggressive
23,126292,6648.99,270783,110137,2,24,10,0.368,40.73,0.872,Aggressive
41,206807,10597.79,141157,53155,1,4,3,0.385,13.32,0.257,Balanced
35,37959,2414.12,266303,58051,3,14,6,0.237,110.31,1.529,Balanced
40,48522,2042.14,354405,124503,3,9,7,0.495,173.55,2.566,Balanced
23,207159,8122.13,6134,73147,1,36,8,0.53,0.76,0.353,Aggressive
46,161025,11531.71,117469,127117,0,6,7,0.141,10.19,0.789,Conservative
42,46567,2578.42,367770,76742,1,24,7,0.336,142.63,1.648,Balanced
72,211595,7186.81,4182,97486,0,26,2,0.592,0.58,0.461,Conservative
34,82708,3144.07,429167,132779,2,34,3,0.544,136.5,1.605,Balanced
63,146206,10957.58,201670,22290,1,1,6,0.101,18.4,0.152,Conservative
41,42560,1622.9,398368,84875,0,23,3,0.542,245.47,1.994,Balanced
28,78390,4479.74,374129,19311,1,17,9,0.314,83.52,0.246,Aggressive
43,145772,7058.65,480567,48175,3,36,9,0.419,68.08,0.33,Aggressive
68,219221,15292.12,75538,2720,3,37,6,0.163,4.94,0.012,Balanced
51,187732,11973.28,463965,35790,1,20,1,0.235,38.75,0.191,Balanced
45,65104,3680.13,399129,81285,1,26,1,0.322,108.46,1.249,Conservative
20,77805,2307.61,22484,115066,4,11,4,0.644,9.74,1.479,Balanced
28,44496,3092.05,258681,90328,3,20,10,0.166,83.66,2.03,Aggressive
55,234373,11612.54,283131,22442,2,1,8,0.405,24.38,0.096,Balanced
31,111257,7995.37,2575,23802,1,13,3,0.138,0.32,0.214,Conservative
68,23515,1219.93,427266,12721,4,36,4,0.377,350.24,0.541,Balanced
43,24454,1491.33,86226,35757,1,38,6,0.268,57.82,1.462,Balanced
65,42873,1386.62,360443,91402,3,13,9,0.612,259.94,2.132,Balanced
38,93920,5946.96,42793,1939,0,14,4,0.24,7.2,0.021,Balanced
71,33727,1506.19,471161,119382,0,12,3,0.464,312.82,3.54,Conservative
73,148376,6717.07,160784,31989,3,34,10,0.457,23.94,0.216,Aggressive
56,89070,3082.27,277606,130404,2,27,10,0.585,90.07,1.464,Aggressive
47,119059,4273.93,147425,73251,4,12,9,0.569,34.49,0.615,Balanced
25,144564,5447.26,312853,14454,1,38,7,0.548,57.43,0.1,Aggressive
68,248497,10985.92,494074,132449,1,36,9,0.469,44.97,0.533,Aggressive
37,137213,9611.58,211483,35523,1,1,10,0.159,22.0,0.259,Balanced
65,201051,9257.45,241469,30807,4,26,6,0.447,26.08,0.153,Balanced
49,45465,2835.5,439680,18467,4,21,4,0.252,155.06,0.406,Balanced
39,204972,6755.73,330289,37177,3,32,5,0.604,48.89,0.181,Aggressive
24,79799,4489.39,454217,143359,4,25,10,0.325,101.18,1.797,Aggressive
26,116129,5952.0,389320,48667,1,12,2,0.385,65.41,0.419,Balanced
62,172402,12755.98,253543,143910,1,25,3,0.112,19.88,0.835,Conservative
18,159374,10829.65,389172,55259,4,26,5,0.185,35.94,0.347,Balanced
46,229515,11478.74,67356,36872,4,36,3,0.4,5.87,0.161,Balanced
25,241038,15593.72,375662,10522,3,16,3,0.224,24.09,0.044,Balanced
73,127288,4838.76,344167,114108,0,14,9,0.544,71.13,0.896,Balanced
71,223789,12295.06,37685,40425,4,34,4,0.341,3.07,0.181,Balanced
21,32875,1071.29,200807,5478,0,24,4,0.609,187.44,0.167,Aggressive
52,47219,2130.56,443600,93873,2,8,1,0.459,208.21,1.988,Conservative
20,56182,2220.24,194430,51793,0,27,7,0.526,87.57,0.922,Aggressive
71,231613,14387.04,94245,5025,4,39,10,0.255,6.55,0.022,Balanced
62,193341,9982.03,458042,7764,1,13,9,0.38,45.89,0.04,Aggressive
57,99781,6345.15,39830,69036,1,29,8,0.237,6.28,0.692,Balanced
24,26457,1396.52,249809,95062,4,31,2,0.367,178.88,3.593,Balanced
44,157821,5228.69,309059,31521,3,19,6,0.602,59.11,0.2,Aggressive
18,53064,3336.19,323650,28807,4,10,10,0.246,97.01,0.543,Aggressive
44,160893,10837.16,180699,18013,4,34,10,0.192,16.67,0.112,Aggressive
33,135256,9546.17,23047,11311,3,1,5,0.153,2.41,0.084,Conservative
55,118297,6551.64,285583,80483,3,19,8,0.335,43.59,0.68,Balanced
24,229727,14634.99,342382,9041,2,1,1,0.236,23.39,0.039,Conservative
61,158736,10101.22,357400,71796,2,24,9,0.236,35.38,0.452,Balanced
40,180353,6547.75,218870,23306,2,25,9,0.564,33.43,0.129,Aggressive
58,182893,6710.97,468048,89086,3,4,7,0.56,69.74,0.487,Conservative
28,175719,5696.03,133294,92151,0,24,8,0.611,23.4,0.524,Aggressive
59,89918,3941.05,437080,142499,4,39,9,0.474,110.9,1.585,Balanced
70,233057,11855.41,375484,78359,2,20,5,0.39,31.67,0.336,Balanced
50,233871,17517.79,12174,129428,0,33,2,0.101,0.69,0.553,Conservative
67,110179,5390.01,376595,62960,4,28,1,0.413,69.87,0.571,Conservative
53,94944,5929.52,392739,63741,0,35,5,0.251,66.23,0.671,Balanced
54,109142,6651.92,396528,59000,1,24,8,0.269,59.61,0.541,Aggressive
58,47603,1834.56,239649,27207,1,2,10,0.538,130.63,0.572,Balanced
34,66458,2116.57,122725,3936,4,23,4,0.618,57.98,0.059,Aggressive
52,90605,4910.06,395994,51775,0,33,4,0.35,80.65,0.571,Balanced
65,39623,2427.46,166690,18674,0,14,4,0.265,68.67,0.471,Balanced
22,64440,4827.84,200731,14374,3,15,8,0.101,41.58,0.223,Aggressive
65,102427,4670.98,400246,96128,2,32,7,0.453,85.69,0.939,Balanced
49,158776,11154.02,50366,115040,4,23,1,0.157,4.52,0.725,Conservative
20,113826,5312.48,344167,127401,0,4,10,0.44,64.78,1.119,Balanced
69,47460,2883.89,394640,109644,2,20,6,0.271,136.84,2.31,Conservative
64,234117,13247.88,20046,146389,4,31,4,0.321,1.51,0.625,Conservative
52,233877,7389.31,315949,29181,0,7,2,0.621,42.76,0.125,Balanced
69,224583,7357.22,103333,142852,1,1,3,0.607,14.05,0.636,Conservative
31,130373,3926.62,471522,52994,0,5,4,0.639,120.08,0.406,Balanced
65,157637,7277.03,150525,20402,1,14,10,0.446,20.68,0.129,Aggressive
48,239075,15145.21,167155,72778,1,30,7,0.24,11.04,0.304,Balanced
48,24870,922.29,220464,124889,3,38,1,0.555,239.04,5.022,Conservative
34,38909,2215.28,260332,93057,3,23,1,0.317,117.52,2.392,Balanced
41,29117,1234.69,201686,1052,2,7,3,0.491,163.35,0.036,Balanced
69,87474,5746.65,267106,15400,4,39,2,0.212,46.48,0.176,Conservative
40,113926,7491.75,263532,61980,2,16,3,0.211,35.18,0.544,Balanced
35,195394,12643.26,350512,85483,3,9,3,0.224,27.72,0.437,Conservative
67,147463,7848.21,216970,25699,2,39,1,0.361,27.65,0.174,Balanced
71,121536,5129.95,86009,34111,4,34,6,0.493,16.77,0.281,Balanced
31,40128,2659.13,112446,61065,4,31,8,0.205,42.29,1.522,Balanced
67,248389,9363.34,329903,122378,0,7,5,0.548,35.23,0.493,Balanced
32,89001,3777.85,286054,81798,2,2,1,0.491,75.72,0.919,Conservative
32,20440,768.5,9102,108732,3,6,10,0.549,11.84,5.32,Balanced
23,212027,12736.03,19114,52404,0,34,7,0.279,1.5,0.247,Balanced
44,200685,12165.35,384786,60736,2,17,10,0.273,31.63,0.303,Aggressive
32,143491,8476.5,387729,125210,4,26,9,0.291,45.74,0.873,Balanced
67,222021,10704.76,18944,23942,3,12,7,0.421,1.77,0.108,Conservative
53,162735,5493.58,315694,28696,2,20,9,0.595,57.47,0.176,Aggressive
72,170619,12101.77,68649,22319,4,35,10,0.149,5.67,0.131,Balanced
25,101662,5330.92,122203,37123,4,35,9,0.371,22.92,0.365,Aggressive
32,20005,956.63,370952,149383,2,29,2,0.426,387.77,7.467,Balanced
20,27038,1518.3,351262,22642,2,38,8,0.326,231.35,0.837,Aggressive
64,26414,1003.81,116990,70083,3,31,7,0.544,116.55,2.653,Balanced
30,238731,8413.31,475232,105219,0,13,7,0.577,56.49,0.441,Aggressive
58,89506,4274.2,45366,85639,4,26,2,0.427,10.61,0.957,Conservative
51,96586,3822.97,459929,75279,0,22,1,0.525,120.31,0.779,Conservative
41,153678,6202.95,470354,112033,0,8,4,0.516,75.83,0.729,Balanced
57,36482,2556.42,188811,23407,4,7,7,0.159,73.86,0.642,Conservative
49,249901,13367.99,119901,4445,2,5,6,0.358,8.97,0.018,Balanced
49,222945,11442.8,106534,113443,4,1,10,0.384,9.31,0.509,Balanced
47,53948,3278.3,43711,117606,0,11,2,0.271,13.33,2.18,Conservative
69,109987,8004.78,396720,116801,3,32,7,0.127,49.56,1.062,Conservative
66,242873,8332.75,64289,132214,4,7,10,0.588,7.72,0.544,Balanced
30,242322,16325.31,245278,49897,3,29,9,0.192,15.02,0.206,Aggressive
18,40875,2286.31,75022,88071,2,30,2,0.329,32.81,2.155,Balanced
51,33057,1185.62,64584,67266,2,21,10,0.57,54.47,2.035,Aggressive
32,52400,2241.99,99532,61466,3,39,5,0.487,44.39,1.173,Balanced
61,222530,11410.2,288913,135195,3,39,2,0.385,25.32,0.608,Conservative
31,88607,5391.35,80209,18898,4,20,1,0.27,14.88,0.213,Balanced
74,107561,4333.22,113645,116457,2,22,7,0.517,26.23,1.083,Balanced
46,47503,2550.05,21618,45946,3,29,2,0.356,8.48,0.967,Conservative
51,174837,10585.93,230066,117174,1,4,6,0.273,21.73,0.67,Conservative
35,121096,6022.58,276733,74504,4,3,7,0.403,45.95,0.615,Conservative
71,66612,4577.71,382326,139064,4,9,1,0.175,83.52,2.088,Conservative
24,118318,8165.94,43456,121132,1,5,9,0.172,5.32,1.024,Balanced
46,104335,5293.96,240175,55173,2,3,6,0.391,45.37,0.529,Balanced
72,120989,8924.04,479502,10125,3,25,2,0.115,53.73,0.084,Conservative
48,113012,3687.69,354245,74165,3,32,1,0.608,96.06,0.656,Conservative
42,101748,2983.33,79726,9226,2,33,1,0.648,26.72,0.091,Balanced
55,160500,7481.54,407456,148292,1,18,2,0.441,54.46,0.924,Conservative
31,182491,10350.33,109105,4702,1,36,9,0.319,10.54,0.026,Aggressive
25,85195,4941.74,235915,131713,1,29,2,0.304,47.74,1.546,Balanced
44,224767,11463.96,367393,35942,4,39,1,0.388,32.05,0.16,Balanced
71,109846,3832.58,369777,122341,3,2,4,0.581,96.48,1.114,Conservative
19,122404,4526.64,463297,3875,0,11,9,0.556,102.35,0.032,Aggressive
34,59142,4034.87,128474,130140,4,31,8,0.181,31.84,2.2,Balanced
54,91540,6311.31,333804,147149,4,4,7,0.173,52.89,1.607,Conservative
31,189361,11371.83,348722,125797,3,29,8,0.279,30.67,0.664,Balanced
42,96948,5779.07,44279,134684,2,3,2,0.285,7.66,1.389,Conservative
73,78951,4465.5,152067,72598,3,2,5,0.321,34.05,0.92,Conservative
47,31755,1221.53,302246,88240,2,36,7,0.538,247.43,2.779,Balanced
46,137985,6732.95,402749,66998,3,14,1,0.414,59.82,0.486,Conservative
37,104553,6384.2,184675,77510,4,4,6,0.267,28.93,0.741,Conservative
38,154962,8335.52,218712,98814,1,30,7,0.355,26.24,0.638,Balanced
70,114376,3433.37,414158,34924,4,19,8,0.64,120.63,0.305,Balanced
39,37175,2708.99,3747,133991,4,19,5,0.126,1.38,3.604,Conservative
52,225799,15328.91,181940,72168,0,31,8,0.185,11.87,0.32,Aggressive
54,85687,3522.45,131512,74460,4,15,10,0.507,37.34,0.869,Balanced
33,104983,6028.23,448960,43910,4,29,1,0.311,74.48,0.418,Balanced
67,239359,17109.81,106784,34005,4,3,4,0.142,6.24,0.142,Conservative
66,245783,8250.24,419190,83400,0,19,6,0.597,50.81,0.339,Balanced
60,175360,9157.68,458500,130634,2,22,4,0.373,50.07,0.745,Balanced
34,66629,3336.63,399302,10657,0,20,5,0.399,119.67,0.16,Aggressive
33,136779,6560.98,318872,18394,1,7,2,0.424,48.6,0.134,Balanced
72,198872,13416.8,270584,72433,2,4,7,0.19,20.17,0.364,Conservative
19,188439,8783.7,281250,38397,0,1,9,0.441,32.02,0.204,Aggressive
21,228882,7343.58,108253,119445,1,7,7,0.615,14.74,0.522,Aggressive
38,228826,7364.59,303391,23874,1,22,1,0.614,41.2,0.104,Balanced
56,240400,7482.64,458443,23670,3,37,2,0.626,61.27,0.098,Balanced
51,88513,4241.47,165854,142023,3,30,8,0.425,39.1,1.605,Balanced
47,102762,6380.86,320404,146840,4,9,1,0.255,50.21,1.429,Conservative
23,180094,6934.33,456712,78905,2,27,2,0.538,65.86,0.438,Balanced
34,220401,12958.8,242614,30836,0,38,5,0.294,18.72,0.14,Aggressive
56,210486,12767.71,3383,142760,4,23,6,0.272,0.26,0.678,Conservative
42,152731,6241.11,430310,17202,2,12,1,0.51,68.95,0.113,Balanced
22,77941,4418.65,227603,7188,3,13,1,0.32,51.51,0.092,Balanced
22,189002,11445.29,209675,53326,0,33,2,0.273,18.32,0.282,Balanced
37,63473,3208.76,70375,145207,1,15,3,0.393,21.93,2.288,Balanced
33,206670,9217.38,492694,34657,1,16,9,0.465,53.45,0.168,Aggressive
68,36040,2073.9,350853,131630,4,34,3,0.309,169.18,3.652,Conservative
58,89806,6644.27,409142,26195,4,9,8,0.112,61.58,0.292,Balanced
54,164358,8009.2,148058,14443,0,27,6,0.415,18.49,0.088,Aggressive
57,220211,10376.6,76585,23215,1,15,10,0.435,7.38,0.105,Aggressive
26,132076,6662.65,266637,5949,4,35,5,0.395,40.02,0.045,Aggressive
22,75916,2479.42,405935,40411,1,34,9,0.608,163.72,0.532,Aggressive
59,168672,9195.99,266352,115877,3,30,8,0.346,28.96,0.687,Balanced
74,153363,6783.55,29288,68438,4,23,3,0.469,4.32,0.446,Conservative
19,164195,5702.8,1995,62521,2,9,7,0.583,0.35,0.381,Balanced
26,23811,1203.33,226542,71431,4,32,4,0.394,188.26,3.0,Balanced
60,229955,6742.69,429876,105854,3,35,8,0.648,63.75,0.46,Aggressive
53,51276,2439.81,110502,22081,0,32,7,0.429,45.29,0.431,Balanced
39,205217,6980.02,139109,44732,1,16,3,0.592,19.93,0.218,Balanced
39,197691,5986.1,167125,129808,0,32,7,0.637,27.92,0.657,Balanced
39,101049,6765.75,153775,90182,4,25,6,0.197,22.73,0.892,Balanced
51,221750,15780.04,387758,87904,2,30,6,0.146,24.57,0.396,Balanced
72,239854,9278.77,380991,91374,0,37,10,0.536,41.06,0.381,Aggressive
46,242115,13046.25,447748,133227,2,37,3,0.353,34.32,0.55,Balanced
55,177786,7450.37,333768,127277,4,35,4,0.497,44.8,0.716,Balanced
63,206757,10707.73,225416,122606,2,8,4,0.379,21.05,0.593,Balanced
50,163266,8029.25,365750,145285,2,36,6,0.41,45.55,0.89,Balanced
35,93062,3861.9,474463,127927,3,25,9,0.502,122.86,1.375,Aggressive
24,215109,13179.31,38159,135423,0,18,5,0.265,2.9,0.63,Conservative
18,170434,5959.08,373708,40236,4,39,8,0.58,62.71,0.236,Aggressive
50,74499,2354.11,326687,13241,3,10,5,0.621,138.77,0.178,Balanced
18,66281,4265.3,266169,88987,2,1,6,0.228,62.4,1.343,Conservative
41,213885,12766.47,479153,91659,3,4,6,0.284,37.53,0.429,Conservative
21,64852,3373.33,267421,47665,3,26,4,0.376,79.28,0.735,Balanced
21,198908,10066.14,201297,61242,2,11,10,0.393,20.0,0.308,Aggressive
35,24595,1278.07,177363,4455,4,15,10,0.376,138.77,0.181,Aggressive
44,115930,5703.4,89353,40459,1,32,5,0.41,15.67,0.349,Aggressive
60,166474,7853.28,252397,60899,3,15,4,0.434,32.14,0.366,Balanced
49,216355,11265.42,260633,17597,0,28,2,0.375,23.14,0.081,Balanced
50,112676,6015.8,163073,55591,2,23,2,0.359,27.11,0.493,Balanced
45,239203,14562.41,125909,46209,1,3,8,0.269,8.65,0.193,Balanced
59,193795,11969.49,65758,9052,3,32,4,0.259,5.49,0.047,Balanced
58,202394,9406.19,383586,35691,2,20,9,0.442,40.78,0.176,Aggressive
72,197836,9519.99,477549,17816,2,14,6,0.423,50.16,0.09,Balanced
53,175983,8147.04,76685,65876,3,35,5,0.444,9.41,0.374,Balanced
23,242360,13028.76,24219,56533,0,9,7,0.355,1.86,0.233,Balanced
33,39405,1968.1,374825,108873,2,24,6,0.401,190.45,2.763,Balanced
51,78122,5463.84,129920,14206,2,4,4,0.161,23.78,0.182,Conservative
40,240828,14710.55,67186,132270,3,12,10,0.267,4.57,0.549,Balanced
67,148909,10476.51,211409,78566,1,24,9,0.156,20.18,0.528,Balanced
59,23447,1445.95,160006,122874,2,1,6,0.26,110.66,5.24,Conservative
41,204215,15044.62,234013,107787,2,14,3,0.116,15.55,0.528,Balanced
73,213978,12475.9,21020,4934,3,31,4,0.3,1.68,0.023,Conservative
66,30662,2248.43,319525,121298,2,10,4,0.12,142.11,3.956,Conservative
30,214073,7795.71,395226,25877,3,33,8,0.563,50.7,0.121,Aggressive
73,78282,2471.51,291190,19471,0,36,5,0.621,117.82,0.249,Balanced
35,155971,8689.13,276626,5853,3,35,8,0.331,31.84,0.038,Aggressive
71,48582,3606.89,69951,36018,1,18,8,0.109,19.39,0.741,Balanced
30,87471,4225.45,473986,58501,2,25,6,0.42,112.17,0.669,Balanced
66,143513,5580.55,481961,257,0,12,5,0.533,86.36,0.002,Balanced
54,193285,10257.76,20136,115169,2,28,2,0.363,1.96,0.596,Conservative
60,127578,7514.76,229792,135802,2,9,1,0.293,30.58,1.064,Conservative
56,95871,4181.16,258201,11305,3,24,7,0.477,61.75,0.118,Balanced
59,103205,6391.17,189659,120761,2,20,10,0.257,29.68,1.17,Balanced
34,94081,6948.77,142529,88979,0,26,10,0.114,20.51,0.946,Aggressive
32,125783,8839.71,299350,10818,4,5,7,0.157,33.86,0.086,Balanced
35,103805,4414.93,117699,6202,2,27,2,0.49,26.66,0.06,Balanced
40,144698,6387.19,362021,38946,3,28,3,0.47,56.68,0.269,Balanced
71,188902,8726.45,63371,17031,1,37,8,0.446,7.26,0.09,Aggressive
68,158138,7472.07,130948,144370,2,7,4,0.433,17.52,0.913,Conservative
47,30712,1036.98,62237,126705,3,19,5,0.595,60.02,4.126,Balanced
51,101527,6506.86,232068,112212,2,22,7,0.231,35.67,1.105,Balanced
21,149453,6861.59,41475,101890,4,18,8,0.449,6.04,0.682,Aggressive
20,146888,10207.5,360008,93496,4,15,1,0.166,35.27,0.637,Conservative
24,216437,15508.02,106187,137152,0,33,7,0.14,6.85,0.634,Balanced
73,107185,3246.25,421845,115446,4,39,3,0.637,129.95,1.077,Conservative
35,119851,8925.67,38439,31942,3,5,5,0.106,4.31,0.267,Balanced
59,181878,11223.58,327703,17016,4,37,1,0.259,29.2,0.094,Conservative
24,32210,1707.71,8798,24232,3,5,3,0.364,5.15,0.752,Conservative
57,56972,2678.82,119502,60928,2,37,5,0.436,44.61,1.069,Balanced
23,54136,2865.53,195994,131401,0,7,1,0.365,68.4,2.427,Balanced
39,195369,8605.09,6980,60363,0,2,2,0.471,0.81,0.309,Conservative
18,136445,7873.77,486796,136518,4,30,3,0.308,61.83,1.001,Balanced
21,35945,1201.58,242534,77781,1,11,8,0.599,201.85,2.164,Aggressive
63,246273,14193.89,454105,108670,4,37,5,0.308,31.99,0.441,Balanced
66,193549,8087.76,331037,115672,1,39,5,0.499,40.93,0.598,Balanced
69,99180,2972.91,4849,125158,4,33,3,0.64,1.63,1.262,Conservative
67,90453,4929.6,67464,46094,3,9,9,0.346,13.69,0.51,Balanced
60,105404,5868.77,39991,14822,3,11,9,0.332,6.81,0.141,Aggressive
46,228485,11131.27,387532,16825,1,12,2,0.415,34.81,0.074,Balanced
38,164296,5336.3,178350,135092,0,10,8,0.61,33.42,0.822,Aggressive
43,23052,1616.21,351343,24849,1,11,1,0.159,217.39,1.078,Conservative
31,47272,2703.51,159249,25602,2,33,5,0.314,58.9,0.542,Aggressive
26,61150,2107.85,96940,94460,0,20,7,0.586,45.99,1.545,Aggressive
64,247276,13002.84,259860,35701,1,5,8,0.369,19.98,0.144,Aggressive
29,168388,8749.02,343898,123327,2,24,8,0.377,39.31,0.732,Aggressive
59,204461,6529.48,80845,19752,2,32,6,0.617,12.38,0.097,Aggressive
68,214404,12216.97,144844,139138,4,31,7,0.316,11.86,0.649,Balanced
73,158312,10482.62,143400,77045,1,14,4,0.205,13.68,0.487,Balanced
68,117095,7435.09,44931,139333,3,19,10,0.238,6.04,1.19,Balanced
23,88774,3415.09,401572,92689,4,24,7,0.538,117.59,1.044,Balanced
37,63175,4339.39,11723,135657,0,32,7,0.176,2.7,2.147,Conservative
41,151637,6803.42,302057,53750,3,12,9,0.462,44.4,0.354,Aggressive
44,238370,17293.34,57322,27632,2,21,2,0.129,3.31,0.116,Balanced
55,222166,7210.42,36189,38585,0,36,8,0.611,5.02,0.174,Aggressive
25,36375,1871.54,467418,116,4,25,9,0.383,249.75,0.003,Aggressive
18,45710,2584.21,450112,15616,2,14,3,0.322,174.18,0.342,Balanced
71,200967,8142.64,275281,83733,2,8,8,0.514,33.81,0.417,Balanced
66,227711,14692.28,178106,113246,2,29,1,0.226,12.12,0.497,Conservative
66,166246,9625.54,460130,29590,3,25,10,0.305,47.8,0.178,Aggressive
41,127026,3810.36,469956,115591,4,23,5,0.64,123.34,0.91,Balanced
64,238401,13600.83,336682,8685,4,36,1,0.315,24.75,0.036,Balanced
24,47597,2460.42,277910,69394,3,12,1,0.38,112.95,1.458,Balanced
36,94289,3597.25,48568,145210,4,12,6,0.542,13.5,1.54,Balanced
39,189469,14173.25,362269,96752,2,18,5,0.102,25.56,0.511,Balanced
74,222926,15668.71,175928,19067,2,36,5,0.157,11.23,0.086,Balanced
72,184141,7839.48,348939,102034,2,19,2,0.489,44.51,0.554,Conservative
52,105687,5703.48,146618,111186,4,35,10,0.352,25.71,1.052,Balanced
47,138968,6069.15,388713,38211,1,27,9,0.476,64.05,0.275,Aggressive
46,60274,3900.34,25770,96516,0,3,5,0.223,6.61,1.601,Conservative
39,225309,16178.73,120193,40727,1,13,3,0.138,7.43,0.181,Balanced
28,223570,10197.69,76842,14464,3,38,7,0.453,7.54,0.065,Aggressive
37,189269,12508.65,238338,110875,1,19,6,0.207,19.05,0.586,Balanced
46,68634,3569.68,382968,146478,1,35,6,0.376,107.28,2.134,Balanced
68,50041,2369.1,38488,79035,3,15,5,0.432,16.25,1.579,Conservative
58,158320,11427.17,124791,64086,1,16,4,0.134,10.92,0.405,Balanced
59,105365,5538.01,259857,137869,0,35,6,0.369,46.92,1.308,Balanced
51,153275,7754.13,314823,4858,4,5,7,0.393,40.6,0.032,Balanced
18,71986,4318.19,36392,60796,3,7,8,0.28,8.43,0.845,Balanced
48,45370,1866.52,116941,65509,1,21,2,0.506,62.65,1.444,Conservative
47,55247,2433.8,423228,48393,2,1,4,0.471,173.9,0.876,Conservative
65,144403,10380.47,190737,138306,2,25,7,0.137,18.37,0.958,Conservative
35,139544,8409.75,369134,28547,3,30,3,0.277,43.89,0.205,Balanced
72,226994,15220.9,136671,53804,2,19,5,0.195,8.98,0.237,Balanced
34,151506,6301.53,316131,55941,0,24,10,0.501,50.17,0.369,Aggressive
55,82982,4488.53,96347,23567,1,15,7,0.351,21.47,0.284,Balanced
31,85180,6276.83,205660,2325,0,35,9,0.116,32.76,0.027,Aggressive
40,128534,5626.44,470879,71386,0,24,6,0.475,83.69,0.555,Aggressive
42,185546,6776.48,91345,55516,4,36,2,0.562,13.48,0.299,Balanced
32,44644,2347.48,312647,128192,1,14,9,0.369,133.18,2.871,Aggressive
63,58493,2745.77,247119,21149,3,22,6,0.437,90.0,0.362,Balanced
73,103824,3787.56,373936,2879,2,39,10,0.562,98.73,0.028,Aggressive
39,155031,10835.42,329530,100492,4,8,2,0.161,30.41,0.648,Conservative
20,67289,5018.07,209384,84701,0,16,1,0.105,41.73,1.259,Conservative
73,162215,8958.6,12239,82195,2,17,4,0.337,1.37,0.507,Conservative
72,190665,12330.82,349482,14908,1,5,2,0.224,28.34,0.078,Conservative
36,190187,13035.28,104534,17650,0,35,7,0.178,8.02,0.093,Aggressive
74,173612,10641.55,275028,126853,0,37,7,0.264,25.84,0.731,Conservative
61,55481,1730.48,164666,72112,1,18,3,0.626,95.16,1.3,Conservative
51,246577,8973.32,133692,36872,3,21,10,0.563,14.9,0.15,Aggressive
52,97097,3147.92,394709,113508,4,1,1,0.611,125.39,1.169,Conservative
67,42578,1261.14,87795,96003,1,17,2,0.645,69.62,2.255,Conservative
18,163859,7077.32,280794,81951,2,8,8,0.482,39.68,0.5,Aggressive
69,92048,4340.03,327325,115539,2,29,4,0.434,75.42,1.255,Balanced
38,203951,8201.66,259541,93311,0,20,3,0.517,31.64,0.458,Balanced
46,161668,5194.02,308032,55020,4,37,10,0.614,59.31,0.34,Aggressive
23,248354,13275.03,485008,77272,3,39,7,0.359,36.54,0.311,Aggressive
54,211741,8828.29,376726,92460,3,5,10,0.5,42.67,0.437,Balanced
18,171002,11226.57,313760,44819,2,10,4,0.212,27.95,0.262,Aggressive
68,199022,5878.26,187325,55347,3,6,2,0.646,31.87,0.278,Conservative
18,115737,7844.94,363729,121019,2,7,3,0.187,46.36,1.046,Conservative
44,38687,2821.3,433503,122099,4,35,4,0.125,153.65,3.156,Balanced
38,203905,12639.97,36173,61216,0,27,1,0.256,2.86,0.3,Conservative
70,142540,8950.37,139862,65228,2,21,8,0.246,15.63,0.458,Balanced
33,187061,13459.96,60623,143703,4,24,8,0.137,4.5,0.768,Balanced
61,50183,1944.55,245136,60513,2,29,5,0.535,126.06,1.206,Balanced
71,40758,3046.7,279271,97347,1,27,6,0.103,91.66,2.388,Conservative
57,152154,9831.87,73974,56141,2,38,4,0.225,7.52,0.369,Balanced
43,116368,7269.26,190416,69659,4,2,3,0.25,26.19,0.599,Conservative
33,65891,3012.32,63404,11292,3,25,3,0.451,21.05,0.171,Balanced
45,196882,10667.36,196277,61265,2,2,4,0.35,18.4,0.311,Balanced
18,66901,3956.38,104298,45689,0,38,6,0.29,26.36,0.683,Balanced
53,234584,13511.82,68745,71,4,18,2,0.309,5.09,0.0,Conservative
27,123912,7617.92,159201,32234,3,7,6,0.262,20.9,0.26,Balanced
60,91062,2999.81,373602,136588,4,4,8,0.605,124.54,1.5,Conservative
34,247694,11261.96,377317,45037,2,10,9,0.454,33.5,0.182,Aggressive
74,172635,8469.19,306830,8234,1,28,4,0.411,36.23,0.048,Balanced
40,92008,3782.65,392166,135432,1,30,5,0.507,103.67,1.472,Balanced
24,153847,5704.45,221193,100135,0,24,8,0.555,38.78,0.651,Aggressive
61,166900,5930.65,47037,81965,0,36,10,0.574,7.93,0.491,Aggressive
70,37974,1745.26,499815,90094,3,16,2,0.448,286.38,2.373,Conservative
24,173460,8982.23,293476,93753,1,33,10,0.379,32.67,0.54,Aggressive
61,100591,3224.25,23972,40160,2,10,2,0.615,7.43,0.399,Conservative
32,38615,2801.36,180422,83595,4,21,9,0.129,64.41,2.165,Balanced
51,188958,12138.72,116235,105572,4,27,6,0.229,9.58,0.559,Balanced
63,42838,2684.4,86798,11544,1,21,10,0.248,32.33,0.269,Aggressive
62,60728,2252.37,10007,6381,1,27,9,0.555,4.44,0.105,Aggressive
21,136249,7744.51,206686,137906,4,32,10,0.318,26.69,1.012,Aggressive
31,98000,5237.68,56196,60514,3,5,7,0.359,10.73,0.617,Balanced
31,72798,5401.36,465963,29398,4,35,5,0.11,86.27,0.404,Balanced
33,223848,14199.79,56873,99316,0,22,9,0.239,4.01,0.444,Aggressive
24,221550,12308.38,454980,86509,2,36,9,0.333,36.97,0.39,Aggressive
49,170694,11634.89,16479,7530,1,10,2,0.182,1.42,0.044,Conservative
36,164608,5971.18,408765,75733,1,34,8,0.565,68.46,0.46,Aggressive
19,218208,6516.58,321725,84095,3,6,8,0.642,49.37,0.385,Aggressive
27,156772,9532.11,25497,45598,0,14,2,0.27,2.67,0.291,Conservative
67,189911,6394.8,187716,98132,4,37,10,0.596,29.35,0.517,Aggressive
34,30248,1042.27,434546,59130,0,19,7,0.587,416.92,1.955,Balanced
54,65291,4132.78,212941,51524,0,32,1,0.24,51.52,0.789,Conservative
29,102629,4265.9,86221,38996,3,20,5,0.501,20.21,0.38,Aggressive
23,235963,13680.88,22246,57202,3,21,5,0.304,1.63,0.242,Balanced
39,145612,10369.68,218965,24116,4,15,10,0.145,21.12,0.166,Aggressive
49,37177,1623.58,272247,107960,4,17,5,0.476,167.68,2.904,Balanced
58,170555,6671.96,339621,76769,2,24,2,0.531,50.9,0.45,Balanced
37,63815,2172.95,5070,87064,0,21,3,0.591,2.33,1.364,Conservative
18,58533,2057.21,163888,9250,4,15,6,0.578,79.67,0.158,Aggressive
71,20026,641.2,52104,25547,3,11,1,0.616,81.26,1.276,Conservative
64,124997,4147.85,18967,59734,2,37,6,0.602,4.57,0.478,Balanced
70,80611,3947.27,258905,136527,2,30,6,0.412,65.59,1.694,Balanced
23,107242,4705.03,341025,25474,3,18,7,0.474,72.48,0.238,Aggressive
36,175732,10816.43,438354,42773,4,28,9,0.261,40.53,0.243,Aggressive
35,206175,14236.95,382495,132574,3,13,9,0.171,26.87,0.643,Balanced
23,203325,13243.66,420659,7042,4,10,4,0.218,31.76,0.035,Balanced
62,124913,6681.29,201941,30501,3,39,2,0.358,30.22,0.244,Balanced
50,62082,2102.22,236677,90454,3,12,5,0.594,112.58,1.457,Balanced
40,167330,10323.87,261067,24242,1,38,1,0.26,25.29,0.145,Balanced
40,123613,5661.02,3840,109847,4,26,5,0.45,0.68,0.889,Conservative
43,118315,3915.32,306176,56235,0,19,10,0.603,78.2,0.475,Aggressive
30,109690,7434.76,209420,30766,1,23,3,0.187,28.17,0.28,Balanced
24,115220,5146.68,233720,136082,1,36,7,0.464,45.41,1.181,Aggressive
32,35389,1386.18,197747,122023,1,27,7,0.53,142.66,3.448,Balanced
61,111860,7730.45,190490,111873,1,16,3,0.171,24.64,1.0,Conservative
44,178757,12604.95,44688,109293,0,7,5,0.154,3.55,0.611,Conservative
43,210292,9400.65,15711,55270,1,13,9,0.464,1.67,0.263,Aggressive
50,178267,8098.38,276140,94516,0,12,4,0.455,34.1,0.53,Balanced
32,41797,2329.47,357025,13960,0,27,2,0.331,153.26,0.334,Balanced
53,131975,8285.75,188820,99456,1,33,3,0.247,22.79,0.754,Conservative
62,222382,7129.79,227197,13472,2,31,1,0.615,31.87,0.061,Balanced
72,117169,6603.83,434861,120578,0,11,5,0.324,65.85,1.029,Balanced
44,86332,6288.21,366348,126239,1,17,9,0.126,58.26,1.462,Balanced
74,244997,10088.81,30172,58316,3,38,2,0.506,2.99,0.238,Conservative
22,213979,15154.26,81981,114068,3,2,3,0.15,5.41,0.533,Conservative
19,158260,11508.04,476954,118416,4,3,3,0.127,41.45,0.748,Conservative
72,43696,1813.51,205827,11603,0,34,7,0.502,113.5,0.266,Balanced
50,22024,1403.68,167599,117754,0,32,10,0.235,119.4,5.347,Balanced
33,224274,8995.75,429967,94425,3,24,7,0.519,47.8,0.421,Aggressive
40,187057,11779.7,413119,163,0,24,1,0.244,35.07,0.001,Balanced
55,157656,10360.38,486061,100018,0,13,3,0.211,46.92,0.634,Conservative
72,110998,4495.08,239635,68998,3,22,1,0.514,53.31,0.622,Conservative
33,178116,11039.16,287794,10287,1,19,9,0.256,26.07,0.058,Aggressive
31,25285,1678.62,76262,6227,3,30,7,0.203,45.43,0.246,Balanced
46,214187,9767.26,178512,84580,2,39,5,0.453,18.28,0.395,Balanced
43,27370,1008.67,313120,50842,3,21,7,0.558,310.43,1.858,Balanced
52,37903,1265.27,365352,33001,3,23,3,0.599,288.75,0.871,Conservative
32,183571,10195.23,239280,47951,1,16,3,0.334,23.47,0.261,Balanced
20,117904,8724.44,497957,71875,3,7,1,0.112,57.08,0.61,Conservative
40,42995,2875.73,296846,111497,3,20,5,0.197,103.22,2.593,Balanced
46,125160,6150.69,271373,50197,1,14,7,0.41,44.12,0.401,Balanced
51,186272,10014.32,24438,4481,3,26,3,0.355,2.44,0.024,Conservative
50,108377,4549.49,234829,37227,1,22,5,0.496,51.62,0.343,Balanced
58,221474,8114.92,75802,17791,2,36,10,0.56,9.34,0.08,Aggressive
58,164638,8439.68,336564,131279,1,26,1,0.385,39.88,0.797,Conservative
40,57822,2914.84,26262,89070,0,12,7,0.395,9.01,1.54,Balanced
24,127412,6764.11,160296,141016,0,31,8,0.363,23.7,1.107,Aggressive
20,71222,5187.59,91086,98205,1,4,8,0.126,17.56,1.379,Balanced
49,114088,6485.36,21153,74223,3,27,1,0.318,3.26,0.651,Conservative
48,110450,6288.05,145079,148357,4,9,4,0.317,23.07,1.343,Conservative
35,201740,7067.85,335558,26782,4,12,9,0.58,47.48,0.133,Aggressive
60,129366,9681.63,174345,83669,2,29,2,0.102,18.01,0.647,Conservative
24,130078,8401.57,373935,4489,2,28,1,0.225,44.51,0.035,Balanced
58,83853,5817.04,35705,140180,4,16,6,0.168,6.14,1.672,Conservative
18,205715,9906.3,274215,64430,4,8,1,0.422,27.68,0.313,Balanced
31,143794,7503.3,168892,72118,1,13,6,0.374,22.51,0.502,Aggressive
69,173405,9207.03,116542,81274,4,14,1,0.363,12.66,0.469,Conservative
49,167030,6357.61,49353,139102,0,15,6,0.543,7.76,0.833,Balanced
23,72442,4402.17,161762,61603,2,9,9,0.271,36.75,0.85,Balanced
56,172026,12136.97,118588,21118,2,32,5,0.153,9.77,0.123,Balanced
27,226246,8296.41,89616,11593,0,22,4,0.56,10.8,0.051,Aggressive
24,29675,982.92,430238,67730,2,25,8,0.603,437.71,2.282,Aggressive
43,109590,6904.36,465517,108653,4,26,4,0.244,67.42,0.991,Balanced
51,128570,5359.88,44989,44592,2,29,4,0.5,8.39,0.347,Balanced
47,51661,2983.96,261013,46652,0,18,9,0.307,87.47,0.903,Balanced
53,84289,5146.31,465993,135610,2,36,1,0.267,90.55,1.609,Conservative
38,37184,1633.16,133409,135914,4,20,3,0.473,81.69,3.655,Balanced
34,67963,4521.41,316407,113393,1,33,4,0.202,69.98,1.668,Balanced
50,176894,9618.52,83445,91978,4,20,8,0.348,8.68,0.52,Aggressive
27,213375,14721.98,57464,41464,2,3,1,0.172,3.9,0.194,Conservative
68,227537,14596.72,130849,82639,3,34,3,0.23,8.96,0.363,Conservative
64,25267,1742.83,56898,5773,2,6,2,0.172,32.65,0.228,Conservative
59,203719,6130.05,476294,113680,2,31,6,0.639,77.7,0.558,Balanced
68,82814,3339.67,345241,35646,0,35,9,0.516,103.38,0.43,Aggressive
29,56025,1865.19,357166,15586,3,32,10,0.6,191.49,0.278,Aggressive
73,141246,6981.62,53698,95651,0,9,9,0.407,7.69,0.677,Balanced
33,97605,6828.1,348385,44180,0,27,10,0.161,51.02,0.453,Aggressive
58,152053,7693.21,428859,115091,4,24,5,0.393,55.75,0.757,Balanced
49,63436,4320.74,49927,126633,1,22,3,0.183,11.56,1.996,Conservative
32,169544,7487.46,138431,76918,2,30,8,0.47,18.49,0.454,Aggressive
44,170408,7622.4,308151,58039,3,36,9,0.463,40.43,0.341,Aggressive
45,176659,12403.8,428072,123787,2,26,9,0.157,34.51,0.701,Balanced
34,97192,4731.63,349145,44807,0,2,1,0.416,73.79,0.461,Conservative
63,243934,15944.56,63070,27740,1,7,10,0.216,3.96,0.114,Balanced
67,235118,9407.74,406570,6772,0,27,5,0.52,43.22,0.029,Balanced
19,204085,14827.46,164585,39358,2,16,10,0.128,11.1,0.193,Aggressive
53,140591,7803.01,294298,145719,4,29,9,0.334,37.72,1.036,Balanced
67,104511,6685.46,238956,16504,2,21,3,0.232,35.74,0.158,Conservative
24,29665,986.94,240279,137532,0,26,7,0.601,243.46,4.636,Aggressive
30,178169,9219.73,389549,137353,3,18,9,0.379,42.25,0.771,Aggressive
32,111277,7841.05,154626,117553,3,1,2,0.154,19.72,1.056,Conservative
42,72474,5027.11,336372,36499,3,2,2,0.168,66.91,0.504,Conservative
40,223045,6984.05,60754,46733,3,14,5,0.624,8.7,0.21,Aggressive
39,176257,7594.24,461436,44536,3,38,8,0.483,60.76,0.253,Aggressive
43,95911,4746.2,176778,137707,1,15,10,0.406,37.25,1.436,Aggressive
50,112643,4174.79,429735,19189,1,36,5,0.555,102.94,0.17,Aggressive
28,50484,3161.56,278925,142570,4,24,8,0.249,88.22,2.824,Aggressive
27,121165,4558.65,268507,60777,3,25,4,0.549,58.9,0.502,Aggressive
42,196682,8861.37,314847,103665,0,9,9,0.459,35.53,0.527,Aggressive
54,201879,12025.33,468954,59200,0,15,4,0.285,39.0,0.293,Balanced
65,201979,10353.93,299183,10427,2,37,5,0.385,28.9,0.052,Balanced
60,208461,13136.76,261637,49555,3,6,7,0.244,19.92,0.238,Conservative
70,45835,3356.13,210644,96057,0,12,9,0.121,62.76,2.096,Balanced
55,246351,8501.18,435804,6570,4,27,5,0.586,51.26,0.027,Balanced
58,116453,7183.81,325082,24988,0,7,7,0.26,45.25,0.215,Balanced
62,73790,2931.24,16577,58881,4,28,4,0.523,5.66,0.798,Conservative
41,228032,10982.82,418989,8408,3,12,2,0.422,38.15,0.037,Balanced
57,29643,909.24,386612,81210,2,35,2,0.632,425.21,2.74,Conservative
63,95846,3392.54,31552,123904,2,2,5,0.575,9.3,1.293,Conservative
73,170023,7450.94,330599,129443,1,26,2,0.474,44.37,0.761,Conservative
50,243176,10904.26,145090,138492,3,20,2,0.462,13.31,0.57,Balanced
34,166305,11707.48,138968,42147,0,25,2,0.155,11.87,0.253,Balanced
41,33200,2097.13,85048,13806,2,21,4,0.242,40.55,0.416,Balanced
54,72275,5328.48,171649,4257,4,1,8,0.115,32.21,0.059,Balanced
74,238156,13485.37,12481,18696,4,28,7,0.321,0.93,0.079,Conservative
19,227140,9141.3,99489,34763,0,38,5,0.517,10.88,0.153,Aggressive
49,109001,4816.12,68792,112467,0,13,7,0.47,14.28,1.032,Balanced
74,172363,7553.95,327486,70531,3,30,6,0.474,43.35,0.409,Balanced
41,62448,2755.89,398739,149198,0,10,8,0.47,144.69,2.389,Aggressive
26,181652,10901.09,223526,33923,0,22,8,0.28,20.5,0.187,Aggressive
21,111685,5974.63,283863,88867,0,29,7,0.358,47.51,0.796,Aggressive
34,172418,8074.67,373506,7202,2,5,5,0.438,46.26,0.042,Aggressive
34,30619,1102.28,477608,110138,3,8,6,0.568,433.29,3.597,Balanced
70,125454,3786.37,410810,103121,0,11,10,0.638,108.5,0.822,Balanced
67,21766,853.15,38353,104133,0,26,8,0.53,44.95,4.784,Balanced
65,23549,802.84,137218,103519,4,19,7,0.591,170.92,4.396,Conservative
47,169765,11062.95,185617,13341,2,19,5,0.218,16.78,0.079,Balanced
57,213091,7313.88,178497,121625,0,30,10,0.588,24.41,0.571,Aggressive
28,248530,15498.45,175499,65410,2,36,8,0.252,11.32,0.263,Aggressive
38,127938,5992.96,143563,20640,3,9,4,0.438,23.96,0.161,Balanced
38,147673,4803.78,412694,140910,3,7,6,0.61,85.91,0.954,Balanced
35,68328,4538.13,476728,24275,1,18,4,0.203,105.05,0.355,Balanced
72,228773,12750.22,36223,137411,4,9,5,0.331,2.84,0.601,Conservative
46,240172,9600.25,156359,59999,1,6,10,0.52,16.29,0.25,Aggressive
41,45301,3178.9,354337,100689,2,6,3,0.158,111.47,2.223,Conservative
27,64763,2023.26,376689,144521,4,22,2,0.625,186.18,2.232,Balanced
62,171837,6601.42,442808,76565,0,17,1,0.539,67.08,0.446,Conservative
34,64787,4122.75,307435,22659,4,15,3,0.236,74.57,0.35,Conservative
35,140675,8676.81,75671,143140,4,9,1,0.26,8.72,1.018,Conservative
59,27425,1163.5,408648,119602,3,6,6,0.491,351.22,4.361,Conservative
65,32857,1051.74,299555,25847,1,23,2,0.616,284.82,0.787,Conservative
37,203843,13962.28,386102,14802,3,17,3,0.178,27.65,0.073,Balanced
54,112999,4920.48,368592,4944,3,32,8,0.477,74.91,0.044,Aggressive
62,173516,6617.36,363945,360,1,32,5,0.542,55.0,0.002,Balanced
35,61457,3246.13,366156,63475,3,37,2,0.366,112.8,1.033,Balanced
34,230813,16361.27,403662,83894,4,3,2,0.149,24.67,0.363,Conservative
26,151776,4729.73,347543,125807,2,16,3,0.626,73.48,0.829,Balanced
31,25452,1635.7,145959,134536,0,2,3,0.229,89.23,5.286,Conservative
66,131153,7266.53,462857,149682,0,3,8,0.335,63.7,1.141,Balanced
46,58862,2864.6,312217,30607,3,14,5,0.416,108.99,0.52,Balanced
48,212543,13447.67,115798,136116,1,14,8,0.241,8.61,0.64,Balanced
21,220289,16176.62,41905,141988,4,30,4,0.119,2.59,0.645,Conservative
35,237130,9407.41,9652,85825,3,27,9,0.524,1.03,0.362,Balanced
37,38300,1369.24,230006,69311,4,17,3,0.571,167.98,1.81,Conservative
73,160638,11406.44,429131,45347,4,39,2,0.148,37.62,0.282,Conservative
73,158573,9486.95,489595,131889,0,9,6,0.282,51.61,0.832,Conservative
64,21845,1075.67,373219,133218,2,36,4,0.409,346.96,6.098,Balanced
60,139342,7725.27,244585,90292,2,10,2,0.335,31.66,0.648,Conservative
61,59181,3748.56,375834,32146,1,29,6,0.24,100.26,0.543,Balanced
26,208335,13457.88,105477,119157,2,4,4,0.225,7.84,0.572,Balanced
30,229838,16394.0,425564,24234,3,21,10,0.144,25.96,0.105,Aggressive
32,214110,10433.64,437110,136030,0,37,4,0.415,41.89,0.635,Balanced
44,234362,9987.26,200837,55417,0,2,10,0.489,20.11,0.236,Aggressive
32,54404,3181.8,496451,147897,4,15,4,0.298,156.03,2.718,Balanced
45,42564,2052.47,31955,57036,3,28,4,0.421,15.57,1.34,Balanced
54,117898,6651.7,226920,108788,3,25,8,0.323,34.11,0.923,Balanced
72,208507,10095.08,329204,59006,4,26,1,0.419,32.61,0.283,Balanced
36,38227,1383.01,354408,122346,4,9,9,0.566,256.26,3.201,Balanced
43,241368,12233.03,499059,58214,0,30,3,0.392,40.8,0.241,Balanced
69,115259,7011.64,148493,27450,3,9,5,0.27,21.18,0.238,Conservative
43,144451,9504.95,425895,76227,2,1,5,0.21,44.81,0.528,Balanced
42,198547,10280.26,103395,63211,2,12,4,0.379,10.06,0.318,Aggressive
43,37215,1367.28,183807,19596,0,13,4,0.559,134.43,0.527,Aggressive
43,150577,7253.77,163609,59000,2,14,7,0.422,22.56,0.392,Aggressive
63,91074,5938.49,33775,130568,2,10,4,0.218,5.69,1.434,Conservative
45,172771,8308.45,299336,33857,3,17,10,0.423,36.03,0.196,Aggressive
66,128621,7857.58,271516,131380,3,17,3,0.267,34.55,1.021,Conservative
35,163526,8571.05,52264,70029,1,31,9,0.371,6.1,0.428,Aggressive
49,199289,8015.95,120064,12756,3,26,4,0.517,14.98,0.064,Balanced
70,126759,8322.6,91371,129415,1,35,4,0.212,10.98,1.021,Conservative
20,148471,4903.47,86643,143456,3,36,10,0.604,17.67,0.966,Aggressive
19,41711,2220.03,446015,146267,4,11,8,0.361,200.9,3.507,Aggressive
50,166131,6436.05,390912,86210,3,16,7,0.535,60.74,0.519,Balanced
59,68398,2205.19,166533,121789,1,29,4,0.613,75.52,1.781,Balanced
36,21286,1111.51,24966,34125,2,18,8,0.373,22.46,1.603,Aggressive
34,185369,9650.92,409478,82,3,11,10,0.375,42.43,0.0,Aggressive
61,128304,7899.2,150502,73978,2,11,2,0.261,19.05,0.577,Conservative
50,124959,7910.04,185785,103715,2,9,9,0.24,23.49,0.83,Balanced
29,177557,11101.53,332835,51539,3,25,2,0.25,29.98,0.29,Balanced
66,79967,3833.47,181946,83328,3,32,10,0.425,47.46,1.042,Balanced
73,117803,6846.61,188474,58825,4,34,3,0.303,27.53,0.499,Conservative
20,149745,8327.32,71055,81036,1,3,6,0.333,8.53,0.541,Balanced
60,74583,3616.4,102378,60555,3,14,7,0.418,28.31,0.812,Conservative
66,144077,8145.96,317519,127075,2,25,9,0.322,38.98,0.882,Balanced
72,202702,14712.56,433030,5294,2,16,8,0.129,29.43,0.026,Balanced
43,131359,4992.64,183747,44852,3,36,6,0.544,36.8,0.341,Aggressive
52,47086,3328.1,216772,65858,1,9,8,0.152,65.13,1.399,Balanced
25,167556,5297.57,442694,15836,2,4,5,0.621,83.57,0.095,Balanced
69,219695,9513.05,452131,130093,4,2,10,0.48,47.53,0.592,Balanced
53,124132,5259.89,345104,85620,2,25,10,0.492,65.61,0.69,Aggressive
70,79263,4587.35,46755,68920,1,22,9,0.305,10.19,0.87,Balanced
71,169747,5971.89,312306,140525,0,5,4,0.578,52.3,0.828,Conservative
24,140155,9755.85,350726,108537,4,21,1,0.165,35.95,0.774,Conservative
63,80664,5415.94,80866,3664,4,10,8,0.194,14.93,0.045,Balanced
63,175752,10378.69,471894,144943,0,23,5,0.291,45.47,0.825,Conservative
53,168149,8437.26,220194,73101,4,27,9,0.398,26.1,0.435,Aggressive
33,140474,10103.89,49996,70195,4,30,3,0.137,4.95,0.5,Conservative
41,189246,12725.38,366127,114836,4,4,9,0.193,28.77,0.607,Balanced
71,96968,5047.37,310435,136802,2,6,8,0.375,61.5,1.411,Balanced
18,154563,9480.25,489714,89083,2,26,6,0.264,51.66,0.576,Aggressive
66,197198,10875.66,188807,55414,3,10,10,0.338,17.36,0.281,Aggressive
42,154464,8667.6,301784,120241,3,5,10,0.327,34.82,0.778,Balanced
27,213329,9458.24,372509,76003,2,39,8,0.468,39.38,0.356,Aggressive
71,87804,4420.54,163648,91936,4,37,8,0.396,37.02,1.047,Balanced
33,58400,1912.44,438498,95385,1,1,7,0.607,229.29,1.633,Balanced
33,187623,8545.32,109375,82078,0,34,7,0.453,12.8,0.437,Aggressive
25,48088,2936.2,52132,29234,3,8,3,0.267,17.75,0.608,Conservative
46,231087,16836.01,284847,547,4,21,7,0.126,16.92,0.002,Balanced
56,176537,12941.42,356036,51417,3,31,3,0.12,27.51,0.291,Conservative
45,199227,10885.23,374670,140018,1,23,9,0.344,34.42,0.703,Aggressive
23,107893,6146.68,46142,52943,4,11,5,0.316,7.51,0.491,Aggressive
33,25969,978.48,389290,11020,2,16,8,0.548,397.85,0.424,Aggressive
37,28981,1768.85,384074,135389,1,27,3,0.268,217.13,4.672,Conservative
33,172104,5577.06,272130,131595,3,7,3,0.611,48.79,0.765,Conservative
24,74091,3127.73,192167,91622,4,24,3,0.493,61.44,1.237,Balanced
58,127154,7603.81,163730,55076,4,32,8,0.282,21.53,0.433,Balanced
31,44408,1926.83,253160,80195,0,35,9,0.479,131.39,1.806,Aggressive
60,175313,5513.82,277325,139881,0,31,7,0.623,50.3,0.798,Balanced
43,67940,4571.96,55290,146607,0,29,1,0.192,12.09,2.158,Conservative
43,234010,10153.72,317696,81834,2,4,6,0.479,31.29,0.35,Balanced
31,202177,6481.59,339881,50012,4,35,3,0.615,52.44,0.247,Balanced
24,242374,7900.05,278016,120872,4,11,1,0.609,35.19,0.499,Balanced
50,212122,8634.56,27111,48951,3,34,10,0.512,3.14,0.231,Aggressive
43,23657,883.01,268167,89412,2,39,2,0.552,303.69,3.78,Balanced
74,41230,2665.74,308437,79114,0,15,3,0.224,115.7,1.919,Conservative
62,169752,7453.9,151805,89821,4,14,7,0.473,20.37,0.529,Balanced
37,233766,15439.91,116965,61832,0,21,6,0.207,7.58,0.265,Aggressive
20,104731,3889.14,156527,27476,1,7,2,0.554,40.25,0.262,Balanced
69,193412,10010.42,200871,51973,2,17,5,0.379,20.07,0.269,Balanced
21,187022,11352.55,310168,53017,0,18,1,0.272,27.32,0.283,Balanced
43,229587,13557.02,243367,15503,2,14,3,0.291,17.95,0.068,Balanced
28,158939,9014.77,305265,142578,4,38,1,0.319,33.86,0.897,Balanced
19,231763,16583.64,216550,40994,1,29,3,0.141,13.06,0.177,Balanced
31,229614,9102.07,91918,147241,3,10,2,0.524,10.1,0.641,Conservative
61,24329,1260.13,199573,149556,1,17,4,0.378,158.37,6.147,Balanced
47,239159,16665.31,201559,58723,2,32,5,0.164,12.09,0.246,Balanced
66,55865,1828.84,344241,119050,1,20,3,0.607,188.23,2.131,Conservative
29,218012,6917.13,262659,77707,4,17,10,0.619,37.97,0.356,Aggressive
43,57869,2306.64,267054,13920,2,7,5,0.522,115.78,0.241,Aggressive
61,217977,12681.93,19464,96341,2,39,7,0.302,1.53,0.442,Conservative
50,140185,5758.49,71171,114996,4,30,10,0.507,12.36,0.82,Balanced
30,103984,3939.54,114628,110856,0,38,9,0.545,29.1,1.066,Aggressive
31,145172,7286.92,260034,147947,3,10,8,0.398,35.69,1.019,Aggressive
41,121069,6936.03,336128,95814,1,32,6,0.313,48.46,0.791,Balanced
51,109711,4449.76,248852,103612,3,26,9,0.513,55.92,0.944,Balanced
61,86252,3704.38,464041,67450,3,17,8,0.485,125.27,0.782,Balanced
43,99386,5693.64,140174,2925,4,1,4,0.313,24.62,0.029,Balanced
38,138728,10059.58,126503,124248,0,39,2,0.13,12.58,0.896,Conservative
45,152783,9181.09,269876,68826,3,26,9,0.279,29.39,0.45,Balanced
65,45801,2979.34,188817,43101,2,30,6,0.219,63.38,0.941,Conservative
53,238359,10959.46,378250,61473,0,9,10,0.448,34.51,0.258,Aggressive
57,110709,4610.48,441666,63903,4,33,8,0.5,95.8,0.577,Aggressive
19,73270,3662.57,201943,103913,3,26,8,0.4,55.14,1.418,Aggressive
59,222694,14733.49,92102,68107,4,10,4,0.206,6.25,0.306,Balanced
26,75535,3782.82,291025,147688,1,32,10,0.399,76.93,1.955,Aggressive
40,227831,15486.79,364291,129017,4,39,5,0.184,23.52,0.566,Balanced
32,36220,2697.86,117674,120938,2,33,1,0.106,43.62,3.339,Conservative
30,33392,1084.17,338949,33984,4,27,9,0.61,312.64,1.018,Aggressive
40,236659,7395.11,318669,3539,0,29,7,0.625,43.09,0.015,Aggressive
34,153318,5522.95,344836,84986,1,19,1,0.568,62.44,0.554,Balanced
65,40010,1871.81,185278,97558,2,18,10,0.439,98.98,2.438,Balanced
19,146951,5168.67,1319,11391,1,35,10,0.578,0.26,0.078,Aggressive
37,88358,6103.07,166955,82260,2,28,3,0.171,27.36,0.931,Conservative
37,241275,7293.15,472400,109240,1,38,9,0.637,64.77,0.453,Aggressive
63,168306,7344.96,72105,44906,3,10,1,0.476,9.82,0.267,Conservative
20,116190,4372.44,268284,77666,4,3,6,0.548,61.36,0.668,Balanced
72,135795,9758.53,60388,139322,0,29,5,0.138,6.19,1.026,Conservative
29,200523,12001.54,364932,128991,0,16,4,0.282,30.41,0.643,Balanced
57,142790,10133.53,480526,54785,3,36,1,0.148,47.42,0.384,Conservative
19,145223,10707.54,62744,137775,1,1,7,0.115,5.86,0.949,Conservative
53,95205,4945.93,204809,111109,4,18,1,0.377,41.41,1.167,Conservative
31,172856,6898.04,251451,51754,3,4,1,0.521,36.45,0.299,Conservative
33,180744,6876.57,478617,95376,1,5,2,0.543,69.6,0.528,Balanced
36,21082,830.29,256342,69966,4,21,9,0.527,308.74,3.319,Aggressive
51,162220,9999.87,200147,37621,1,4,1,0.26,20.01,0.232,Conservative
61,178566,5539.19,185659,114595,0,20,8,0.628,33.52,0.642,Balanced
63,95093,2997.4,294559,34936,4,19,1,0.622,98.27,0.367,Conservative
23,71952,4104.13,44142,94071,0,35,1,0.316,10.76,1.307,Balanced
30,56719,3323.41,115790,101052,0,24,9,0.297,34.84,1.782,Aggressive
53,68737,4100.7,244947,50460,4,20,8,0.284,59.73,0.734,Balanced
39,210525,9728.61,188183,113089,3,28,1,0.445,19.34,0.537,Balanced
35,127271,8413.35,373077,94191,1,38,7,0.207,44.34,0.74,Balanced
29,190608,10221.25,392658,92142,4,24,8,0.357,38.42,0.483,Aggressive
69,201676,6857.09,440605,109748,0,20,2,0.592,64.26,0.544,Balanced
71,201905,13265.24,242530,15941,1,24,4,0.212,18.28,0.079,Balanced
47,165111,12028.16,303859,55590,4,6,2,0.126,25.26,0.337,Conservative
70,87839,2803.67,253952,39876,3,38,6,0.617,90.58,0.454,Balanced
68,67931,3199.79,265131,129913,4,25,5,0.435,82.86,1.912,Balanced
57,59925,3086.81,100162,94631,4,32,5,0.382,32.45,1.579,Balanced
24,202075,7250.43,61545,115770,2,17,8,0.569,8.49,0.573,Aggressive
49,234889,16192.46,355238,98314,1,17,1,0.173,21.94,0.419,Conservative
65,199969,8436.73,115877,96602,4,5,10,0.494,13.73,0.483,Balanced
36,107745,7009.3,225216,83926,0,17,2,0.219,32.13,0.779,Conservative
23,146298,8766.26,205607,129875,0,9,1,0.281,23.45,0.888,Conservative
37,113709,6433.33,465383,62468,2,20,4,0.321,72.34,0.549,Aggressive
44,62287,2365.24,59540,63180,0,2,2,0.544,25.17,1.014,Conservative
70,241798,9498.37,101970,145656,4,19,10,0.529,10.74,0.602,Balanced
60,184084,5768.6,353164,126371,1,9,7,0.624,61.22,0.686,Conservative
54,127252,5115.44,323939,18673,2,19,5,0.518,63.33,0.147,Balanced
65,192855,8678.38,1325,134415,2,4,5,0.46,0.15,0.697,Conservative
24,129323,8710.23,132763,18950,3,6,1,0.192,15.24,0.147,Balanced
22,236799,10883.2,436810,80600,3,36,2,0.448,40.14,0.34,Balanced
28,219387,13986.69,393625,21547,1,11,5,0.235,28.14,0.098,Aggressive
32,234838,11579.34,195062,97305,1,21,7,0.408,16.85,0.414,Aggressive
20,197563,12869.21,473959,53027,2,25,1,0.218,36.83,0.268,Balanced
22,240013,17739.95,448515,100532,4,30,7,0.113,25.28,0.419,Balanced
40,209656,8419.66,302197,141462,4,18,2,0.518,35.89,0.675,Conservative
70,32803,2253.26,257546,142951,3,25,2,0.176,114.3,4.358,Conservative
54,200697,11573.58,356949,146007,1,21,9,0.308,30.84,0.727,Aggressive
26,138819,9248.95,7313,120605,1,23,8,0.2,0.79,0.869,Balanced
32,113361,6691.82,26850,32574,4,30,10,0.292,4.01,0.287,Aggressive
20,33698,1637.64,219133,83663,3,18,4,0.417,133.81,2.483,Balanced
46,185632,7354.76,422708,74657,4,33,5,0.525,57.47,0.402,Balanced
23,35376,1145.36,214025,122544,4,35,9,0.611,186.86,3.464,Aggressive
34,234726,12607.43,240935,99752,2,22,4,0.355,19.11,0.425,Aggressive
43,33117,2469.09,220002,147654,1,24,10,0.105,89.1,4.459,Aggressive
38,207453,13068.21,165547,26631,2,23,8,0.244,12.67,0.128,Aggressive
25,189028,8349.37,418708,128902,2,1,5,0.47,50.15,0.682,Balanced
38,68786,4614.18,175308,149236,4,15,1,0.195,37.99,2.17,Conservative
74,133005,8567.09,132809,86820,3,28,7,0.227,15.5,0.653,Conservative
28,238850,10049.61,5443,30646,4,20,10,0.495,0.54,0.128,Aggressive
55,86480,2579.04,185489,87633,3,36,3,0.642,71.92,1.013,Conservative
25,182767,6320.53,130757,142356,1,16,7,0.585,20.69,0.779,Balanced
59,152583,10585.68,92555,144929,0,5,8,0.167,8.74,0.95,Balanced
41,73233,4943.9,92792,129278,1,15,4,0.19,18.77,1.765,Balanced
52,131022,5594.26,414936,85424,4,2,6,0.488,74.17,0.652,Conservative
72,173574,7331.44,441514,18951,3,24,10,0.493,60.22,0.109,Aggressive
31,201082,13172.14,29194,21009,0,13,7,0.214,2.22,0.104,Balanced
72,241413,17417.05,159822,14835,3,23,8,0.134,9.18,0.061,Balanced
31,112529,7300.56,211050,42290,3,12,3,0.221,28.91,0.376,Conservative
27,224977,12806.22,426943,106174,0,33,7,0.317,33.34,0.472,Aggressive
29,197561,7959.56,78805,98727,0,25,5,0.517,9.9,0.5,Aggressive
55,120919,6440.56,475755,28039,1,35,7,0.361,73.87,0.232,Aggressive
61,103533,4127.79,185492,60059,2,35,6,0.522,44.94,0.58,Balanced
72,232237,15374.21,10947,125873,0,1,5,0.206,0.71,0.542,Conservative
63,183021,8584.12,252240,95278,2,4,3,0.437,29.38,0.521,Conservative
51,219448,14785.92,74545,112951,2,31,10,0.191,5.04,0.515,Balanced
58,230659,10761.88,285509,57247,2,28,2,0.44,26.53,0.248,Balanced
27,244131,16342.17,318094,114826,2,11,3,0.197,19.46,0.47,Balanced
34,218382,9705.71,16634,39833,0,32,2,0.467,1.71,0.182,Balanced
34,229870,11341.65,255319,77453,3,2,3,0.408,22.51,0.337,Conservative
20,89407,5129.87,52878,18254,0,13,2,0.311,10.31,0.204,Balanced
48,93809,3038.3,409917,83981,0,17,1,0.611,134.92,0.895,Conservative
68,37229,2703.8,107389,32611,4,4,9,0.128,39.72,0.876,Conservative
18,178457,9896.68,412652,109314,4,31,10,0.335,41.7,0.613,Aggressive
29,62176,3260.62,210366,46827,1,38,5,0.371,64.52,0.753,Aggressive
56,114825,7766.64,193324,13830,2,3,9,0.188,24.89,0.12,Balanced
21,154332,10625.37,196881,106485,2,12,8,0.174,18.53,0.69,Aggressive
59,117555,6242.59,153334,112749,4,18,7,0.363,24.56,0.959,Balanced
30,23145,1658.71,265872,5696,3,30,6,0.14,160.29,0.246,Balanced
51,117289,3768.94,59905,66278,1,11,4,0.614,15.89,0.565,Balanced
59,158874,5458.3,115264,143497,3,24,10,0.588,21.12,0.903,Balanced
38,22263,1258.29,331590,57420,4,21,10,0.322,263.52,2.579,Aggressive
39,177985,8079.57,131980,99320,3,35,7,0.455,16.34,0.558,Aggressive
74,77788,3923.91,119280,124434,2,4,7,0.395,30.4,1.6,Conservative
21,159227,7038.41,47997,123912,4,26,1,0.47,6.82,0.778,Balanced
35,151994,7252.63,262466,106578,3,8,9,0.427,36.19,0.701,Balanced
22,223303,14932.56,51919,47150,1,24,4,0.198,3.48,0.211,Aggressive
36,171744,9680.81,189659,103513,1,12,7,0.324,19.59,0.603,Balanced
19,189598,14196.77,119716,18306,0,5,9,0.101,8.43,0.097,Aggressive
29,65344,4262.52,388377,95896,4,16,2,0.217,91.11,1.468,Conservative
34,142819,5956.94,382906,92672,4,32,8,0.499,64.28,0.649,Aggressive
27,170086,7021.57,137345,149370,4,29,4,0.505,19.56,0.878,Balanced
51,93352,4159.95,446702,4753,2,33,4,0.465,107.38,0.051,Aggressive
23,242351,16435.29,364945,77704,2,14,3,0.186,22.2,0.321,Balanced
25,60324,1834.9,452891,74374,4,25,10,0.635,246.82,1.233,Aggressive
68,114075,4530.68,499327,88144,3,8,4,0.523,110.21,0.773,Conservative
28,246710,17428.11,468431,88617,2,27,9,0.152,26.88,0.359,Aggressive
74,189770,11100.64,399333,10875,4,35,1,0.298,35.97,0.057,Conservative
29,97169,3844.38,461953,90853,2,22,9,0.525,120.16,0.935,Aggressive
26,43384,1701.12,381044,48996,0,7,10,0.529,224.0,1.129,Aggressive
19,23512,1615.35,135479,97101,1,36,9,0.176,83.87,4.13,Aggressive
25,157138,11020.17,276485,136638,0,12,1,0.158,25.09,0.87,Conservative
28,182572,7468.29,353510,110698,4,9,9,0.509,47.33,0.606,Aggressive
70,143775,6964.47,443543,79139,1,35,6,0.419,63.69,0.55,Balanced
53,98743,6657.15,185651,38690,3,39,8,0.191,27.89,0.392,Balanced
27,105642,6814.39,210515,103340,4,19,8,0.226,30.89,0.978,Balanced
38,149587,9943.22,455183,2646,3,28,8,0.202,45.78,0.018,Aggressive
37,99858,5285.14,441807,122372,3,29,8,0.365,83.59,1.225,Aggressive
65,74800,5306.76,55001,41592,2,8,1,0.149,10.36,0.556,Conservative
25,214212,9448.06,62355,29339,2,27,1,0.471,6.6,0.137,Aggressive
53,120364,4374.93,98235,103849,1,5,7,0.564,22.45,0.863,Balanced
46,236026,14551.06,252428,98718,1,29,9,0.26,17.35,0.418,Aggressive
59,22387,1206.37,92322,109702,2,35,10,0.353,76.53,4.9,Aggressive
29,207232,14161.24,151431,90883,1,33,8,0.18,10.69,0.439,Aggressive
31,210313,6916.45,334996,39967,0,32,5,0.605,48.43,0.19,Aggressive
65,224639,15238.59,443409,65463,4,21,8,0.186,29.1,0.291,Balanced
71,152871,6513.73,410264,46851,0,10,9,0.489,62.98,0.306,Aggressive
67,139095,8231.77,486083,25062,4,16,7,0.29,59.05,0.18,Balanced
38,55548,1722.32,122280,59123,2,11,10,0.628,71.0,1.064,Aggressive
39,184967,10562.69,476620,89229,0,19,3,0.315,45.12,0.482,Balanced
38,110450,6852.5,85081,139293,3,13,9,0.256,12.42,1.261,Balanced
61,125669,5789.28,381800,15234,0,15,5,0.447,65.95,0.121,Balanced
67,100171,3910.64,296029,139393,1,36,8,0.532,75.7,1.392,Balanced
47,191451,10301.61,209213,7945,0,32,1,0.354,20.31,0.041,Balanced
56,65414,4405.93,418360,5189,2,19,1,0.192,94.95,0.079,Conservative
37,93071,4094.74,6139,102518,2,15,3,0.472,1.5,1.102,Conservative
41,132808,5410.36,227438,133446,1,38,2,0.511,42.04,1.005,Balanced
40,219416,9204.76,339796,142405,4,22,5,0.497,36.92,0.649,Balanced
24,98591,7164.47,283224,127066,1,13,9,0.128,39.53,1.289,Aggressive
26,244213,11144.3,360948,110711,4,20,9,0.452,32.39,0.453,Aggressive
18,243273,7135.65,289618,9173,2,15,8,0.648,40.59,0.038,Aggressive
43,249375,16207.81,439089,135374,2,7,5,0.22,27.09,0.543,Balanced
55,24297,1487.38,375906,110997,4,22,3,0.265,252.73,4.568,Conservative
55,129513,4540.65,227658,55842,0,20,6,0.579,50.14,0.431,Balanced
71,148668,11047.24,48112,131183,0,19,8,0.108,4.36,0.882,Balanced
61,106479,6073.16,418477,121841,1,27,6,0.316,68.91,1.144,Balanced
39,118752,6189.24,259275,81102,2,8,7,0.375,41.89,0.683,Balanced
61,156080,7286.6,11201,103013,0,18,7,0.44,1.54,0.66,Conservative
27,237885,16736.6,283466,139969,2,10,7,0.156,16.94,0.588,Balanced
72,135481,5466.43,277614,38640,1,35,9,0.516,50.79,0.285,Aggressive
23,167892,7095.86,87228,14482,3,15,9,0.493,12.29,0.086,Aggressive
34,222620,7742.09,298491,90052,2,23,1,0.583,38.55,0.405,Balanced
68,173325,11085.8,23603,120963,3,12,3,0.232,2.13,0.698,Conservative
67,180274,10178.75,451195,56145,2,27,5,0.322,44.33,0.311,Balanced
55,180308,10292.38,383350,117288,4,6,4,0.315,37.25,0.65,Conservative
41,87156,3414.76,246642,81718,3,24,1,0.53,72.23,0.938,Balanced
68,80263,4736.47,225965,4857,4,22,1,0.292,47.71,0.061,Conservative
27,138996,8930.52,476563,11166,4,9,4,0.229,53.36,0.08,Balanced
73,119252,5434.3,323431,122494,1,10,5,0.453,59.52,1.027,Balanced
25,138632,9135.17,480695,7498,1,3,4,0.209,52.62,0.054,Balanced
38,94855,4282.98,148516,106371,0,6,2,0.458,34.68,1.121,Conservative
73,36575,2337.68,493209,44180,3,26,5,0.233,210.98,1.208,Conservative
23,32204,989.07,247157,41128,0,14,10,0.631,249.89,1.277,Aggressive
38,31952,1739.1,15474,88620,3,36,3,0.347,8.9,2.774,Balanced
74,103323,7604.91,309628,99411,1,19,7,0.117,40.71,0.962,Conservative
56,202214,14992.22,47393,59911,1,39,4,0.11,3.16,0.296,Balanced
41,184944,7782.5,494388,57450,1,23,2,0.495,63.53,0.311,Balanced
50,180448,8913.67,420030,45940,3,5,8,0.407,47.12,0.255,Aggressive
35,217156,6960.53,292496,56584,1,15,10,0.615,42.02,0.261,Aggressive
73,162712,11258.83,267597,141342,0,30,2,0.17,23.77,0.869,Conservative
45,46437,2564.54,221390,4342,4,33,7,0.337,86.33,0.094,Balanced
74,147129,6888.16,339417,43933,3,38,8,0.438,49.28,0.299,Aggressive
69,107681,3697.26,234256,67089,4,19,10,0.588,63.36,0.623,Balanced
49,27903,2024.65,291092,96279,0,5,3,0.129,143.77,3.45,Conservative
29,234776,12553.09,32271,115185,2,9,6,0.358,2.57,0.491,Balanced
65,46863,1974.53,52050,54101,1,7,4,0.494,26.36,1.154,Conservative
59,63381,2865.97,55878,132493,0,24,2,0.457,19.5,2.09,Conservative
44,48548,2018.32,186467,120668,2,16,8,0.501,92.39,2.486,Aggressive
27,201028,11408.26,242829,53525,3,37,2,0.319,21.29,0.266,Balanced
63,225598,16195.68,190309,25117,0,10,9,0.139,11.75,0.111,Balanced
74,31467,2153.34,68624,56462,3,21,9,0.179,31.87,1.794,Balanced
69,77954,3918.55,192382,114073,4,21,8,0.397,49.1,1.463,Balanced
59,43901,2943.47,256476,120331,4,15,10,0.195,87.13,2.741,Balanced
49,207055,10054.38,211923,74954,3,13,3,0.417,21.08,0.362,Conservative
59,43301,1763.68,334536,57593,4,7,8,0.511,189.68,1.33,Balanced
43,144686,10741.47,413785,143462,4,8,5,0.109,38.52,0.992,Conservative
42,105180,4532.72,238997,22562,1,38,10,0.483,52.73,0.215,Aggressive
28,89903,3956.09,277339,94081,3,2,5,0.472,70.1,1.046,Balanced
40,123955,9238.07,447177,148747,3,37,2,0.106,48.41,1.2,Conservative
51,167276,5905.68,414499,85044,2,22,3,0.576,70.19,0.508,Balanced
74,39755,2545.29,264047,119568,1,4,8,0.232,103.74,3.008,Conservative
69,79817,5751.46,107195,36881,0,7,1,0.135,18.64,0.462,Conservative
57,22093,1162.62,159899,9319,1,1,4,0.369,137.53,0.422,Balanced
40,220609,6459.93,68321,3911,0,19,6,0.649,10.58,0.018,Aggressive
46,116319,5392.18,140434,39927,3,30,9,0.444,26.04,0.343,Aggressive
48,42940,1471.99,198836,111464,1,2,8,0.589,135.08,2.596,Balanced
24,224418,10826.36,274074,79261,2,13,10,0.421,25.32,0.353,Aggressive
57,195112,12755.69,165589,99411,4,28,5,0.215,12.98,0.51,Balanced
50,188394,9282.98,165218,38195,0,14,7,0.409,17.8,0.203,Balanced
38,148714,7281.52,29422,54422,4,3,8,0.412,4.04,0.366,Balanced
19,111544,6099.92,143115,111140,3,16,9,0.344,23.46,0.996,Aggressive
35,104437,5830.46,181221,47561,3,25,3,0.33,31.08,0.455,Balanced
64,112969,7728.61,92599,104800,3,3,8,0.179,11.98,0.928,Conservative
50,127001,5499.1,419269,132759,4,34,3,0.48,76.24,1.045,Conservative
54,107725,7198.9,180432,20855,3,3,1,0.198,25.06,0.194,Conservative
51,135784,7482.42,499722,28879,3,29,4,0.339,66.79,0.213,Balanced
37,130675,5611.31,454104,16091,4,19,7,0.485,80.93,0.123,Aggressive
52,114266,4878.39,322736,143819,3,20,9,0.488,66.16,1.259,Balanced
68,29236,1336.63,335758,20601,0,21,10,0.451,251.2,0.705,Balanced
67,92597,5343.47,283907,94458,1,20,7,0.308,53.13,1.02,Balanced
71,235196,9347.99,76704,120646,0,28,10,0.523,8.21,0.513,Aggressive
35,154974,11057.18,345102,103722,3,27,5,0.144,31.21,0.669,Balanced
63,119656,6642.92,405948,6190,3,25,1,0.334,61.11,0.052,Balanced
41,54364,3878.0,140664,113962,3,2,1,0.144,36.27,2.096,Conservative
25,127071,3976.5,427950,127871,3,24,9,0.624,107.62,1.006,Aggressive
47,114410,5133.54,258757,77471,4,33,4,0.462,50.41,0.677,Balanced
61,171168,5171.33,303126,44550,1,19,3,0.637,58.62,0.26,Balanced
70,163092,6791.95,411833,136991,4,26,5,0.5,60.64,0.84,Balanced
27,78473,5389.16,164830,36183,4,3,7,0.176,30.59,0.461,Balanced
40,64153,1978.77,490442,87872,3,27,7,0.63,247.85,1.37,Balanced
69,192349,9455.25,379041,1716,0,14,5,0.41,40.09,0.009,Balanced
66,238293,8234.25,59597,131361,0,20,8,0.585,7.24,0.551,Aggressive
28,58502,2824.0,351275,4697,2,35,5,0.421,124.39,0.08,Aggressive
19,35675,2412.13,18802,126148,1,23,10,0.189,7.79,3.536,Aggressive
43,175437,10126.94,76262,92855,2,25,4,0.307,7.53,0.529,Aggressive
53,238884,15034.08,303578,63041,4,4,6,0.245,20.19,0.264,Conservative
50,138384,6250.43,76939,66145,2,2,3,0.458,12.31,0.478,Conservative
64,98229,7116.84,219517,133425,2,2,4,0.131,30.84,1.358,Conservative
30,109049,6725.54,42946,16919,2,25,8,0.26,6.39,0.155,Aggressive
57,203220,9855.99,474137,20141,1,23,10,0.418,48.11,0.099,Aggressive
42,109157,5317.36,334279,130946,0,21,10,0.415,62.87,1.2,Aggressive
21,240319,17128.26,288720,74484,0,25,3,0.145,16.86,0.31,Balanced
59,125711,6987.67,443065,114289,2,27,10,0.333,63.41,0.909,Aggressive
36,130090,8006.05,108963,72693,1,11,3,0.261,13.61,0.559,Balanced
35,113321,5471.23,47078,134921,0,14,6,0.421,8.6,1.191,Balanced
54,219150,8638.73,141298,106849,3,17,8,0.527,16.36,0.488,Aggressive
47,233670,14564.6,313509,123185,0,15,10,0.252,21.53,0.527,Balanced
36,221974,12658.12,75576,11900,0,31,2,0.316,5.97,0.054,Balanced
40,46465,2422.91,119971,133286,1,34,1,0.374,49.52,2.869,Balanced
71,52286,3020.44,270746,143412,1,36,10,0.307,89.64,2.743,Balanced
33,74795,2895.55,13254,147731,0,13,1,0.535,4.58,1.975,Conservative
18,191250,12537.49,430328,145759,3,18,7,0.213,34.32,0.762,Balanced
29,128139,9305.98,164935,6553,3,17,2,0.129,17.72,0.051,Balanced
41,230255,16119.9,467582,73874,2,39,9,0.16,29.01,0.321,Aggressive
51,123845,5436.69,378346,118236,2,28,10,0.473,69.59,0.955,Aggressive
70,69986,3343.6,459493,127605,0,26,4,0.427,137.42,1.823,Balanced
74,194273,12864.45,150319,124833,0,14,7,0.205,11.68,0.643,Conservative
25,194387,10971.76,441486,148307,0,37,5,0.323,40.24,0.763,Aggressive
35,95396,5178.04,181456,44143,3,11,5,0.349,35.04,0.463,Balanced
74,75178,5385.58,459386,88719,4,32,7,0.14,85.3,1.18,Conservative
65,30745,1652.07,356015,29287,2,24,9,0.355,215.5,0.953,Balanced
22,223426,11789.75,479397,107006,2,31,4,0.367,40.66,0.479,Aggressive
43,99637,3097.97,429110,94233,4,8,9,0.627,138.51,0.946,Balanced
47,156100,5049.57,323128,30657,0,39,9,0.612,63.99,0.196,Aggressive
71,249333,7357.01,256938,14746,2,8,8,0.646,34.92,0.059,Aggressive
30,68566,4869.81,305728,90067,3,31,1,0.148,62.78,1.314,Conservative
36,63722,3051.29,228227,138817,4,19,10,0.425,74.8,2.178,Aggressive
46,106623,5399.64,162665,132495,3,36,9,0.392,30.13,1.243,Balanced
20,131074,8901.7,7679,47305,0,39,3,0.185,0.86,0.361,Conservative
43,94974,5422.11,165850,143131,2,32,8,0.315,30.59,1.507,Aggressive
57,234764,13405.53,308457,24721,3,21,5,0.315,23.01,0.105,Balanced
29,104084,4450.41,216288,97895,4,23,6,0.487,48.6,0.941,Balanced
19,190951,12867.7,204015,28277,0,36,3,0.191,15.85,0.148,Balanced
28,175839,6465.11,103316,66875,2,15,7,0.559,15.98,0.38,Aggressive
61,137353,4340.72,365250,116934,2,2,2,0.621,84.14,0.851,Conservative
45,124417,4721.44,195400,145836,0,12,3,0.545,41.39,1.172,Conservative
35,88099,3650.64,116831,147953,0,38,2,0.503,32.0,1.679,Balanced
30,199729,8409.77,109764,76676,0,6,9,0.495,13.05,0.384,Aggressive
54,159570,9558.01,70442,8201,3,38,3,0.281,7.37,0.051,Conservative
39,224739,8798.6,358183,24568,1,1,8,0.53,40.71,0.109,Aggressive
29,45107,2714.55,282392,2816,2,38,6,0.278,104.03,0.062,Aggressive
19,179865,5997.34,351332,33094,3,26,1,0.6,58.58,0.184,Balanced
54,153768,5522.34,75627,82802,4,23,6,0.569,13.69,0.538,Balanced
24,73839,3875.64,272386,18055,2,1,8,0.37,70.28,0.245,Aggressive
43,109241,7802.02,3911,103306,1,21,10,0.143,0.5,0.946,Balanced
43,43397,2975.45,82502,149630,4,19,3,0.177,27.73,3.448,Conservative
41,27704,2038.12,301108,5235,2,29,7,0.117,147.74,0.189,Aggressive
29,36442,2149.36,112567,99227,1,26,6,0.292,52.37,2.723,Balanced
33,214860,12922.01,292342,147233,0,34,1,0.278,22.62,0.685,Conservative
40,149576,8647.52,124859,145619,1,17,2,0.306,14.44,0.974,Balanced
57,29765,1717.81,372060,129947,2,18,5,0.307,216.59,4.366,Balanced
26,135828,4877.54,338655,97188,1,32,7,0.569,69.43,0.716,Aggressive
49,30002,1622.75,424824,54259,2,4,4,0.351,261.79,1.809,Conservative
32,31390,1470.98,84860,120408,2,30,6,0.438,57.69,3.836,Balanced
54,195508,9667.8,333940,74881,1,31,2,0.407,34.54,0.383,Balanced
30,235554,12523.23,84202,2070,1,18,5,0.362,6.72,0.009,Aggressive
22,26641,933.81,392414,89266,4,5,10,0.579,420.23,3.351,Aggressive
28,184781,8433.99,309777,102904,4,32,3,0.452,36.73,0.557,Balanced
27,131119,4205.61,178234,33688,3,29,1,0.615,42.38,0.257,Balanced
69,190381,14101.16,193993,118170,2,12,6,0.111,13.76,0.621,Conservative
30,35624,1232.56,491143,22856,4,15,9,0.585,398.47,0.642,Aggressive
58,29966,1229.08,25680,148899,3,15,10,0.508,20.89,4.969,Balanced
70,240422,16833.77,432910,143771,2,35,8,0.16,25.72,0.598,Balanced
63,185261,9502.2,475340,101105,3,35,4,0.385,50.02,0.546,Balanced
67,91301,3230.54,144097,83695,4,14,8,0.575,44.6,0.917,Balanced
32,246830,11546.02,434390,149748,3,39,5,0.439,37.62,0.607,Balanced
59,135123,4658.67,140494,3703,1,18,3,0.586,30.16,0.027,Balanced
73,168295,6452.97,194354,97193,3,38,4,0.54,30.12,0.578,Balanced
24,98183,3097.81,473534,112501,0,22,7,0.621,152.86,1.146,Aggressive
57,24959,1229.28,378692,106015,0,38,5,0.409,308.06,4.248,Balanced
45,178329,11794.23,428562,81547,3,11,4,0.206,36.34,0.457,Balanced
49,248592,13927.02,214469,118429,0,3,3,0.328,15.4,0.476,Conservative
52,70802,4032.7,488838,86372,3,14,3,0.317,121.22,1.22,Conservative
32,238820,9161.16,368741,116947,3,25,10,0.54,40.25,0.49,Aggressive
65,144125,6475.32,329817,83082,3,14,6,0.461,50.93,0.576,Balanced
53,143795,9764.68,14416,101743,0,31,8,0.185,1.48,0.708,Conservative
38,47215,1567.23,162498,140623,2,25,4,0.602,103.69,2.978,Balanced
23,75046,5139.79,43441,106234,3,19,1,0.178,8.45,1.416,Conservative
18,114593,5882.72,60794,18609,3,12,4,0.384,10.33,0.162,Aggressive
21,185166,12505.36,20184,92672,1,7,5,0.19,1.61,0.5,Conservative
28,189741,8299.64,364952,69208,1,14,8,0.475,43.97,0.365,Aggressive
61,187198,8367.18,148538,133232,4,29,7,0.464,17.75,0.712,Balanced
43,99036,6300.2,245577,129567,0,14,2,0.237,38.98,1.308,Conservative
54,129864,8460.08,484287,132869,2,23,9,0.218,57.24,1.023,Balanced
40,140333,5570.1,189051,94248,3,14,3,0.524,33.94,0.672,Conservative
46,36772,2712.18,207276,142243,3,23,9,0.115,76.42,3.868,Balanced
38,199658,6596.53,452037,91302,0,8,1,0.604,68.53,0.457,Balanced
65,71943,2324.22,336655,73429,4,13,9,0.612,144.85,1.021,Balanced
62,88868,5017.54,93509,20792,4,36,7,0.322,18.64,0.234,Balanced
62,69855,4351.43,297810,133002,1,1,2,0.252,68.44,1.904,Conservative
66,173290,12686.09,53764,146777,0,37,10,0.122,4.24,0.847,Balanced
44,121124,5780.85,231114,62594,4,26,7,0.427,39.98,0.517,Aggressive
56,232080,7038.02,3966,47,4,4,1,0.636,0.56,0.0,Conservative
57,77205,4385.2,284546,133,2,16,3,0.318,64.89,0.002,Balanced
30,156031,6622.64,60305,11238,1,25,7,0.491,9.11,0.072,Aggressive
40,234051,11470.86,399079,35132,1,19,3,0.412,34.79,0.15,Balanced
33,196206,10115.37,364114,101813,1,20,2,0.381,36.0,0.519,Balanced
47,45874,1473.63,258156,111663,4,26,5,0.615,175.18,2.434,Balanced
21,151007,7767.93,59897,56305,3,32,3,0.383,7.71,0.373,Balanced
57,21301,1037.49,492799,53246,4,3,9,0.416,474.99,2.5,Balanced
33,78017,4823.4,264778,51689,4,7,7,0.258,54.89,0.663,Conservative
48,63319,3720.6,379568,35239,0,32,1,0.295,102.02,0.557,Conservative
70,240688,9063.28,65626,67970,1,5,1,0.548,7.24,0.282,Conservative
59,237291,9162.92,444507,81559,1,21,6,0.537,48.51,0.344,Balanced
42,246264,10015.83,304023,127019,2,30,4,0.512,30.35,0.516,Aggressive
61,42455,1586.48,354582,91922,1,20,1,0.552,223.5,2.165,Conservative
29,155184,9200.69,224822,87601,4,29,9,0.289,24.44,0.564,Aggressive
43,77033,5757.81,86109,120632,0,24,2,0.103,14.96,1.566,Conservative
54,209432,12368.0,473835,44014,2,1,1,0.291,38.31,0.21,Conservative
65,233490,13302.6,300367,15665,4,25,3,0.316,22.58,0.067,Balanced
50,183217,8786.18,172738,40542,4,27,10,0.425,19.66,0.221,Aggressive
45,126924,5520.34,89792,86769,2,25,1,0.478,16.27,0.684,Conservative
26,52735,3740.19,85810,23481,4,21,4,0.149,22.94,0.445,Balanced
29,92781,6826.76,351814,70558,4,17,4,0.117,51.53,0.76,Balanced
22,146031,7584.2,228251,46954,0,28,6,0.377,30.1,0.322,Aggressive
71,148305,6298.15,7749,120156,0,32,3,0.49,1.23,0.81,Conservative
69,218713,14099.1,490520,106243,0,34,9,0.226,34.79,0.486,Balanced
71,128049,4512.14,4296,9145,1,22,6,0.577,0.95,0.071,Balanced
45,172783,11102.37,412634,60835,2,19,7,0.229,37.17,0.352,Balanced
73,25630,1709.57,19064,125622,0,8,6,0.2,11.15,4.901,Conservative
52,85488,2982.8,489964,65506,4,2,9,0.581,164.26,0.766,Balanced
22,154278,11407.24,94822,43064,1,5,2,0.113,8.31,0.279,Balanced
51,76289,5671.02,212420,22954,2,28,8,0.108,37.46,0.301,Aggressive
63,38953,2808.5,119415,96872,0,4,5,0.135,42.52,2.487,Conservative
51,120932,6276.56,92009,109120,0,36,2,0.377,14.66,0.902,Conservative
30,161140,6517.32,389773,92221,2,1,7,0.515,59.81,0.572,Balanced
56,98930,5524.46,210315,6574,0,15,5,0.33,38.07,0.066,Balanced
59,206988,10021.04,460698,32381,2,13,8,0.419,45.97,0.156,Aggressive
62,21067,813.31,198059,5331,2,31,10,0.537,243.52,0.253,Aggressive
65,70658,3432.93,315817,30412,4,17,6,0.417,92.0,0.43,Balanced
31,72165,4300.67,392473,83857,2,6,7,0.285,91.26,1.162,Balanced
28,100781,3267.0,251745,111132,3,24,1,0.611,77.06,1.103,Balanced
59,160931,7153.11,460969,17458,0,13,2,0.467,64.44,0.108,Balanced
55,49164,1474.05,447110,14058,4,21,9,0.64,303.32,0.286,Aggressive
21,124946,7936.39,381137,35165,1,24,7,0.238,48.02,0.281,Aggressive
70,231985,13578.47,497933,58425,3,22,7,0.298,36.67,0.252,Balanced
50,147580,4728.34,142962,418,2,29,4,0.616,30.24,0.003,Aggressive
24,119251,8751.09,57127,82559,1,24,4,0.119,6.53,0.692,Balanced
73,40773,1231.49,218302,51236,1,12,3,0.638,177.27,1.257,Conservative
58,208367,11711.59,474729,37357,1,20,10,0.326,40.53,0.179,Aggressive
25,53939,3492.56,477232,82278,1,34,4,0.223,136.64,1.525,Balanced
54,199671,13034.24,162522,83723,4,15,10,0.217,12.47,0.419,Balanced
68,157186,4831.59,465846,113290,4,4,6,0.631,96.42,0.721,Conservative
27,118475,8377.45,456679,49690,1,14,3,0.151,54.51,0.419,Balanced
60,32818,2338.69,176265,69975,3,1,10,0.145,75.37,2.132,Conservative
74,29335,1610.41,151172,56040,0,33,8,0.341,93.87,1.91,Balanced
32,75008,3845.07,468350,140977,0,29,1,0.385,121.81,1.879,Balanced
55,91745,2864.56,456802,92179,4,10,6,0.625,159.47,1.005,Balanced
32,194220,10667.13,77978,26926,3,36,2,0.341,7.31,0.139,Balanced
22,23577,1130.04,14512,44228,3,14,1,0.425,12.84,1.876,Balanced
46,93916,6065.75,424418,31046,2,22,4,0.225,69.97,0.331,Balanced
36,155148,7397.15,242126,135743,4,33,6,0.428,32.73,0.875,Balanced
71,183997,11131.35,310820,114419,3,28,7,0.274,27.92,0.622,Conservative
68,202941,6862.36,272990,50187,3,7,1,0.594,39.78,0.247,Conservative
27,79314,2796.64,408144,106856,0,36,3,0.577,145.94,1.347,Balanced
29,61205,2177.06,268399,117507,3,36,6,0.573,123.28,1.92,Balanced
71,162167,5068.25,6783,24871,3,34,6,0.625,1.34,0.153,Conservative
21,133583,7210.49,311680,66962,1,37,10,0.352,43.23,0.501,Aggressive
48,104715,6864.79,132909,112362,0,6,6,0.213,19.36,1.073,Conservative
35,76680,4381.79,389630,64140,0,35,7,0.314,88.92,0.836,Balanced
33,48400,2687.11,109491,29171,1,27,7,0.334,40.75,0.603,Balanced
57,235369,14207.33,453502,56745,0,30,10,0.276,31.92,0.241,Aggressive
53,127345,5696.62,63468,81772,2,32,8,0.463,11.14,0.642,Aggressive
42,218418,9993.98,414573,33835,2,19,2,0.451,41.48,0.155,Balanced
40,107110,4666.86,222044,66668,4,22,10,0.477,47.58,0.622,Aggressive
29,140120,8660.12,105630,128738,0,21,1,0.258,12.2,0.919,Balanced
51,48562,1776.16,28140,138684,0,5,10,0.561,15.84,2.856,Balanced
53,191735,5706.74,432151,97360,2,21,7,0.643,75.73,0.508,Balanced
54,38510,2175.52,373877,9433,4,20,1,0.322,171.86,0.245,Balanced
20,81608,5905.09,16714,132018,4,38,2,0.132,2.83,1.618,Conservative
26,223561,12764.86,173104,1615,2,31,1,0.315,13.56,0.007,Aggressive
70,72182,4695.48,289175,78387,2,37,1,0.219,61.59,1.086,Conservative
35,238739,14325.03,205121,73790,1,6,3,0.28,14.32,0.309,Conservative
60,46883,2436.31,298456,87635,4,31,4,0.376,122.5,1.869,Balanced
52,222499,13815.63,321572,33161,4,24,5,0.255,23.28,0.149,Balanced
74,186916,12511.8,202126,75229,1,18,5,0.197,16.15,0.402,Balanced
72,169800,6701.47,326527,131460,2,29,2,0.526,48.72,0.774,Conservative
51,249995,11142.94,84653,101801,1,12,3,0.465,7.6,0.407,Balanced
58,31094,1225.75,224976,79437,1,12,8,0.527,183.54,2.555,Balanced
31,153479,7657.26,120825,73205,3,29,2,0.401,15.78,0.477,Balanced
21,206484,14398.57,368415,100875,4,7,4,0.163,25.59,0.489,Balanced
46,32644,1468.61,183970,60816,2,16,7,0.46,125.27,1.863,Balanced
58,105834,4903.26,43274,92096,3,12,9,0.444,8.83,0.87,Balanced
62,128982,8848.19,424806,45241,3,21,3,0.177,48.01,0.351,Conservative
67,211818,11181.45,37309,123684,3,4,3,0.367,3.34,0.584,Conservative
32,72748,3907.16,330069,115397,2,17,7,0.356,84.48,1.586,Balanced
45,79021,5422.43,417776,128167,1,28,8,0.177,77.05,1.622,Balanced
59,82651,4268.85,10591,34198,2,31,4,0.38,2.48,0.414,Balanced
33,56807,3431.41,439999,145381,4,8,1,0.275,128.23,2.559,Conservative
29,185144,6126.79,412755,147248,4,26,5,0.603,67.37,0.795,Balanced
69,189470,7077.45,43789,112932,1,31,4,0.552,6.19,0.596,Balanced
22,48669,2321.54,4218,97679,2,19,8,0.428,1.82,2.007,Balanced
51,181233,9396.35,153491,149494,1,7,7,0.378,16.34,0.825,Balanced
59,158354,11627.85,435732,20517,1,5,2,0.119,37.47,0.13,Conservative
18,46539,3427.82,337878,54503,2,13,6,0.116,98.57,1.171,Balanced
56,154379,10525.54,244359,28514,4,18,4,0.182,23.22,0.185,Balanced
49,37745,1646.88,297042,133287,2,18,7,0.476,180.37,3.531,Balanced
43,190505,13973.79,284088,16486,4,20,9,0.12,20.33,0.087,Aggressive
34,54555,3314.84,214483,90256,0,23,7,0.271,64.7,1.654,Balanced
65,152145,7177.66,310695,74482,0,36,2,0.434,43.29,0.49,Balanced
44,52683,3230.88,234466,12249,0,33,8,0.264,72.57,0.233,Aggressive
41,45741,1368.75,386717,39064,3,7,6,0.641,282.53,0.854,Balanced
52,173358,6217.56,269510,121253,4,5,9,0.57,43.35,0.699,Balanced
63,23599,1585.71,487796,77437,4,32,7,0.194,307.62,3.281,Conservative
59,148513,8725.95,386226,46783,2,9,5,0.295,44.26,0.315,Balanced
71,47293,2168.81,128879,42271,4,30,8,0.45,59.42,0.894,Balanced
56,35389,1844.26,464173,55142,2,32,7,0.375,251.69,1.558,Balanced
43,32318,2283.34,248741,60683,3,39,1,0.152,108.94,1.878,Conservative
66,199947,11619.72,177685,93806,2,4,5,0.303,15.29,0.469,Conservative
55,23055,1093.16,42022,104526,0,25,7,0.431,38.44,4.534,Balanced
40,141164,4895.8,327787,60791,2,22,10,0.584,66.95,0.431,Aggressive
39,102579,4372.95,295403,3668,2,8,7,0.488,67.55,0.036,Aggressive
21,157392,11648.15,285309,50767,2,2,3,0.112,24.49,0.323,Conservative
66,124817,6142.55,353122,41739,4,37,5,0.409,57.49,0.334,Balanced
26,24642,1251.63,203357,122243,1,35,8,0.39,162.47,4.961,Aggressive
21,243766,12680.48,460045,35166,1,37,9,0.376,36.28,0.144,Aggressive
24,29321,2043.32,28179,142268,1,22,9,0.164,13.79,4.852,Aggressive
40,99968,5682.85,54383,149786,4,1,10,0.318,9.57,1.498,Balanced
19,239365,14591.74,342173,53028,0,39,5,0.268,23.45,0.222,Aggressive
66,210690,9905.55,493006,129649,1,33,2,0.436,49.77,0.615,Conservative
41,122770,3744.47,353713,64631,1,4,8,0.634,94.46,0.526,Aggressive
57,177116,12723.35,69631,100420,3,9,7,0.138,5.47,0.567,Conservative
72,173043,12574.75,48795,43281,3,8,4,0.128,3.88,0.25,Conservative
48,129762,9429.74,443722,49711,0,22,5,0.128,47.06,0.383,Balanced
64,134183,9717.4,178753,70977,2,21,10,0.131,18.4,0.529,Balanced
48,137159,9125.45,182293,91497,2,28,10,0.202,19.98,0.667,Balanced
64,45727,2768.49,264900,10146,3,37,2,0.273,95.68,0.222,Conservative
57,173631,11784.92,274745,98802,3,2,9,0.186,23.31,0.569,Balanced
65,93820,5318.82,440206,55499,0,17,6,0.32,82.76,0.592,Balanced
68,129062,4559.15,53755,16313,0,31,9,0.576,11.79,0.126,Aggressive
60,234273,11033.67,95444,27398,4,13,8,0.435,8.65,0.117,Aggressive
51,47476,3498.24,490198,124518,2,18,1,0.116,140.13,2.623,Conservative
72,213755,9674.65,371362,140396,4,24,9,0.457,38.39,0.657,Balanced
41,162063,11172.97,168516,138504,1,31,9,0.173,15.08,0.855,Aggressive
66,236169,7897.22,73997,20867,0,33,4,0.599,9.37,0.088,Balanced
43,140355,6243.47,278060,30971,2,31,1,0.466,44.54,0.221,Balanced
33,90047,4074.81,431738,112627,2,27,4,0.457,105.95,1.251,Balanced
74,161868,5103.99,8929,50759,4,36,6,0.622,1.75,0.314,Conservative
64,23881,826.88,145355,122243,3,21,4,0.584,175.79,5.119,Balanced
30,35668,1356.1,61132,91827,3,5,9,0.544,45.08,2.574,Balanced
32,185384,12525.76,286934,110455,0,11,4,0.189,22.91,0.596,Balanced
44,48106,1542.88,456205,30291,3,34,10,0.615,295.68,0.63,Aggressive
21,243830,10449.85,389806,148224,1,34,8,0.486,37.3,0.608,Aggressive
33,35729,1058.76,317797,129216,2,3,2,0.644,300.16,3.617,Conservative
47,149354,9118.0,373865,65674,3,6,7,0.267,41.0,0.44,Conservative
61,90320,5202.18,297144,49372,0,20,8,0.309,57.12,0.547,Aggressive
47,74913,4399.52,44521,51539,1,4,6,0.295,10.12,0.688,Conservative
53,208098,9640.32,99618,2525,4,37,10,0.444,10.33,0.012,Aggressive
20,79402,3073.83,357465,119742,4,39,6,0.535,116.29,1.508,Balanced
39,141649,8807.93,105839,9637,1,7,8,0.254,12.02,0.068,Aggressive
66,123930,8221.88,460438,48324,0,17,3,0.204,56.0,0.39,Conservative
39,188354,6690.19,57233,56108,4,38,2,0.574,8.55,0.298,Balanced
67,225710,11619.48,477861,34377,2,36,9,0.382,41.13,0.152,Aggressive
74,189290,7678.76,140748,80069,2,34,8,0.513,18.33,0.423,Aggressive
67,169022,6232.11,91409,111875,0,6,10,0.558,14.67,0.662,Balanced
72,79739,5009.46,97991,114886,0,39,5,0.246,19.56,1.441,Conservative
66,24507,1319.2,415273,60207,2,2,5,0.354,314.79,2.457,Conservative
29,197375,7712.46,356918,22368,0,18,6,0.531,46.28,0.113,Aggressive
72,122552,5315.69,222227,25736,1,27,6,0.479,41.81,0.21,Balanced
38,99059,7278.03,448750,17753,0,39,2,0.118,61.66,0.179,Balanced
73,175739,11961.58,82939,134643,2,19,7,0.183,6.93,0.766,Conservative
21,155064,10776.57,273382,26798,3,32,3,0.166,25.37,0.173,Balanced
48,150514,7563.41,5541,101844,0,24,8,0.397,0.73,0.677,Balanced
61,224635,12974.43,51106,76595,4,34,9,0.307,3.94,0.341,Balanced
48,107680,5000.14,482506,92539,1,25,3,0.443,96.5,0.859,Conservative
40,45530,1490.13,187937,140128,1,24,6,0.607,126.12,3.078,Balanced
71,35305,1678.72,303171,63279,1,25,8,0.429,180.6,1.792,Balanced
70,129097,7279.88,271894,18564,4,12,6,0.323,37.35,0.144,Balanced
37,203201,8600.98,354992,142292,4,30,10,0.492,41.27,0.7,Aggressive
32,238339,16214.46,157260,11290,1,6,3,0.184,9.7,0.047,Balanced
40,237281,8563.97,151362,20018,1,30,4,0.567,17.67,0.084,Aggressive
45,249905,11493.98,263590,55138,1,33,9,0.448,22.93,0.221,Aggressive
33,72044,2513.72,299442,82155,0,15,1,0.581,119.12,1.14,Balanced
54,242450,11570.07,336507,81567,4,29,4,0.427,29.08,0.336,Balanced
38,150436,4661.18,125973,9006,2,14,10,0.628,27.03,0.06,Aggressive
32,109363,4555.9,247052,15908,0,25,1,0.5,54.23,0.145,Balanced
34,78817,3746.46,132708,71165,2,5,8,0.43,35.42,0.903,Aggressive
67,123038,6285.1,163487,84406,0,2,7,0.387,26.01,0.686,Conservative
54,66666,3605.7,223046,149121,0,16,7,0.351,61.86,2.237,Balanced
30,177245,7403.6,328734,141899,2,39,2,0.499,44.4,0.801,Balanced
36,38909,2067.6,417137,69522,1,38,10,0.362,201.75,1.787,Aggressive
47,215039,11288.7,472485,40954,2,17,6,0.37,41.85,0.19,Balanced
62,182079,7949.23,453632,67359,3,31,8,0.476,57.07,0.37,Aggressive
35,164057,11027.5,31393,54980,4,1,8,0.193,2.85,0.335,Conservative
31,42525,2303.8,64624,87256,3,6,5,0.35,28.05,2.052,Balanced
53,132293,5873.24,36671,86008,0,31,8,0.467,6.24,0.65,Aggressive
53,121046,8786.29,150210,131682,2,6,2,0.129,17.1,1.088,Conservative
37,57403,3897.72,378698,142956,1,36,4,0.185,97.16,2.49,Balanced
69,188265,13969.63,198056,126446,1,8,10,0.11,14.18,0.672,Balanced
36,154902,9432.61,229810,103249,3,29,2,0.269,24.36,0.667,Conservative
62,207216,9635.93,434779,11018,3,9,5,0.442,45.12,0.053,Balanced
61,151605,6373.39,24693,36599,0,22,3,0.496,3.87,0.241,Balanced
24,172018,10246.89,335387,118557,4,10,6,0.285,32.73,0.689,Balanced
74,43504,3224.55,271882,111694,0,24,7,0.111,84.32,2.567,Conservative
61,130551,7557.74,401135,48071,1,2,6,0.305,53.08,0.368,Conservative
70,75715,5267.8,20910,12394,2,20,2,0.165,3.97,0.164,Conservative
21,179327,7935.32,137528,14417,3,17,2,0.469,17.33,0.08,Balanced
51,207513,9923.01,342805,27849,1,33,4,0.426,34.55,0.134,Aggressive
19,56855,4019.89,24253,35207,0,14,7,0.152,6.03,0.619,Balanced
22,61721,3941.28,73358,124947,4,32,8,0.234,18.61,2.024,Aggressive
72,131597,9757.65,330794,146187,2,37,5,0.11,33.9,1.111,Conservative
27,192922,12477.56,241399,49021,4,24,10,0.224,19.35,0.254,Aggressive
49,120659,5999.6,419255,127627,0,20,1,0.403,69.88,1.058,Conservative
59,54723,2928.08,200379,115159,0,6,9,0.358,68.43,2.104,Balanced
58,186811,13159.02,9529,64079,1,33,8,0.155,0.72,0.343,Balanced
30,25539,1390.61,57036,89979,2,28,1,0.347,41.02,3.523,Balanced
56,224101,9159.54,387982,36533,0,11,9,0.51,42.36,0.163,Aggressive
22,215581,10592.05,333858,122514,1,36,5,0.41,31.52,0.568,Aggressive
27,136360,7204.06,247141,89832,0,20,8,0.366,34.31,0.659,Aggressive
27,121140,4070.26,478824,79283,1,6,10,0.597,117.64,0.654,Aggressive
55,172383,10904.22,310633,83093,4,8,10,0.241,28.49,0.482,Balanced
44,89180,3048.06,357275,130798,1,19,2,0.59,117.21,1.467,Balanced
68,136985,6537.66,81607,46963,4,15,7,0.427,12.48,0.343,Balanced
38,105981,6999.54,174734,31034,3,22,9,0.207,24.96,0.293,Aggressive
25,55934,2830.09,151290,14143,0,2,7,0.393,53.46,0.253,Balanced
18,160583,10880.95,344046,119057,3,28,9,0.187,31.62,0.741,Aggressive
45,151255,6781.7,395914,93415,2,36,4,0.462,58.38,0.618,Balanced
66,29475,2153.39,272051,69662,3,36,5,0.123,126.34,2.363,Conservative
56,235838,9142.8,206180,71721,1,18,7,0.535,22.55,0.304,Balanced
31,214202,6623.22,214246,114938,1,12,1,0.629,32.35,0.537,Balanced
38,79577,5502.98,136789,130557,2,19,2,0.17,24.86,1.641,Conservative
47,46008,2928.07,490512,95203,2,26,2,0.236,167.52,2.069,Conservative
38,227940,9071.84,369840,73993,0,25,10,0.522,40.77,0.325,Aggressive
66,199013,14786.8,76447,147014,1,28,9,0.108,5.17,0.739,Balanced
26,62756,3275.1,295782,112022,2,15,3,0.374,90.31,1.785,Balanced
34,221330,16103.34,35000,67659,3,10,9,0.127,2.17,0.306,Balanced
22,100730,5269.57,5759,17894,1,39,1,0.372,1.09,0.178,Balanced
74,243239,12355.14,488836,102156,2,34,3,0.39,39.57,0.42,Balanced
48,178984,8904.84,80152,36190,0,13,10,0.403,9.0,0.202,Aggressive
69,102702,4571.79,50453,8431,4,16,2,0.466,11.04,0.082,Conservative
57,201731,10818.43,23283,101311,1,31,2,0.356,2.15,0.502,Conservative
55,66840,3335.9,42449,144985,1,1,1,0.401,12.72,2.169,Conservative
60,232584,7175.43,414871,14860,1,23,6,0.63,57.82,0.064,Balanced
36,58623,2409.6,32889,32924,1,14,5,0.507,13.65,0.562,Aggressive
53,83303,3243.39,187731,104646,4,39,5,0.533,57.88,1.256,Balanced
67,66062,4553.27,426899,95231,4,30,9,0.173,93.76,1.442,Balanced
50,76690,4341.79,293692,73134,0,20,6,0.321,67.64,0.954,Balanced
30,228654,14672.45,425837,116707,1,25,9,0.23,29.02,0.51,Aggressive
31,118980,8688.06,290185,54389,2,11,4,0.124,33.4,0.457,Balanced
73,174706,10252.64,36605,108182,3,26,7,0.296,3.57,0.619,Conservative
50,155162,11513.48,126992,106227,1,21,4,0.11,11.03,0.685,Balanced
46,65266,2836.19,415358,86090,4,5,1,0.479,146.45,1.319,Conservative
60,181080,6827.42,106831,54199,0,7,4,0.548,15.65,0.299,Balanced
66,107643,5129.37,431541,31444,1,12,2,0.428,84.13,0.292,Balanced
53,78704,3993.83,367915,18798,0,2,5,0.391,92.12,0.239,Balanced
61,213938,15019.32,231496,60147,2,39,2,0.158,15.41,0.281,Conservative
27,137374,7532.3,452595,142513,2,21,2,0.342,60.09,1.037,Balanced
48,28382,1207.89,422636,62942,2,32,4,0.489,349.9,2.218,Balanced
23,198846,12567.88,186706,32860,2,5,7,0.242,14.86,0.165,Balanced
74,225642,11812.5,172333,113605,3,27,3,0.372,14.59,0.503,Conservative
18,225134,8239.39,52444,120931,0,31,7,0.561,6.37,0.537,Aggressive
24,109609,6094.73,31527,12468,1,12,9,0.333,5.17,0.114,Aggressive
44,66698,4731.48,123952,58014,3,36,3,0.149,26.2,0.87,Conservative
38,21110,1430.98,489732,90343,1,21,4,0.187,342.24,4.28,Balanced
45,135266,7583.3,204494,17986,4,19,1,0.327,26.97,0.133,Balanced
33,233053,10825.23,365841,35719,3,3,7,0.443,33.8,0.153,Balanced
73,151458,5021.32,153052,59116,3,17,1,0.602,30.48,0.39,Conservative
63,209585,10624.33,169196,75794,4,30,3,0.392,15.93,0.362,Conservative
40,235192,14966.91,69691,132382,3,36,9,0.236,4.66,0.563,Aggressive
69,67801,3097.1,353048,96462,0,9,5,0.452,113.99,1.423,Conservative
37,134012,5354.85,49528,63798,2,34,10,0.521,9.25,0.476,Aggressive
55,116085,8341.28,490381,82078,1,29,10,0.138,58.79,0.707,Balanced
71,222929,14896.41,53945,20162,4,10,2,0.198,3.62,0.09,Conservative
42,241048,14082.26,82499,116274,2,9,9,0.299,5.86,0.482,Balanced
45,51566,1827.29,489332,16761,3,11,6,0.575,267.79,0.325,Balanced
22,183593,6574.16,307836,19679,0,19,9,0.57,46.83,0.107,Aggressive
73,43798,1484.65,332488,74441,3,22,4,0.593,223.95,1.7,Balanced
38,164637,9452.4,149818,143451,4,22,6,0.311,15.85,0.871,Balanced
35,43027,1482.85,427102,47770,3,16,7,0.586,288.03,1.11,Balanced
64,248703,16858.85,50611,59567,0,17,6,0.187,3.0,0.24,Balanced
23,25631,1914.06,208578,144493,3,7,4,0.104,108.97,5.637,Balanced
74,240937,11072.89,118923,94183,3,31,8,0.449,10.74,0.391,Aggressive
46,76878,3840.81,441976,48938,3,4,6,0.4,115.07,0.637,Conservative
36,65206,4028.74,172454,10974,3,29,2,0.259,42.81,0.168,Balanced
50,123473,8904.81,60057,123617,0,7,6,0.135,6.74,1.001,Conservative
18,209654,14706.38,454634,2500,1,30,1,0.158,30.91,0.012,Balanced
62,78334,2491.51,143760,60490,2,3,9,0.618,57.7,0.772,Balanced
20,92323,3408.18,273313,73649,4,25,10,0.557,80.19,0.798,Aggressive
59,73619,4693.39,405159,93116,1,34,7,0.235,86.33,1.265,Balanced
38,123536,7503.69,117356,112742,0,33,8,0.271,15.64,0.913,Aggressive
52,177947,6276.64,282273,96296,4,31,4,0.577,44.97,0.541,Balanced
58,175586,9161.72,420670,122189,4,24,8,0.374,45.92,0.696,Balanced
57,173652,11279.39,269879,142877,3,38,1,0.221,23.93,0.823,Conservative
20,236899,9285.05,75950,108025,2,4,4,0.53,8.18,0.456,Balanced
42,155360,10735.48,181885,122098,2,10,6,0.171,16.94,0.786,Balanced
62,26734,844.65,43349,7731,0,25,10,0.621,51.32,0.289,Aggressive
55,234072,15218.72,313836,107197,1,37,7,0.22,20.62,0.458,Balanced
62,59008,3386.57,225655,95310,3,1,3,0.311,66.63,1.615,Conservative
72,69349,3024.54,376615,100788,2,17,10,0.477,124.52,1.453,Balanced
37,158886,9884.2,12093,105932,3,7,10,0.253,1.22,0.667,Conservative
69,194226,12629.56,41428,11460,1,14,2,0.22,3.28,0.059,Conservative
61,158923,11437.75,28385,11294,4,1,9,0.136,2.48,0.071,Conservative
62,144478,6649.31,55301,10059,1,6,1,0.448,8.32,0.07,Conservative
51,152672,9253.31,403007,110621,4,39,10,0.273,43.55,0.725,Balanced
38,76614,4350.65,176550,7817,1,10,1,0.319,40.58,0.102,Balanced
73,223474,11897.45,188042,93917,3,21,10,0.361,15.81,0.42,Aggressive
72,23692,1657.91,457823,134105,1,3,2,0.16,276.15,5.66,Conservative
65,146745,4301.37,387212,12971,2,19,5,0.648,90.02,0.088,Balanced
40,209099,8802.4,384815,19731,2,28,1,0.495,43.72,0.094,Balanced
23,40373,2173.59,70168,131083,0,2,6,0.354,32.28,3.247,Balanced
68,249708,9323.71,228791,75244,2,27,8,0.552,24.54,0.301,Aggressive
70,213877,15137.62,132416,149076,2,32,10,0.151,8.75,0.697,Balanced
30,132413,7792.25,55429,22537,4,12,2,0.294,7.11,0.17,Balanced
66,231455,11820.32,294513,24836,3,1,5,0.387,24.92,0.107,Conservative
40,34507,2294.96,228624,139583,3,29,3,0.202,99.62,4.045,Conservative
26,82931,4132.64,297055,143545,4,9,2,0.402,71.88,1.731,Conservative
34,95499,5230.63,322321,10468,2,18,6,0.343,61.62,0.11,Aggressive
19,222714,6523.91,165603,100231,1,36,1,0.648,25.38,0.45,Balanced
36,223941,10285.15,298346,55965,4,16,8,0.449,29.01,0.25,Aggressive
36,134362,4773.6,389209,88898,3,35,6,0.574,81.53,0.662,Balanced
73,117449,7138.24,23023,86036,0,36,4,0.271,3.23,0.733,Conservative
24,116819,5972.03,368122,131087,3,4,5,0.387,61.64,1.122,Balanced
71,59423,2555.02,492235,15986,1,35,2,0.484,192.65,0.269,Balanced
59,123612,6255.88,5276,2345,3,19,8,0.393,0.84,0.019,Balanced
59,246423,9554.98,323645,8450,4,6,6,0.535,33.87,0.034,Balanced
37,106120,7594.63,412440,146421,0,31,6,0.141,54.31,1.38,Balanced
26,137409,4347.68,188430,66599,3,27,3,0.62,43.34,0.485,Balanced
34,110918,7634.66,145672,16659,4,3,1,0.174,19.08,0.15,Conservative
44,86600,4555.5,42967,43751,4,36,8,0.369,9.43,0.505,Aggressive
64,61848,3558.43,444958,80476,4,36,7,0.31,125.04,1.301,Balanced
19,26820,1154.23,323366,69118,0,2,1,0.484,280.16,2.577,Conservative
53,28512,2094.88,99920,8066,4,37,8,0.118,47.7,0.283,Aggressive
36,187797,7903.41,499770,78772,0,15,10,0.495,63.23,0.419,Aggressive
34,71534,4017.13,374528,66015,1,37,2,0.326,93.23,0.923,Balanced
22,236223,17645.45,79968,93706,1,23,8,0.104,4.53,0.397,Aggressive
56,145191,10098.06,153290,144792,1,6,5,0.165,15.18,0.997,Conservative
35,190848,10257.78,177586,113713,4,33,8,0.355,17.31,0.596,Aggressive
70,80945,6035.16,379493,27400,0,5,6,0.105,62.88,0.339,Conservative
71,103420,6340.97,151212,84012,1,21,2,0.264,23.85,0.812,Conservative
24,198527,7689.37,322956,115517,2,28,7,0.535,42.0,0.582,Aggressive
34,103488,4942.22,108144,26510,1,21,6,0.427,21.88,0.256,Aggressive
56,203505,9055.49,20060,117388,4,24,4,0.466,2.22,0.577,Conservative
53,29711,1335.03,400096,106639,2,28,9,0.461,299.69,3.589,Aggressive
57,210334,13465.78,48256,119618,3,11,4,0.232,3.58,0.569,Conservative
62,106009,5930.71,260376,19188,2,22,1,0.329,43.9,0.181,Balanced
21,234857,7260.04,357009,108382,3,34,3,0.629,49.17,0.461,Balanced
55,29597,2053.53,30079,7990,2,37,8,0.167,14.65,0.27,Aggressive
42,80067,3424.45,96236,121024,0,17,3,0.487,28.1,1.512,Balanced
22,238592,17862.41,130484,140047,2,15,7,0.102,7.3,0.587,Balanced
47,68022,4958.83,347909,120704,1,29,1,0.125,70.16,1.774,Conservative
29,232996,16839.63,160109,4273,3,34,4,0.133,9.51,0.018,Aggressive
21,132673,8801.97,253256,71997,3,22,4,0.204,28.77,0.543,Balanced
41,169854,6671.54,239208,40326,1,27,9,0.529,35.85,0.237,Aggressive
46,71782,3846.01,380265,51350,0,38,1,0.357,98.87,0.715,Conservative
26,223216,8805.25,90161,93630,2,15,9,0.527,10.24,0.419,Aggressive
21,249723,10255.74,137227,139804,0,21,10,0.507,13.38,0.56,Aggressive
68,206085,11781.6,453167,72911,1,4,8,0.314,38.46,0.354,Balanced
41,130716,4057.19,199556,13660,2,18,10,0.628,49.19,0.105,Aggressive
31,138030,10159.03,342365,125189,1,7,6,0.117,33.7,0.907,Balanced
22,92036,6559.64,148783,55020,3,16,4,0.145,22.68,0.598,Balanced
35,55342,2579.96,153852,108223,3,35,6,0.441,59.63,1.956,Balanced
59,105745,5582.3,34471,146979,3,12,6,0.367,6.18,1.39,Balanced
74,172049,8693.72,388827,99731,4,7,2,0.394,44.73,0.58,Conservative
36,77396,5386.83,105423,85430,4,10,7,0.165,19.57,1.104,Balanced
29,134836,8188.26,7298,129060,3,1,9,0.271,0.89,0.957,Conservative
35,126998,5322.92,17728,99941,4,12,8,0.497,3.33,0.787,Balanced
34,70021,3476.32,167311,119264,4,27,3,0.404,48.13,1.703,Balanced
47,220129,10748.37,231144,4677,1,28,8,0.414,21.51,0.021,Aggressive
41,150672,11019.58,442436,120213,2,18,4,0.122,40.15,0.798,Balanced
28,138559,5154.64,95345,46548,3,1,10,0.554,18.5,0.336,Aggressive
52,86836,2889.23,201852,7122,4,23,1,0.601,69.86,0.082,Balanced
40,178147,12386.27,41003,50794,1,39,3,0.166,3.31,0.285,Balanced
34,240587,16904.79,277192,132366,1,17,1,0.157,16.4,0.55,Balanced
18,181874,12571.38,108625,112993,2,1,5,0.171,8.64,0.621,Conservative
32,228833,12033.51,131442,48070,1,38,10,0.369,10.92,0.21,Aggressive
49,97017,5763.29,462782,139627,0,4,9,0.287,80.3,1.439,Conservative
26,237825,13077.4,169425,2116,0,15,7,0.34,12.96,0.009,Aggressive
32,206894,6692.96,75031,141619,3,21,3,0.612,11.21,0.685,Balanced
45,202675,11446.23,287347,143782,2,21,7,0.322,25.1,0.709,Balanced
41,122689,3654.98,419243,129242,0,22,8,0.643,114.7,1.053,Aggressive
52,100291,4419.01,232140,38807,2,14,4,0.471,52.53,0.387,Balanced
39,110450,7941.0,97466,105704,3,35,3,0.137,12.27,0.957,Conservative
44,186664,8045.61,66055,31086,1,4,2,0.483,8.21,0.167,Balanced
36,76006,5490.83,192554,96091,1,35,8,0.133,35.07,1.264,Aggressive
62,177341,7205.57,51433,35310,1,32,3,0.512,7.14,0.199,Balanced
29,124268,5416.11,454894,39488,0,28,7,0.477,83.99,0.318,Aggressive
37,70138,4065.81,60975,53172,2,12,2,0.304,15.0,0.758,Balanced
18,82398,5279.62,439446,1172,0,30,5,0.231,83.23,0.014,Aggressive
38,241163,12575.91,23741,124664,4,9,5,0.374,1.89,0.517,Conservative
66,170946,11897.32,382166,39806,2,19,9,0.165,32.12,0.233,Balanced
62,77228,2394.92,335476,87515,3,16,8,0.628,140.08,1.133,Balanced
18,82670,5905.44,213441,53826,0,30,8,0.143,36.14,0.651,Aggressive
27,145613,5557.19,173088,80221,1,1,10,0.542,31.15,0.551,Aggressive
64,122071,8507.65,281272,122426,1,23,2,0.164,33.06,1.003,Conservative
49,130572,6207.34,282011,26738,1,12,2,0.43,45.43,0.205,Balanced
56,158997,10706.02,274399,127212,0,5,10,0.192,25.63,0.8,Balanced
39,23107,1385.3,232601,114284,0,20,7,0.281,167.91,4.946,Balanced
35,106388,3960.9,447467,59665,1,3,4,0.553,112.97,0.561,Balanced
65,115719,8244.27,218858,24688,1,2,3,0.145,26.55,0.213,Conservative
63,138018,5578.63,144597,116003,1,20,3,0.515,25.92,0.84,Conservative
49,47617,1921.65,136459,52385,4,2,7,0.516,71.01,1.1,Conservative
44,94258,6266.57,61175,114738,0,35,1,0.202,9.76,1.217,Conservative
45,70075,2383.89,472910,81301,1,4,4,0.592,198.38,1.16,Conservative
35,146998,5783.39,49848,131215,3,36,6,0.528,8.62,0.893,Balanced
56,42631,2227.55,71262,52839,1,6,9,0.373,31.99,1.239,Balanced
66,143120,9621.99,101632,71337,0,14,1,0.193,10.56,0.498,Conservative
46,213516,7670.85,373979,87172,3,15,1,0.569,48.75,0.408,Conservative
35,117158,6357.95,201096,97821,0,37,2,0.349,31.63,0.835,Balanced
61,158955,9817.89,448600,42980,0,33,7,0.259,45.69,0.27,Balanced
25,170780,11717.32,415379,8116,0,19,7,0.177,35.45,0.048,Aggressive
71,66221,4771.01,84889,47515,2,12,5,0.135,17.79,0.718,Conservative
48,168269,10959.25,280658,13998,3,9,4,0.218,25.61,0.083,Balanced
51,172206,10175.3,14739,30279,4,19,10,0.291,1.45,0.176,Balanced
24,125922,6175.33,429762,107370,4,32,6,0.412,69.59,0.853,Balanced
53,53550,1837.04,18922,65150,2,28,8,0.588,10.3,1.217,Aggressive
35,34642,2137.28,415532,53955,0,28,7,0.26,194.42,1.558,Balanced
55,171511,12806.23,289699,98517,4,31,2,0.104,22.62,0.574,Conservative
26,248851,15661.4,185745,145977,3,36,2,0.245,11.86,0.587,Balanced
26,126093,3774.29,269114,12300,1,13,6,0.641,71.3,0.098,Aggressive
63,175655,9118.59,351641,121254,3,33,1,0.377,38.56,0.69,Conservative
25,113885,6529.93,177106,18202,0,18,5,0.312,27.12,0.16,Aggressive
68,99538,6049.59,464013,66021,3,29,1,0.271,76.7,0.663,Conservative
52,82014,5097.51,22103,105848,0,39,7,0.254,4.34,1.291,Conservative
35,39523,2163.75,257761,84935,3,8,3,0.343,119.13,2.149,Conservative
22,130285,5133.75,454238,110219,2,22,9,0.527,88.48,0.846,Aggressive
31,221615,16034.04,449869,138001,3,1,5,0.132,28.06,0.623,Conservative
45,237043,14482.67,231263,45174,4,31,1,0.267,15.97,0.191,Conservative
47,125879,5037.91,246901,45967,1,20,10,0.52,49.01,0.365,Aggressive
21,110629,4861.01,376094,119904,2,36,4,0.473,77.37,1.084,Aggressive
56,96830,6915.76,22496,4937,3,23,8,0.143,3.25,0.051,Balanced
37,65538,4577.38,302622,98967,0,17,7,0.162,66.11,1.51,Balanced
42,67310,3213.1,99378,78610,2,10,6,0.427,30.93,1.168,Balanced
45,161980,5008.81,257596,129960,4,9,9,0.629,51.43,0.802,Balanced
29,135266,4245.93,469165,23070,1,17,4,0.623,110.5,0.171,Aggressive
19,208362,8788.62,435694,142548,1,3,10,0.494,49.57,0.684,Balanced
60,204706,11873.24,41064,85263,3,33,1,0.304,3.46,0.417,Conservative
31,32699,1829.26,423715,104854,4,1,10,0.329,231.63,3.207,Balanced
39,86912,5059.77,32248,116813,4,20,6,0.301,6.37,1.344,Balanced
48,165327,10257.24,61902,112168,1,2,4,0.255,6.03,0.678,Conservative
40,99183,2979.36,163903,149411,1,16,1,0.64,55.01,1.506,Balanced
65,80282,2728.23,392470,22539,4,9,10,0.592,143.86,0.281,Balanced
37,78249,3571.52,307024,228,1,14,3,0.452,85.96,0.003,Balanced
55,58176,2109.72,451459,54090,0,1,1,0.565,213.99,0.93,Conservative
72,28163,918.64,185414,86980,1,35,5,0.609,201.83,3.088,Balanced
21,74210,4344.57,362404,65202,0,18,8,0.297,83.42,0.879,Aggressive
32,143844,9570.84,100399,23199,1,1,2,0.202,10.49,0.161,Conservative
41,124587,7931.46,458334,101190,2,5,6,0.236,57.79,0.812,Balanced
42,91979,6127.12,352872,12451,2,11,6,0.201,57.59,0.135,Balanced
18,98860,5900.47,8486,79527,2,38,5,0.284,1.44,0.804,Conservative
24,172215,10827.16,385906,12669,0,24,7,0.246,35.64,0.074,Aggressive
74,24920,1037.25,341326,84739,0,39,1,0.501,329.07,3.4,Conservative
48,102911,7685.35,117317,107582,3,32,10,0.104,15.27,1.045,Balanced
29,57996,2178.43,305454,16157,3,16,4,0.549,140.22,0.279,Aggressive
59,162820,6349.6,492851,117993,1,3,6,0.532,77.62,0.725,Conservative
22,114071,4837.63,480604,85519,0,8,4,0.491,99.35,0.75,Balanced
61,232323,17161.56,191616,52739,2,32,6,0.114,11.17,0.227,Balanced
67,67252,5007.8,470225,64156,2,22,2,0.106,93.9,0.954,Conservative
59,142734,9363.25,446349,88283,2,17,9,0.213,47.67,0.619,Balanced
55,214251,12426.23,281145,31626,1,27,4,0.304,22.63,0.148,Aggressive
29,157522,8349.12,414582,135531,0,3,5,0.364,49.66,0.86,Balanced
56,72756,5358.73,149962,70623,1,26,7,0.116,27.98,0.971,Balanced
35,70235,4287.8,240639,14898,4,35,8,0.267,56.12,0.212,Aggressive
19,110546,8010.91,303900,41001,4,13,1,0.13,37.94,0.371,Balanced
27,151092,6598.98,302172,14758,3,17,7,0.476,45.79,0.098,Aggressive
32,145802,6483.04,238786,146193,0,30,10,0.466,36.83,1.003,Aggressive
47,231325,15809.11,28212,48993,2,29,9,0.18,1.78,0.212,Balanced
61,128421,4627.65,6194,34888,0,14,2,0.568,1.34,0.272,Conservative
34,160736,11656.85,129701,13893,3,30,2,0.13,11.13,0.086,Balanced
21,86635,4541.92,186786,86416,2,37,4,0.371,41.12,0.997,Aggressive
24,43225,3096.09,347643,117838,1,38,1,0.14,112.28,2.726,Balanced
58,219245,9778.99,415378,29943,2,9,9,0.465,42.48,0.137,Aggressive
48,126885,7864.52,262654,5306,4,32,5,0.256,33.4,0.042,Balanced
68,105333,5403.42,431364,65461,1,4,3,0.384,79.83,0.621,Conservative
72,191297,11075.17,115598,116521,2,6,6,0.305,10.44,0.609,Conservative
56,30807,1610.71,421231,141781,1,1,7,0.373,261.52,4.602,Conservative
72,234346,17222.74,207954,98017,4,25,4,0.118,12.07,0.418,Balanced
51,26402,1607.57,440974,145986,4,38,2,0.269,274.31,5.529,Conservative
23,24521,997.65,374465,96711,0,3,5,0.512,375.35,3.944,Balanced
67,214237,15180.88,454246,130323,4,21,7,0.15,29.92,0.608,Conservative
55,134693,5743.72,159598,28412,4,14,10,0.488,27.79,0.211,Aggressive
62,28382,1311.21,17482,65326,4,30,10,0.446,13.33,2.302,Balanced
68,130996,4433.87,410923,16151,3,2,3,0.594,92.68,0.123,Conservative
51,35065,2469.11,450744,64690,4,22,2,0.155,182.55,1.845,Conservative
61,105470,4459.29,109393,136081,0,13,2,0.493,24.53,1.29,Conservative
32,34425,1412.59,431701,85782,1,25,4,0.508,305.61,2.492,Balanced
31,33111,2362.32,302498,49280,3,11,4,0.144,128.05,1.488,Balanced
23,191871,12680.11,209414,61818,1,10,5,0.207,16.52,0.322,Balanced
67,73257,2610.35,197420,132417,1,37,3,0.572,75.63,1.808,Conservative
54,143990,9276.9,72707,127439,0,25,1,0.227,7.84,0.885,Conservative
67,212249,15072.65,23584,122057,3,35,4,0.148,1.56,0.575,Conservative
49,147813,4843.11,372878,39900,2,19,1,0.607,76.99,0.27,Balanced
20,101046,6768.97,297904,86562,4,28,8,0.196,44.01,0.857,Aggressive
20,57851,3138.81,305549,29289,1,10,5,0.349,97.35,0.506,Aggressive
39,28816,1724.3,17114,85143,1,15,2,0.282,9.93,2.955,Conservative
39,228925,11848.2,315536,64140,0,32,5,0.379,26.63,0.28,Aggressive
27,22175,1355.99,404580,5097,0,3,5,0.266,298.37,0.23,Balanced
68,31341,963.09,441830,144545,0,24,1,0.631,458.76,4.612,Conservative
20,83908,5380.52,15724,63634,3,10,5,0.231,2.92,0.758,Conservative
29,176726,5424.59,47962,107931,4,30,8,0.632,8.84,0.611,Aggressive
46,211967,10605.68,110450,24831,3,33,10,0.4,10.41,0.117,Aggressive
65,79696,2875.9,372723,76145,0,25,2,0.567,129.6,0.955,Conservative
34,208961,13982.38,543,70282,0,39,8,0.197,0.04,0.336,Balanced
24,238216,10372.59,171872,62754,1,39,8,0.477,16.57,0.263,Aggressive
30,103115,5153.61,418192,52563,3,25,1,0.4,81.15,0.51,Balanced
73,50194,2450.36,28000,16459,3,38,4,0.414,11.43,0.328,Balanced
19,185909,12004.7,225377,31288,4,12,5,0.225,18.77,0.168,Balanced
21,219966,11266.46,56930,123384,3,4,10,0.385,5.05,0.561,Balanced
27,104358,6817.42,125650,75720,4,28,8,0.216,18.43,0.726,Aggressive
56,192648,6267.96,20341,144021,2,20,3,0.61,3.25,0.748,Conservative
41,122548,4650.46,60793,103415,4,10,1,0.545,13.07,0.844,Conservative
34,170799,9299.21,300796,71655,0,31,7,0.347,32.35,0.42,Aggressive
69,54579,3961.06,387842,35162,2,19,4,0.129,97.91,0.644,Conservative
23,116554,3798.85,96967,34184,1,2,10,0.609,25.53,0.293,Aggressive
36,167627,5220.13,399331,62662,1,4,5,0.626,76.5,0.374,Balanced
22,73294,2663.64,487213,73379,1,15,6,0.564,182.91,1.001,Balanced
49,69777,4085.64,491765,26805,0,38,4,0.297,120.36,0.384,Balanced
27,156978,7449.21,350070,8431,1,33,1,0.431,46.99,0.054,Aggressive
26,60751,4070.59,289514,120741,4,18,8,0.196,71.12,1.987,Balanced
44,220671,7163.78,495015,129089,0,32,9,0.61,69.1,0.585,Aggressive
30,128750,4914.26,446506,104618,3,32,3,0.542,90.86,0.813,Balanced
36,94180,4042.01,46376,28836,0,13,10,0.485,11.47,0.306,Aggressive
38,224750,13011.18,122705,102462,0,16,4,0.305,9.43,0.456,Aggressive
41,51644,3128.1,244283,4146,3,33,5,0.273,78.09,0.08,Balanced
55,53521,1865.71,438043,30762,4,34,10,0.582,234.79,0.575,Aggressive
21,31564,2286.0,249544,110402,2,14,9,0.131,109.16,3.498,Aggressive
41,125155,5606.68,305946,70976,3,2,5,0.462,54.57,0.567,Balanced
52,221712,13713.68,483998,48343,0,13,7,0.258,35.29,0.218,Balanced
20,178371,9488.06,234217,77804,1,29,3,0.362,24.69,0.436,Balanced
21,199030,7837.09,423552,120921,3,34,1,0.527,54.04,0.608,Balanced
74,207150,14076.28,10331,138730,3,17,6,0.185,0.73,0.67,Conservative
54,164493,10966.62,296028,25191,2,3,10,0.2,26.99,0.153,Balanced
57,108747,5145.9,361187,37426,0,30,1,0.432,70.19,0.344,Balanced
65,31202,1751.82,235928,9322,1,4,6,0.326,134.68,0.299,Balanced
71,129407,5303.57,301866,22014,1,31,8,0.508,56.92,0.17,Aggressive
52,193257,11747.1,259987,70891,2,5,9,0.271,22.13,0.367,Balanced
48,154757,6705.68,95105,106316,1,2,8,0.48,14.18,0.687,Balanced
73,110197,7477.26,174388,20835,4,4,5,0.186,23.32,0.189,Conservative
61,62637,2451.0,42382,100968,3,38,7,0.53,17.29,1.612,Balanced
42,169438,5056.9,447755,103166,3,27,6,0.642,88.54,0.609,Balanced
57,44276,1836.27,194918,90415,1,27,9,0.502,106.15,2.042,Aggressive
30,100946,3828.2,51556,130579,1,15,4,0.545,13.47,1.294,Balanced
21,199311,10456.48,383497,10086,1,39,8,0.37,36.68,0.051,Aggressive
63,95214,3666.03,410912,66119,3,38,9,0.538,112.09,0.694,Balanced
31,175647,11267.09,5499,31860,1,14,7,0.23,0.49,0.181,Balanced
30,192473,7743.09,417742,123246,4,18,7,0.517,53.95,0.64,Balanced
44,61230,3769.89,264374,49271,4,29,2,0.261,70.13,0.805,Conservative
23,230496,12834.0,58675,52436,3,7,9,0.332,4.57,0.227,Aggressive
34,233335,17353.07,331604,40676,0,38,5,0.108,19.11,0.174,Aggressive
53,144086,10805.8,456550,52406,0,24,10,0.1,42.25,0.364,Aggressive
57,149526,10320.28,301474,63109,0,38,3,0.172,29.21,0.422,Conservative
66,219689,14059.93,226824,130386,4,6,4,0.232,16.13,0.594,Conservative
52,174093,8161.35,97262,110061,2,20,10,0.437,11.92,0.632,Aggressive
34,160521,10223.88,199315,135531,0,36,2,0.236,19.5,0.844,Conservative
58,166729,12173.6,210139,87485,2,10,3,0.124,17.26,0.525,Conservative
19,55059,1664.88,28508,116631,3,22,6,0.637,17.12,2.118,Balanced
74,21532,1158.88,226592,117984,4,33,1,0.354,195.53,5.479,Conservative
30,122666,4803.39,374815,54428,0,23,2,0.53,78.03,0.444,Balanced
69,201877,11049.94,331548,54877,4,4,4,0.343,30.0,0.272,Conservative
19,101551,5132.95,481107,31084,3,21,1,0.393,93.73,0.306,Balanced
69,188828,10490.54,68263,131973,4,13,6,0.333,6.51,0.699,Conservative
45,91880,5000.03,384971,38733,1,13,4,0.347,76.99,0.422,Balanced
60,126734,9273.33,180094,101560,0,12,2,0.122,19.42,0.801,Conservative
43,133997,7299.51,196696,103810,4,24,10,0.346,26.95,0.775,Aggressive
39,225714,15337.79,424038,110482,4,35,4,0.185,27.65,0.489,Balanced
64,185278,8119.83,371400,118241,4,19,8,0.474,45.74,0.638,Balanced
60,72168,3554.01,406533,132765,3,9,6,0.409,114.39,1.84,Conservative
72,133123,6752.97,440190,129612,0,13,1,0.391,65.18,0.974,Conservative
20,226260,9489.73,178702,36779,0,22,5,0.497,18.83,0.163,Aggressive
52,175622,8179.37,144798,117940,1,36,6,0.441,17.7,0.672,Balanced
29,157461,8912.06,110516,1365,1,28,4,0.321,12.4,0.009,Aggressive
41,107897,6016.19,293801,139459,4,7,4,0.331,48.84,1.293,Balanced
22,186919,10904.22,86800,32918,0,30,3,0.3,7.96,0.176,Balanced
37,124599,5643.29,477456,136252,0,31,10,0.457,84.61,1.094,Aggressive
56,99239,4331.02,386172,30342,4,11,10,0.476,89.16,0.306,Aggressive
56,38642,2210.29,688,119211,2,30,6,0.314,0.31,3.085,Conservative
30,126862,4472.67,489649,98634,0,15,9,0.577,109.48,0.777,Aggressive
58,56509,2303.53,272058,52476,4,13,7,0.511,118.1,0.929,Balanced
74,99417,3091.62,235097,123769,4,35,9,0.627,76.04,1.245,Balanced
70,69237,2249.83,238546,44649,2,35,6,0.61,106.03,0.645,Balanced
62,166486,6713.0,138318,119137,1,20,2,0.516,20.6,0.716,Conservative
29,83176,2500.42,408047,43908,4,23,6,0.639,163.19,0.528,Aggressive
30,148633,6006.95,339434,76123,0,37,7,0.515,56.51,0.512,Aggressive
73,99865,5910.65,338397,34812,1,20,2,0.29,57.25,0.349,Conservative
27,137181,4385.32,81619,38413,1,19,1,0.616,18.61,0.28,Balanced
50,82059,4035.97,168952,136082,1,18,6,0.41,41.86,1.658,Balanced
74,69150,4910.86,379220,53142,4,4,8,0.148,77.22,0.769,Conservative
57,108367,7090.87,428034,87565,0,8,6,0.215,60.36,0.808,Conservative
71,61091,2637.05,16300,44974,2,30,8,0.482,6.18,0.736,Balanced
33,224196,16042.03,358392,81726,3,20,6,0.141,22.34,0.365,Balanced
62,20903,925.49,122247,109166,3,8,6,0.469,132.09,5.223,Conservative
52,74235,2411.92,375513,149031,1,5,8,0.61,155.69,2.008,Balanced
20,209637,15665.66,27992,2213,3,34,3,0.103,1.79,0.011,Conservative
73,75342,5201.82,229700,140927,3,7,3,0.171,44.16,1.87,Conservative
22,193795,9790.9,267877,74091,4,22,6,0.394,27.36,0.382,Aggressive
43,55572,3318.14,415735,5544,2,9,4,0.283,125.29,0.1,Balanced
28,37610,2254.02,11947,21137,3,11,7,0.281,5.3,0.562,Balanced
24,54052,2058.32,211144,71124,2,12,7,0.543,102.58,1.316,Balanced
70,118993,4561.66,11498,126361,3,8,9,0.54,2.52,1.062,Conservative
73,107063,5426.93,33301,39426,1,32,2,0.392,6.14,0.368,Balanced
27,188622,13382.18,418587,64588,1,17,2,0.149,31.28,0.342,Balanced
59,205105,6076.18,289720,135899,2,26,6,0.645,47.68,0.663,Balanced
69,180083,11711.07,110775,93069,2,33,9,0.22,9.46,0.517,Balanced
51,185836,5910.2,94188,77184,2,26,7,0.618,15.94,0.415,Balanced
20,117540,6004.55,133001,15738,2,22,6,0.387,22.15,0.134,Aggressive
25,73533,4294.51,251506,79075,0,3,5,0.299,58.56,1.075,Conservative
48,175136,10620.8,10881,10357,1,31,8,0.272,1.02,0.059,Balanced
28,143989,4585.61,264631,43779,3,14,2,0.618,57.71,0.304,Balanced
62,200653,9702.11,488571,59072,0,18,3,0.42,50.36,0.294,Balanced
24,140388,7851.32,88691,107191,2,34,6,0.329,11.3,0.764,Aggressive
62,48702,1567.9,281910,4617,3,17,1,0.614,179.8,0.095,Conservative
19,236773,8371.94,321697,128326,1,12,8,0.576,38.43,0.542,Aggressive
23,143482,8549.22,109773,42342,2,39,9,0.285,12.84,0.295,Aggressive
58,28631,1519.59,77925,10687,4,33,2,0.363,51.28,0.373,Balanced
49,107388,3928.66,115050,137868,2,32,9,0.561,29.28,1.284,Aggressive
37,144798,7775.43,180049,59191,3,21,5,0.356,23.16,0.409,Aggressive
74,90043,6392.91,264191,39801,1,14,8,0.148,41.33,0.442,Balanced
51,217135,6488.23,181186,6747,2,2,1,0.641,27.93,0.031,Conservative
67,180053,10554.84,56359,7936,1,7,1,0.297,5.34,0.044,Conservative
33,55764,1814.69,54957,82678,0,15,4,0.609,30.28,1.483,Balanced
42,201585,5939.15,388828,115129,4,31,1,0.646,65.47,0.571,Balanced
29,149014,5375.18,492533,143768,0,28,1,0.567,91.63,0.965,Balanced
24,133076,6460.82,79586,13097,4,8,5,0.417,12.32,0.098,Aggressive
56,119007,7847.41,267818,137300,0,7,2,0.209,34.13,1.154,Conservative
34,217270,9143.12,233442,60832,1,36,4,0.495,25.53,0.28,Aggressive
62,44940,2599.48,151759,56868,1,10,8,0.306,58.38,1.265,Balanced
28,127418,6117.51,323675,14141,0,39,6,0.424,52.91,0.111,Aggressive
23,91792,3663.13,4438,111133,3,30,2,0.521,1.21,1.211,Conservative
40,179504,9466.38,61333,67409,0,5,3,0.367,6.48,0.376,Balanced
44,28367,1864.2,395187,139030,2,21,2,0.211,211.99,4.901,Conservative
63,131764,8870.69,57655,7489,3,6,4,0.192,6.5,0.057,Conservative
23,176583,12001.55,148293,139418,1,16,5,0.184,12.36,0.79,Balanced
55,28573,1276.75,466303,125871,0,16,9,0.464,365.23,4.405,Balanced
19,35582,2331.81,458021,43235,3,24,7,0.214,196.42,1.215,Balanced
39,156450,6084.58,139016,39428,2,19,8,0.533,22.85,0.252,Aggressive
37,85296,5374.6,93693,129664,4,19,7,0.244,17.43,1.52,Balanced
42,164572,11953.57,495432,110665,1,37,10,0.128,41.45,0.672,Aggressive
32,85841,2557.77,226907,18796,3,33,8,0.642,88.71,0.219,Aggressive
66,41881,2066.83,330572,55776,3,5,5,0.408,159.94,1.332,Conservative
46,90233,5310.77,16229,116429,3,9,3,0.294,3.06,1.29,Conservative
25,202614,12426.6,165316,68696,0,21,7,0.264,13.3,0.339,Aggressive
54,85285,3175.79,185702,134443,1,7,1,0.553,58.47,1.576,Conservative
66,79547,5864.61,371385,59435,1,25,3,0.115,63.33,0.747,Conservative
69,213223,12231.82,95745,42020,0,21,7,0.312,7.83,0.197,Balanced
50,158294,5809.22,430552,36119,0,13,4,0.56,74.12,0.228,Balanced
39,27933,840.99,338075,98764,0,21,7,0.639,402.0,3.536,Balanced
67,103385,6726.88,17755,67653,2,10,10,0.219,2.64,0.654,Conservative
64,240844,7904.45,331589,128718,3,24,10,0.606,41.95,0.534,Aggressive
22,118706,4229.67,248849,32839,2,27,6,0.572,58.83,0.277,Aggressive
56,229509,12740.74,275388,71887,1,33,4,0.334,21.61,0.313,Balanced
35,158012,8979.4,198657,143536,0,26,7,0.318,22.12,0.908,Balanced
55,104590,6343.28,343265,131778,3,36,8,0.272,54.11,1.26,Balanced
71,126399,5966.38,438183,15660,4,17,8,0.434,73.44,0.124,Aggressive
70,79145,5115.7,283489,62323,3,21,7,0.224,55.42,0.787,Conservative
54,194682,14372.35,473988,133870,4,2,2,0.114,32.98,0.688,Conservative
47,77520,3224.2,429105,41113,3,15,8,0.501,133.09,0.53,Aggressive
68,24544,1506.73,265173,86991,0,2,5,0.263,175.99,3.544,Conservative
48,241926,17351.29,43617,68847,4,7,9,0.139,2.51,0.285,Conservative
27,74812,4535.21,318958,51026,4,36,6,0.273,70.33,0.682,Balanced
32,222682,13446.47,113545,129349,1,32,4,0.275,8.44,0.581,Balanced
59,202572,7985.98,158504,48974,3,3,9,0.527,19.85,0.242,Balanced
65,190690,10238.81,402067,143989,2,3,1,0.356,39.27,0.755,Conservative
61,139090,7642.85,128319,17955,2,33,4,0.341,16.79,0.129,Balanced
35,119054,7292.76,109098,95847,1,25,5,0.265,14.96,0.805,Balanced
40,176516,13212.98,77036,84357,1,37,4,0.102,5.83,0.478,Balanced
50,237054,7279.61,174531,61799,1,36,9,0.631,23.98,0.261,Aggressive
33,245151,7883.2,105203,115269,0,35,1,0.614,13.35,0.47,Balanced
71,207658,6798.59,232457,116942,0,19,3,0.607,34.19,0.563,Conservative
55,175861,11117.91,416665,98904,0,19,9,0.241,37.48,0.562,Balanced
52,152689,5407.67,421285,139778,0,33,7,0.575,77.91,0.915,Balanced
51,120834,6971.6,112730,63409,1,18,5,0.308,16.17,0.525,Balanced
45,154405,6801.13,384437,17193,1,27,6,0.471,56.53,0.111,Aggressive
19,60002,3007.73,449824,130413,0,30,4,0.398,149.56,2.173,Aggressive
47,214692,8383.99,19818,128973,0,31,5,0.531,2.36,0.601,Conservative
30,238760,16441.78,19195,100789,4,39,8,0.174,1.17,0.422,Balanced
58,240699,13486.82,81204,83366,3,3,5,0.328,6.02,0.346,Conservative
33,151583,10983.58,299740,147924,4,22,10,0.13,27.29,0.976,Balanced
22,132850,7373.48,236699,17013,3,10,2,0.334,32.1,0.128,Balanced
72,150011,5227.25,217820,137610,0,8,8,0.582,41.67,0.917,Balanced
45,188922,6989.78,380920,98417,0,34,3,0.556,54.5,0.521,Balanced
70,141548,10545.22,216608,50377,0,18,5,0.106,20.54,0.356,Balanced
56,233244,14559.5,381985,129486,4,12,6,0.251,26.24,0.555,Balanced
62,237125,7451.72,266391,47645,1,32,1,0.623,35.75,0.201,Balanced
37,51786,3180.87,327044,78070,3,2,3,0.263,102.82,1.508,Conservative
41,225428,10833.6,89244,83536,4,17,1,0.423,8.24,0.371,Balanced
44,56244,2432.39,256401,36085,0,12,7,0.481,105.41,0.642,Balanced
47,225786,8179.73,362407,89271,1,7,2,0.565,44.31,0.395,Conservative
62,87261,5904.28,4930,89500,4,15,10,0.188,0.83,1.026,Conservative
44,38477,1234.83,84871,121104,3,2,7,0.615,68.73,3.147,Conservative
43,197605,8388.49,106135,53792,0,27,3,0.491,12.65,0.272,Balanced
24,185541,8017.08,29427,5733,3,26,3,0.481,3.67,0.031,Balanced
59,28496,1041.29,128565,128276,0,25,1,0.562,123.47,4.502,Conservative
64,140522,7371.57,323055,120306,0,12,7,0.37,43.82,0.856,Balanced
70,163342,4851.75,119278,86733,2,17,8,0.644,24.58,0.531,Aggressive
55,227080,9755.67,140535,78601,3,1,4,0.484,14.41,0.346,Conservative
22,40724,2930.42,218533,125948,1,31,9,0.137,74.57,3.093,Aggressive
40,50416,2188.02,345675,47318,0,5,4,0.479,157.99,0.939,Balanced
45,55575,2539.1,437987,85094,1,28,10,0.452,172.5,1.531,Aggressive
51,232262,11811.31,340778,84142,4,28,5,0.39,28.85,0.362,Balanced
70,96614,5305.17,403502,106325,0,8,6,0.341,76.06,1.101,Conservative
32,113566,7521.76,208029,65587,0,14,9,0.205,27.66,0.578,Aggressive
49,224180,8494.12,42741,79835,0,6,9,0.545,5.03,0.356,Balanced
43,168480,11645.63,227361,92334,1,18,8,0.171,19.52,0.548,Aggressive
65,147192,9403.76,217077,86984,2,37,10,0.233,23.08,0.591,Balanced
48,39359,2451.6,221093,119383,3,10,2,0.253,90.18,3.033,Conservative
36,159770,5295.61,440948,11300,0,35,10,0.602,83.27,0.071,Aggressive
26,221464,6679.03,11520,119871,3,35,10,0.638,1.72,0.541,Aggressive
46,244135,13767.32,428857,16059,3,17,1,0.323,31.15,0.066,Balanced
71,190564,13096.89,161033,62166,3,27,2,0.175,12.3,0.326,Conservative
68,225853,12637.28,408068,13720,1,24,6,0.329,32.29,0.061,Balanced
56,63634,2477.9,318638,58230,3,10,7,0.533,128.59,0.915,Balanced
21,137255,4572.72,409060,125077,4,17,6,0.6,89.46,0.911,Balanced
20,62864,3849.26,107337,635,1,33,1,0.265,27.89,0.01,Balanced
73,114482,7126.25,447966,76742,1,33,1,0.253,62.86,0.67,Conservative
46,57355,2126.4,79161,64197,4,17,1,0.555,37.23,1.119,Conservative
69,57690,1757.16,365671,128547,2,18,1,0.634,208.1,2.228,Conservative
28,188886,9043.8,150774,44845,2,38,10,0.425,16.67,0.237,Aggressive
50,182717,10209.24,42732,22805,0,7,10,0.33,4.19,0.125,Aggressive
55,235886,14512.91,459961,114288,2,26,1,0.262,31.69,0.485,Conservative
28,223811,14836.24,400708,114862,0,1,2,0.205,27.01,0.513,Conservative
44,76630,4379.38,361686,25632,3,11,2,0.314,82.59,0.334,Balanced
50,199243,6823.81,26854,124628,0,10,4,0.589,3.94,0.626,Balanced
38,41658,2518.3,341413,125642,2,31,3,0.275,135.57,3.016,Conservative
56,35797,2658.81,136162,142732,0,25,4,0.109,51.21,3.987,Balanced
48,78799,5568.93,225814,26877,1,1,5,0.152,40.55,0.341,Conservative
55,138301,9559.11,145290,110914,2,3,4,0.171,15.2,0.802,Conservative
63,249414,10728.83,481723,48360,0,1,3,0.484,44.9,0.194,Conservative
19,247566,15739.7,233594,24091,2,7,3,0.237,14.84,0.097,Balanced
44,72236,4924.73,144677,39767,4,14,4,0.182,29.38,0.551,Balanced
53,26265,1582.64,136653,130967,2,23,6,0.277,86.34,4.986,Balanced
28,145611,5919.2,245930,43518,4,17,7,0.512,41.55,0.299,Aggressive
64,223206,16268.16,239805,119932,0,14,4,0.125,14.74,0.537,Balanced
35,233750,11647.58,117766,89168,4,9,8,0.402,10.11,0.381,Aggressive
18,204566,7183.56,378890,65865,2,21,6,0.579,52.74,0.322,Aggressive
52,141754,4847.73,354898,12370,1,2,5,0.59,73.21,0.087,Balanced
52,203340,11965.47,191539,144919,4,32,8,0.294,16.01,0.713,Balanced
48,178070,8766.09,414100,121271,2,8,6,0.409,47.24,0.681,Balanced
45,111426,3732.46,70581,67216,1,36,1,0.598,18.91,0.603,Conservative
56,245486,15490.18,5839,112658,3,26,1,0.243,0.38,0.459,Conservative
18,212411,13977.15,409069,47112,4,37,10,0.21,29.27,0.222,Aggressive
42,165378,10322.05,322131,123941,4,15,10,0.251,31.21,0.749,Balanced
60,215078,8266.94,420092,72402,0,34,6,0.539,50.82,0.337,Balanced
55,198417,12060.06,225136,25479,3,21,8,0.271,18.67,0.128,Aggressive
37,162957,4833.0,85136,120752,0,23,9,0.644,17.62,0.741,Aggressive
20,129681,5595.86,4802,108460,0,9,4,0.482,0.86,0.836,Conservative
68,63826,3028.29,395525,4188,2,26,7,0.431,130.61,0.066,Balanced
19,75597,5098.93,259397,35617,0,22,9,0.191,50.87,0.471,Aggressive
35,158515,7459.68,94953,134438,4,13,8,0.435,12.73,0.848,Aggressive
61,117375,3484.06,399546,52063,0,25,8,0.644,114.68,0.444,Aggressive
27,37084,1680.49,149953,78597,1,7,1,0.456,89.23,2.119,Balanced
22,109447,5694.97,246032,15952,4,27,10,0.376,43.2,0.146,Aggressive
26,24383,1771.74,131557,4283,2,15,6,0.128,74.25,0.176,Aggressive
19,112313,8119.94,311281,20645,0,12,9,0.132,38.34,0.184,Aggressive
51,54361,2036.19,249191,11740,1,33,8,0.551,122.38,0.216,Aggressive
55,100294,3776.32,461382,98548,1,21,2,0.548,122.18,0.983,Conservative
48,81331,2981.19,398128,5128,4,25,5,0.56,133.55,0.063,Balanced
27,115057,7516.17,76920,55983,0,22,4,0.216,10.23,0.487,Aggressive
67,171601,5052.39,323164,50930,1,14,8,0.647,63.96,0.297,Aggressive
29,209646,7336.69,187237,92647,0,8,9,0.58,25.52,0.442,Aggressive
53,239699,12901.36,232672,8628,4,24,3,0.354,18.03,0.036,Balanced
71,141685,5740.12,90168,96831,3,3,9,0.514,15.71,0.683,Conservative
38,116917,3904.99,47275,41753,1,12,1,0.599,12.11,0.357,Balanced
66,50932,2325.61,179305,94380,2,22,7,0.452,77.1,1.853,Balanced
64,21908,914.32,416423,138740,0,16,8,0.499,455.45,6.333,Balanced
23,181430,9541.82,424194,79948,4,7,6,0.369,44.46,0.441,Balanced
65,50412,3732.92,269389,122081,4,18,4,0.111,72.17,2.422,Conservative
66,148319,5170.99,169542,149087,2,23,4,0.582,32.79,1.005,Balanced
20,103710,4796.58,100359,21420,3,26,7,0.445,20.92,0.207,Aggressive
27,232104,16684.25,143454,77899,0,38,10,0.137,8.6,0.336,Aggressive
22,22928,1590.21,128316,6874,3,2,6,0.168,80.69,0.3,Balanced
63,85158,4022.64,77800,64959,4,2,4,0.433,19.34,0.763,Conservative
43,181704,11120.65,221673,96617,1,22,5,0.266,19.93,0.532,Balanced
38,52309,1736.32,70479,142734,3,38,10,0.602,40.59,2.729,Aggressive
62,29280,1810.23,276227,145197,1,28,4,0.258,152.59,4.959,Conservative
43,60449,4458.48,172862,52343,2,17,1,0.115,38.77,0.866,Conservative
55,238243,12817.84,316501,19503,4,18,4,0.354,24.69,0.082,Balanced
61,46957,2442.43,338316,15271,1,2,6,0.376,138.52,0.325,Conservative
43,187967,7096.15,87259,131448,0,35,2,0.547,12.3,0.699,Balanced
25,90499,5268.43,20842,95616,4,15,7,0.301,3.96,1.057,Balanced
22,113057,6357.01,316460,108819,2,15,9,0.325,49.78,0.963,Aggressive
32,249223,14715.85,75912,125695,0,34,10,0.291,5.16,0.504,Aggressive
33,130065,3949.05,58814,18325,4,15,2,0.636,14.89,0.141,Balanced
18,172767,9384.1,394462,131276,3,18,7,0.348,42.04,0.76,Balanced
33,94893,5355.24,363132,138126,4,13,2,0.323,67.81,1.456,Conservative
54,214195,8284.73,418046,55100,0,38,9,0.536,50.46,0.257,Aggressive
20,45176,1749.0,211160,18809,1,8,1,0.535,120.73,0.416,Balanced
69,169481,7088.83,436060,148126,1,16,4,0.498,61.51,0.874,Balanced
64,76967,4755.58,98612,64115,4,20,2,0.259,20.74,0.833,Conservative
48,20987,1195.29,160178,52569,4,26,1,0.317,134.01,2.505,Conservative
30,205534,13962.09,97037,134137,2,35,2,0.185,6.95,0.653,Conservative
73,218573,9336.93,186045,34495,3,17,10,0.487,19.93,0.158,Aggressive
33,116854,8293.1,9710,5976,2,26,6,0.148,1.17,0.051,Balanced
72,46015,2910.6,81115,96690,2,18,5,0.241,27.87,2.101,Conservative
60,245799,11619.26,27654,20410,1,7,1,0.433,2.38,0.083,Conservative
38,132350,4438.07,29187,122550,1,35,3,0.598,6.58,0.926,Balanced
19,86404,3537.82,335328,125812,0,12,10,0.509,94.78,1.456,Aggressive
71,136751,9985.36,472107,81273,2,1,6,0.124,47.28,0.594,Conservative
44,148807,6456.98,487768,38832,0,25,5,0.479,75.54,0.261,Aggressive
55,201353,8917.35,15973,36582,4,16,6,0.469,1.79,0.182,Conservative
43,188218,7125.21,313820,60430,0,15,8,0.546,44.04,0.321,Aggressive
55,68231,4513.3,196151,126144,1,11,6,0.206,43.46,1.849,Conservative
63,180104,7528.41,292929,13544,2,37,5,0.498,38.91,0.075,Balanced
42,48305,2140.08,88593,119229,1,39,4,0.468,41.4,2.468,Balanced
28,74306,3578.4,174074,49843,4,3,5,0.422,48.65,0.671,Balanced
25,239248,11734.13,276863,77827,3,39,9,0.411,23.59,0.325,Aggressive
25,141139,6777.46,445579,99137,2,20,10,0.424,65.74,0.702,Aggressive
50,38318,2002.3,175578,113903,1,23,6,0.373,87.69,2.973,Balanced
70,164318,10926.9,318814,71330,3,15,5,0.202,29.18,0.434,Conservative
24,184916,12337.08,113161,9353,4,18,8,0.199,9.17,0.051,Aggressive
55,183674,12077.67,452514,46403,3,39,5,0.211,37.47,0.253,Balanced
38,41584,1405.6,433681,22244,1,35,5,0.594,308.54,0.535,Aggressive
25,35169,2314.77,297114,83946,1,29,8,0.21,128.36,2.387,Aggressive
68,45968,1594.09,64647,75365,4,20,9,0.584,40.55,1.64,Balanced
71,157457,5492.6,104333,125120,4,15,8,0.581,19.0,0.795,Balanced
38,224830,16324.99,40484,13046,3,32,9,0.129,2.48,0.058,Balanced
73,142684,9520.22,45880,47275,3,12,9,0.199,4.82,0.331,Balanced
37,135391,7376.84,499675,141483,1,12,8,0.346,67.74,1.045,Aggressive
25,45444,3147.88,366365,44604,4,25,7,0.169,116.38,0.982,Balanced
63,126081,9394.62,246009,33960,0,34,7,0.106,26.19,0.269,Balanced
48,82497,4715.07,334504,116816,4,8,1,0.314,70.94,1.416,Conservative
67,25362,1452.17,479509,97014,2,24,7,0.313,330.2,3.825,Balanced
74,119254,7601.8,74349,136459,2,1,10,0.235,9.78,1.144,Conservative
46,159322,6342.03,47727,52603,4,25,6,0.522,7.53,0.33,Balanced
65,88354,3253.77,92088,61185,3,34,1,0.558,28.3,0.692,Conservative
26,56368,3606.47,377597,112712,2,14,10,0.232,104.7,2.0,Aggressive
32,64109,2883.29,418319,33099,1,36,10,0.46,145.08,0.516,Aggressive
47,231661,8190.93,349942,107707,1,6,8,0.576,42.72,0.465,Aggressive
43,208717,9099.76,19008,50200,1,9,9,0.477,2.09,0.241,Balanced
27,208069,9488.82,213923,143352,4,1,2,0.453,22.54,0.689,Conservative
46,47426,3481.37,136546,133347,2,9,4,0.119,39.22,2.812,Conservative
71,137632,8417.09,151733,38005,3,24,7,0.266,18.03,0.276,Balanced
33,132637,7095.76,122225,111723,1,39,1,0.358,17.23,0.842,Balanced
53,59023,4342.52,30230,6385,3,18,8,0.117,6.96,0.108,Balanced
37,142268,10038.51,78759,98806,1,39,9,0.153,7.85,0.695,Aggressive
62,210339,11070.85,343653,3569,4,18,8,0.368,31.04,0.017,Aggressive
71,175964,12436.6,132657,107575,1,28,2,0.152,10.67,0.611,Conservative
54,210304,10030.93,88615,105620,4,2,8,0.428,8.83,0.502,Balanced
39,129211,5133.24,219751,25910,2,37,8,0.523,42.81,0.201,Aggressive
24,114897,4576.47,223778,53170,2,36,2,0.522,48.9,0.463,Balanced
40,210297,12517.47,412585,130709,3,24,9,0.286,32.96,0.622,Balanced
58,167079,8710.23,147343,127899,1,35,1,0.374,16.92,0.766,Conservative
57,99777,5923.62,303704,69752,2,6,7,0.288,51.27,0.699,Conservative
46,64858,3931.16,382730,31600,0,17,2,0.273,97.36,0.487,Conservative
33,196145,5921.58,469598,16315,0,30,8,0.638,79.3,0.083,Aggressive
